nic_classification,year,state,sector,indicator,nic_code,nic_description,nic_type,value,unit
2008,2023-24,All India,Combined,Total Output,303,Manufacture of Air and Spacecraft and Related Machinery,3-digit,1477225,₹ lakhs
2008,2023-24,All India,Combined,Total Output,273,Manufacture of Wiring and Wiring Devices,3-digit,17851118,₹ lakhs
2008,2023-24,All India,Combined,Total Output,3030,Manufacture of Air and Spacecraft and Related Machinery,4-digit,1477225,₹ lakhs
2008,2023-24,All India,Combined,Total Output,2420,Manufacture of Basic Precious and Other Non-ferrous Metals,4-digit,44643886,₹ lakhs
2008,2023-24,All India,Combined,Total Output,2432,Casting of Non-ferrous Metals,4-digit,3204318,₹ lakhs
2008,2023-24,All India,Combined,Total Output,242,Manufacture of Basic Precious and Other Non-ferrous Metals,3-digit,44643886,₹ lakhs
2008,2023-24,All India,Combined,Total Output,251,"Manufacture of Structural Metal Products, Tanks, Reservoirs and Steam Generators",3-digit,14420741,₹ lakhs
2008,2023-24,All India,Combined,Total Output,259,Manufacture of Other Fabricated Metal Products; Metalworking Service Activities,3-digit,23338798,₹ lakhs
2008,2023-24,All India,Combined,Total Output,271,"Manufacture of Electric Motors, Generators, Transformers and Electricity Distribution and Control Apparatus",3-digit,22761460,₹ lakhs
2008,2023-24,All India,Combined,Total Output,243,Casting of Metals,3-digit,24441264,₹ lakhs
2008,2023-24,All India,Combined,Total Output,2733,Manufacture of Wiring Devices,4-digit,1965212,₹ lakhs
2008,2023-24,All India,Combined,Total Output,2732,Manufacture of Other Electronic and Electric Wires and Cables,4-digit,14109584,₹ lakhs
2008,2023-24,All India,Combined,Total Output,2710,"Manufacture of Electric Motors, Generators, Transformers and Electricity Distribution and Control Apparatus",4-digit,22761460,₹ lakhs
2008,2023-24,All India,Combined,Total Output,2599,Manufacture of Other Fabricated Metal Products N.e.c.,4-digit,14025621,₹ lakhs
2008,2023-24,All India,Combined,Total Output,2511,Manufacture of Structural Metal Products,4-digit,9850907,₹ lakhs
2008,2023-24,All India,Combined,Total Output,30,Manufacture of Other Transport Equipment,2-digit,33102351,₹ lakhs
2008,2023-24,All India,Combined,Total Output,27,Manufacture of Electrical Equipment,2-digit,65676879,₹ lakhs
2008,2023-24,All India,Combined,Total Output,25,"Manufacture of Fabricated Metal Products, Except Machinery and Equipment",2-digit,38348301,₹ lakhs
2008,2023-24,All India,Combined,Total Output,24,Manufacture of Basic Metals,2-digit,222144598,₹ lakhs
2008,2023-24,All India,Combined,Total Inputs,242,Manufacture of Basic Precious and Other Non-ferrous Metals,3-digit,39663794,₹ lakhs
2008,2023-24,All India,Combined,Total Inputs,2732,Manufacture of Other Electronic and Electric Wires and Cables,4-digit,12599708,₹ lakhs
2008,2023-24,All India,Combined,Total Inputs,27,Manufacture of Electrical Equipment,2-digit,53994327,₹ lakhs
2008,2023-24,All India,Combined,Total Inputs,30,Manufacture of Other Transport Equipment,2-digit,25770530,₹ lakhs
2008,2023-24,All India,Combined,Total Inputs,303,Manufacture of Air and Spacecraft and Related Machinery,3-digit,1064645,₹ lakhs
2008,2023-24,All India,Combined,Total Inputs,2420,Manufacture of Basic Precious and Other Non-ferrous Metals,4-digit,39663794,₹ lakhs
2008,2023-24,All India,Combined,Total Inputs,25,"Manufacture of Fabricated Metal Products, Except Machinery and Equipment",2-digit,31316269,₹ lakhs
2008,2023-24,All India,Combined,Total Inputs,251,"Manufacture of Structural Metal Products, Tanks, Reservoirs and Steam Generators",3-digit,12257106,₹ lakhs
2008,2023-24,All India,Combined,Total Inputs,2599,Manufacture of Other Fabricated Metal Products N.e.c.,4-digit,11160390,₹ lakhs
2008,2023-24,All India,Combined,Total Inputs,2511,Manufacture of Structural Metal Products,4-digit,8459335,₹ lakhs
2008,2023-24,All India,Combined,Total Inputs,2432,Casting of Non-ferrous Metals,4-digit,2832431,₹ lakhs
2008,2023-24,All India,Combined,Total Inputs,259,Manufacture of Other Fabricated Metal Products; Metalworking Service Activities,3-digit,18673494,₹ lakhs
2008,2023-24,All India,Combined,Total Inputs,271,"Manufacture of Electric Motors, Generators, Transformers and Electricity Distribution and Control Apparatus",3-digit,17616015,₹ lakhs
2008,2023-24,All India,Combined,Total Inputs,273,Manufacture of Wiring and Wiring Devices,3-digit,15459458,₹ lakhs
2008,2023-24,All India,Combined,Total Inputs,243,Casting of Metals,3-digit,20786629,₹ lakhs
2008,2023-24,All India,Combined,Total Inputs,24,Manufacture of Basic Metals,2-digit,193720925,₹ lakhs
2008,2023-24,All India,Combined,Total Inputs,2733,Manufacture of Wiring Devices,4-digit,1396232,₹ lakhs
2008,2023-24,All India,Combined,Total Inputs,2710,"Manufacture of Electric Motors, Generators, Transformers and Electricity Distribution and Control Apparatus",4-digit,17616015,₹ lakhs
2008,2023-24,All India,Combined,Total Inputs,3030,Manufacture of Air and Spacecraft and Related Machinery,4-digit,1064645,₹ lakhs
2008,2023-24,All India,Combined,Gross Value Added,251,"Manufacture of Structural Metal Products, Tanks, Reservoirs and Steam Generators",3-digit,2163635,₹ lakhs
2008,2023-24,All India,Combined,Gross Value Added,2599,Manufacture of Other Fabricated Metal Products N.e.c.,4-digit,2865231,₹ lakhs
2008,2023-24,All India,Combined,Gross Value Added,2710,"Manufacture of Electric Motors, Generators, Transformers and Electricity Distribution and Control Apparatus",4-digit,5145445,₹ lakhs
2008,2023-24,All India,Combined,Gross Value Added,2732,Manufacture of Other Electronic and Electric Wires and Cables,4-digit,1509876,₹ lakhs
2008,2023-24,All India,Combined,Gross Value Added,2733,Manufacture of Wiring Devices,4-digit,568980,₹ lakhs
2008,2023-24,All India,Combined,Gross Value Added,3030,Manufacture of Air and Spacecraft and Related Machinery,4-digit,412580,₹ lakhs
2008,2023-24,All India,Combined,Gross Value Added,30,Manufacture of Other Transport Equipment,2-digit,7331821,₹ lakhs
2008,2023-24,All India,Combined,Gross Value Added,27,Manufacture of Electrical Equipment,2-digit,11682552,₹ lakhs
2008,2023-24,All India,Combined,Gross Value Added,24,Manufacture of Basic Metals,2-digit,28423673,₹ lakhs
2008,2023-24,All India,Combined,Gross Value Added,243,Casting of Metals,3-digit,3654635,₹ lakhs
2008,2023-24,All India,Combined,Gross Value Added,2511,Manufacture of Structural Metal Products,4-digit,1391572,₹ lakhs
2008,2023-24,All India,Combined,Gross Value Added,2432,Casting of Non-ferrous Metals,4-digit,371887,₹ lakhs
2008,2023-24,All India,Combined,Gross Value Added,2420,Manufacture of Basic Precious and Other Non-ferrous Metals,4-digit,4980092,₹ lakhs
2008,2023-24,All India,Combined,Gross Value Added,303,Manufacture of Air and Spacecraft and Related Machinery,3-digit,412580,₹ lakhs
2008,2023-24,All India,Combined,Gross Value Added,242,Manufacture of Basic Precious and Other Non-ferrous Metals,3-digit,4980092,₹ lakhs
2008,2023-24,All India,Combined,Gross Value Added,273,Manufacture of Wiring and Wiring Devices,3-digit,2391660,₹ lakhs
2008,2023-24,All India,Combined,Gross Value Added,271,"Manufacture of Electric Motors, Generators, Transformers and Electricity Distribution and Control Apparatus",3-digit,5145445,₹ lakhs
2008,2023-24,All India,Combined,Gross Value Added,259,Manufacture of Other Fabricated Metal Products; Metalworking Service Activities,3-digit,4665304,₹ lakhs
2008,2023-24,All India,Combined,Gross Value Added,25,"Manufacture of Fabricated Metal Products, Except Machinery and Equipment",2-digit,7032032,₹ lakhs
2008,2023-24,All India,Combined,Net Value Added,243,Casting of Metals,3-digit,3200677,₹ lakhs
2008,2023-24,All India,Combined,Net Value Added,273,Manufacture of Wiring and Wiring Devices,3-digit,2193172,₹ lakhs
2008,2023-24,All India,Combined,Net Value Added,271,"Manufacture of Electric Motors, Generators, Transformers and Electricity Distribution and Control Apparatus",3-digit,4858668,₹ lakhs
2008,2023-24,All India,Combined,Net Value Added,259,Manufacture of Other Fabricated Metal Products; Metalworking Service Activities,3-digit,4100461,₹ lakhs
2008,2023-24,All India,Combined,Net Value Added,251,"Manufacture of Structural Metal Products, Tanks, Reservoirs and Steam Generators",3-digit,1945059,₹ lakhs
2008,2023-24,All India,Combined,Net Value Added,242,Manufacture of Basic Precious and Other Non-ferrous Metals,3-digit,4191827,₹ lakhs
2008,2023-24,All India,Combined,Net Value Added,303,Manufacture of Air and Spacecraft and Related Machinery,3-digit,348496,₹ lakhs
2008,2023-24,All India,Combined,Net Value Added,2710,"Manufacture of Electric Motors, Generators, Transformers and Electricity Distribution and Control Apparatus",4-digit,4858668,₹ lakhs
2008,2023-24,All India,Combined,Net Value Added,2732,Manufacture of Other Electronic and Electric Wires and Cables,4-digit,1396047,₹ lakhs
2008,2023-24,All India,Combined,Net Value Added,2733,Manufacture of Wiring Devices,4-digit,527511,₹ lakhs
2008,2023-24,All India,Combined,Net Value Added,3030,Manufacture of Air and Spacecraft and Related Machinery,4-digit,348496,₹ lakhs
2008,2023-24,All India,Combined,Net Value Added,2511,Manufacture of Structural Metal Products,4-digit,1247053,₹ lakhs
2008,2023-24,All India,Combined,Net Value Added,2432,Casting of Non-ferrous Metals,4-digit,310406,₹ lakhs
2008,2023-24,All India,Combined,Net Value Added,2420,Manufacture of Basic Precious and Other Non-ferrous Metals,4-digit,4191827,₹ lakhs
2008,2023-24,All India,Combined,Net Value Added,24,Manufacture of Basic Metals,2-digit,23415506,₹ lakhs
2008,2023-24,All India,Combined,Net Value Added,25,"Manufacture of Fabricated Metal Products, Except Machinery and Equipment",2-digit,6235142,₹ lakhs
2008,2023-24,All India,Combined,Net Value Added,27,Manufacture of Electrical Equipment,2-digit,10576093,₹ lakhs
2008,2023-24,All India,Combined,Net Value Added,30,Manufacture of Other Transport Equipment,2-digit,6670126,₹ lakhs
2008,2023-24,All India,Combined,Net Value Added,2599,Manufacture of Other Fabricated Metal Products N.e.c.,4-digit,2559640,₹ lakhs
2008,2023-24,All India,Combined,Net Income,242,Manufacture of Basic Precious and Other Non-ferrous Metals,3-digit,3316870,₹ lakhs
2008,2023-24,All India,Combined,Net Income,243,Casting of Metals,3-digit,2865682,₹ lakhs
2008,2023-24,All India,Combined,Net Income,251,"Manufacture of Structural Metal Products, Tanks, Reservoirs and Steam Generators",3-digit,1704005,₹ lakhs
2008,2023-24,All India,Combined,Net Income,259,Manufacture of Other Fabricated Metal Products; Metalworking Service Activities,3-digit,3709405,₹ lakhs
2008,2023-24,All India,Combined,Net Income,271,"Manufacture of Electric Motors, Generators, Transformers and Electricity Distribution and Control Apparatus",3-digit,4619316,₹ lakhs
2008,2023-24,All India,Combined,Net Income,273,Manufacture of Wiring and Wiring Devices,3-digit,1991593,₹ lakhs
2008,2023-24,All India,Combined,Net Income,2710,"Manufacture of Electric Motors, Generators, Transformers and Electricity Distribution and Control Apparatus",4-digit,4619316,₹ lakhs
2008,2023-24,All India,Combined,Net Income,2732,Manufacture of Other Electronic and Electric Wires and Cables,4-digit,1243738,₹ lakhs
2008,2023-24,All India,Combined,Net Income,2733,Manufacture of Wiring Devices,4-digit,507278,₹ lakhs
2008,2023-24,All India,Combined,Net Income,3030,Manufacture of Air and Spacecraft and Related Machinery,4-digit,301077,₹ lakhs
2008,2023-24,All India,Combined,Net Income,2599,Manufacture of Other Fabricated Metal Products N.e.c.,4-digit,2313540,₹ lakhs
2008,2023-24,All India,Combined,Net Income,30,Manufacture of Other Transport Equipment,2-digit,6424077,₹ lakhs
2008,2023-24,All India,Combined,Net Income,27,Manufacture of Electrical Equipment,2-digit,9778373,₹ lakhs
2008,2023-24,All India,Combined,Net Income,25,"Manufacture of Fabricated Metal Products, Except Machinery and Equipment",2-digit,5583189,₹ lakhs
2008,2023-24,All India,Combined,Net Income,24,Manufacture of Basic Metals,2-digit,19941160,₹ lakhs
2008,2023-24,All India,Combined,Net Income,303,Manufacture of Air and Spacecraft and Related Machinery,3-digit,301077,₹ lakhs
2008,2023-24,All India,Combined,Net Income,2511,Manufacture of Structural Metal Products,4-digit,1079005,₹ lakhs
2008,2023-24,All India,Combined,Net Income,2420,Manufacture of Basic Precious and Other Non-ferrous Metals,4-digit,3316870,₹ lakhs
2008,2023-24,All India,Combined,Net Income,2432,Casting of Non-ferrous Metals,4-digit,260125,₹ lakhs
2008,2023-24,All India,Combined,Net Profit,259,Manufacture of Other Fabricated Metal Products; Metalworking Service Activities,3-digit,1624824,₹ lakhs
2008,2023-24,All India,Combined,Net Profit,2420,Manufacture of Basic Precious and Other Non-ferrous Metals,4-digit,2267533,₹ lakhs
2008,2023-24,All India,Combined,Net Profit,2432,Casting of Non-ferrous Metals,4-digit,90376,₹ lakhs
2008,2023-24,All India,Combined,Net Profit,2511,Manufacture of Structural Metal Products,4-digit,446936,₹ lakhs
2008,2023-24,All India,Combined,Net Profit,2599,Manufacture of Other Fabricated Metal Products N.e.c.,4-digit,1048467,₹ lakhs
2008,2023-24,All India,Combined,Net Profit,2710,"Manufacture of Electric Motors, Generators, Transformers and Electricity Distribution and Control Apparatus",4-digit,2949448,₹ lakhs
2008,2023-24,All India,Combined,Net Profit,3030,Manufacture of Air and Spacecraft and Related Machinery,4-digit,1551,₹ lakhs
2008,2023-24,All India,Combined,Net Profit,2733,Manufacture of Wiring Devices,4-digit,306862,₹ lakhs
2008,2023-24,All India,Combined,Net Profit,2732,Manufacture of Other Electronic and Electric Wires and Cables,4-digit,813847,₹ lakhs
2008,2023-24,All India,Combined,Net Profit,242,Manufacture of Basic Precious and Other Non-ferrous Metals,3-digit,2267533,₹ lakhs
2008,2023-24,All India,Combined,Net Profit,243,Casting of Metals,3-digit,1641862,₹ lakhs
2008,2023-24,All India,Combined,Net Profit,251,"Manufacture of Structural Metal Products, Tanks, Reservoirs and Steam Generators",3-digit,601835,₹ lakhs
2008,2023-24,All India,Combined,Net Profit,271,"Manufacture of Electric Motors, Generators, Transformers and Electricity Distribution and Control Apparatus",3-digit,2949448,₹ lakhs
2008,2023-24,All India,Combined,Net Profit,273,Manufacture of Wiring and Wiring Devices,3-digit,1259851,₹ lakhs
2008,2023-24,All India,Combined,Net Profit,303,Manufacture of Air and Spacecraft and Related Machinery,3-digit,1551,₹ lakhs
2008,2023-24,All India,Combined,Net Profit,30,Manufacture of Other Transport Equipment,2-digit,4312374,₹ lakhs
2008,2023-24,All India,Combined,Net Profit,27,Manufacture of Electrical Equipment,2-digit,5718763,₹ lakhs
2008,2023-24,All India,Combined,Net Profit,25,"Manufacture of Fabricated Metal Products, Except Machinery and Equipment",2-digit,2338453,₹ lakhs
2008,2023-24,All India,Combined,Net Profit,24,Manufacture of Basic Metals,2-digit,12551961,₹ lakhs
2008,2023-24,All India,Combined,Total Number of Persons Engaged,2733,Manufacture of Wiring Devices,4-digit,56944,-
2008,2023-24,All India,Combined,Total Number of Persons Engaged,271,"Manufacture of Electric Motors, Generators, Transformers and Electricity Distribution and Control Apparatus",3-digit,299335,-
2008,2023-24,All India,Combined,Total Number of Persons Engaged,259,Manufacture of Other Fabricated Metal Products; Metalworking Service Activities,3-digit,558344,-
2008,2023-24,All India,Combined,Total Number of Persons Engaged,251,"Manufacture of Structural Metal Products, Tanks, Reservoirs and Steam Generators",3-digit,265147,-
2008,2023-24,All India,Combined,Total Number of Persons Engaged,243,Casting of Metals,3-digit,354476,-
2008,2023-24,All India,Combined,Total Number of Persons Engaged,25,"Manufacture of Fabricated Metal Products, Except Machinery and Equipment",2-digit,831695,-
2008,2023-24,All India,Combined,Total Number of Persons Engaged,3030,Manufacture of Air and Spacecraft and Related Machinery,4-digit,36138,-
2008,2023-24,All India,Combined,Total Number of Persons Engaged,303,Manufacture of Air and Spacecraft and Related Machinery,3-digit,36138,-
2008,2023-24,All India,Combined,Total Number of Persons Engaged,2432,Casting of Non-ferrous Metals,4-digit,48333,-
2008,2023-24,All India,Combined,Total Number of Persons Engaged,24,Manufacture of Basic Metals,2-digit,1522861,-
2008,2023-24,All India,Combined,Total Number of Persons Engaged,273,Manufacture of Wiring and Wiring Devices,3-digit,188160,-
2008,2023-24,All India,Combined,Total Number of Persons Engaged,2511,Manufacture of Structural Metal Products,4-digit,171248,-
2008,2023-24,All India,Combined,Total Number of Persons Engaged,2599,Manufacture of Other Fabricated Metal Products N.e.c.,4-digit,339876,-
2008,2023-24,All India,Combined,Total Number of Persons Engaged,2710,"Manufacture of Electric Motors, Generators, Transformers and Electricity Distribution and Control Apparatus",4-digit,299335,-
2008,2023-24,All India,Combined,Total Number of Persons Engaged,2732,Manufacture of Other Electronic and Electric Wires and Cables,4-digit,111345,-
2008,2023-24,All India,Combined,Total Number of Persons Engaged,242,Manufacture of Basic Precious and Other Non-ferrous Metals,3-digit,197170,-
2008,2023-24,All India,Combined,Total Number of Persons Engaged,30,Manufacture of Other Transport Equipment,2-digit,413999,-
2008,2023-24,All India,Combined,Total Number of Persons Engaged,27,Manufacture of Electrical Equipment,2-digit,852747,-
2008,2023-24,All India,Combined,Total Number of Persons Engaged,2420,Manufacture of Basic Precious and Other Non-ferrous Metals,4-digit,197170,-
2008,2023-24,All India,Combined,Total Number of Workers,3030,Manufacture of Air and Spacecraft and Related Machinery,4-digit,23092,-
2008,2023-24,All India,Combined,Total Number of Workers,303,Manufacture of Air and Spacecraft and Related Machinery,3-digit,23092,-
2008,2023-24,All India,Combined,Total Number of Workers,2432,Casting of Non-ferrous Metals,4-digit,38253,-
2008,2023-24,All India,Combined,Total Number of Workers,2733,Manufacture of Wiring Devices,4-digit,48445,-
2008,2023-24,All India,Combined,Total Number of Workers,2732,Manufacture of Other Electronic and Electric Wires and Cables,4-digit,90951,-
2008,2023-24,All India,Combined,Total Number of Workers,2420,Manufacture of Basic Precious and Other Non-ferrous Metals,4-digit,157382,-
2008,2023-24,All India,Combined,Total Number of Workers,2710,"Manufacture of Electric Motors, Generators, Transformers and Electricity Distribution and Control Apparatus",4-digit,223298,-
2008,2023-24,All India,Combined,Total Number of Workers,2599,Manufacture of Other Fabricated Metal Products N.e.c.,4-digit,269632,-
2008,2023-24,All India,Combined,Total Number of Workers,2511,Manufacture of Structural Metal Products,4-digit,133488,-
2008,2023-24,All India,Combined,Total Number of Workers,27,Manufacture of Electrical Equipment,2-digit,672359,-
2008,2023-24,All India,Combined,Total Number of Workers,30,Manufacture of Other Transport Equipment,2-digit,332947,-
2008,2023-24,All India,Combined,Total Number of Workers,242,Manufacture of Basic Precious and Other Non-ferrous Metals,3-digit,157382,-
2008,2023-24,All India,Combined,Total Number of Workers,243,Casting of Metals,3-digit,286577,-
2008,2023-24,All India,Combined,Total Number of Workers,251,"Manufacture of Structural Metal Products, Tanks, Reservoirs and Steam Generators",3-digit,208028,-
2008,2023-24,All India,Combined,Total Number of Workers,259,Manufacture of Other Fabricated Metal Products; Metalworking Service Activities,3-digit,445590,-
2008,2023-24,All India,Combined,Total Number of Workers,271,"Manufacture of Electric Motors, Generators, Transformers and Electricity Distribution and Control Apparatus",3-digit,223298,-
2008,2023-24,All India,Combined,Total Number of Workers,273,Manufacture of Wiring and Wiring Devices,3-digit,155490,-
2008,2023-24,All India,Combined,Total Number of Workers,24,Manufacture of Basic Metals,2-digit,1242968,-
2008,2023-24,All India,Combined,Total Number of Workers,25,"Manufacture of Fabricated Metal Products, Except Machinery and Equipment",2-digit,659162,-
2008,2023-24,All India,Combined,No. of Directly Employed  Workers,259,Manufacture of Other Fabricated Metal Products; Metalworking Service Activities,3-digit,284031,-
2008,2023-24,All India,Combined,No. of Directly Employed  Workers,2420,Manufacture of Basic Precious and Other Non-ferrous Metals,4-digit,77813,-
2008,2023-24,All India,Combined,No. of Directly Employed  Workers,242,Manufacture of Basic Precious and Other Non-ferrous Metals,3-digit,77813,-
2008,2023-24,All India,Combined,No. of Directly Employed  Workers,243,Casting of Metals,3-digit,150145,-
2008,2023-24,All India,Combined,No. of Directly Employed  Workers,251,"Manufacture of Structural Metal Products, Tanks, Reservoirs and Steam Generators",3-digit,102619,-
2008,2023-24,All India,Combined,No. of Directly Employed  Workers,273,Manufacture of Wiring and Wiring Devices,3-digit,59528,-
2008,2023-24,All India,Combined,No. of Directly Employed  Workers,303,Manufacture of Air and Spacecraft and Related Machinery,3-digit,16329,-
2008,2023-24,All India,Combined,No. of Directly Employed  Workers,271,"Manufacture of Electric Motors, Generators, Transformers and Electricity Distribution and Control Apparatus",3-digit,110925,-
2008,2023-24,All India,Combined,No. of Directly Employed  Workers,3030,Manufacture of Air and Spacecraft and Related Machinery,4-digit,16329,-
2008,2023-24,All India,Combined,No. of Directly Employed  Workers,2733,Manufacture of Wiring Devices,4-digit,18658,-
2008,2023-24,All India,Combined,No. of Directly Employed  Workers,2732,Manufacture of Other Electronic and Electric Wires and Cables,4-digit,35577,-
2008,2023-24,All India,Combined,No. of Directly Employed  Workers,2710,"Manufacture of Electric Motors, Generators, Transformers and Electricity Distribution and Control Apparatus",4-digit,110925,-
2008,2023-24,All India,Combined,No. of Directly Employed  Workers,2599,Manufacture of Other Fabricated Metal Products N.e.c.,4-digit,178810,-
2008,2023-24,All India,Combined,No. of Directly Employed  Workers,2511,Manufacture of Structural Metal Products,4-digit,63033,-
2008,2023-24,All India,Combined,No. of Directly Employed  Workers,2432,Casting of Non-ferrous Metals,4-digit,17415,-
2008,2023-24,All India,Combined,No. of Directly Employed  Workers,24,Manufacture of Basic Metals,2-digit,573058,-
2008,2023-24,All India,Combined,No. of Directly Employed  Workers,25,"Manufacture of Fabricated Metal Products, Except Machinery and Equipment",2-digit,389738,-
2008,2023-24,All India,Combined,No. of Directly Employed  Workers,27,Manufacture of Electrical Equipment,2-digit,307100,-
2008,2023-24,All India,Combined,No. of Directly Employed  Workers,30,Manufacture of Other Transport Equipment,2-digit,159905,-
2008,2023-24,All India,Combined,No. of Workers employed Through Contractors,2420,Manufacture of Basic Precious and Other Non-ferrous Metals,4-digit,39271,-
2008,2023-24,All India,Combined,No. of Workers employed Through Contractors,2733,Manufacture of Wiring Devices,4-digit,8472,-
2008,2023-24,All India,Combined,No. of Workers employed Through Contractors,2710,"Manufacture of Electric Motors, Generators, Transformers and Electricity Distribution and Control Apparatus",4-digit,75613,-
2008,2023-24,All India,Combined,No. of Workers employed Through Contractors,2599,Manufacture of Other Fabricated Metal Products N.e.c.,4-digit,68511,-
2008,2023-24,All India,Combined,No. of Workers employed Through Contractors,2732,Manufacture of Other Electronic and Electric Wires and Cables,4-digit,20334,-
2008,2023-24,All India,Combined,No. of Workers employed Through Contractors,303,Manufacture of Air and Spacecraft and Related Machinery,3-digit,6763,-
2008,2023-24,All India,Combined,No. of Workers employed Through Contractors,273,Manufacture of Wiring and Wiring Devices,3-digit,95962,-
2008,2023-24,All India,Combined,No. of Workers employed Through Contractors,271,"Manufacture of Electric Motors, Generators, Transformers and Electricity Distribution and Control Apparatus",3-digit,112373,-
2008,2023-24,All India,Combined,No. of Workers employed Through Contractors,25,"Manufacture of Fabricated Metal Products, Except Machinery and Equipment",2-digit,269424,-
2008,2023-24,All India,Combined,No. of Workers employed Through Contractors,259,Manufacture of Other Fabricated Metal Products; Metalworking Service Activities,3-digit,161559,-
2008,2023-24,All India,Combined,No. of Workers employed Through Contractors,27,Manufacture of Electrical Equipment,2-digit,365260,-
2008,2023-24,All India,Combined,No. of Workers employed Through Contractors,2432,Casting of Non-ferrous Metals,4-digit,9941,-
2008,2023-24,All India,Combined,No. of Workers employed Through Contractors,24,Manufacture of Basic Metals,2-digit,669911,-
2008,2023-24,All India,Combined,No. of Workers employed Through Contractors,2511,Manufacture of Structural Metal Products,4-digit,37170,-
2008,2023-24,All India,Combined,No. of Workers employed Through Contractors,242,Manufacture of Basic Precious and Other Non-ferrous Metals,3-digit,79568,-
2008,2023-24,All India,Combined,No. of Workers employed Through Contractors,243,Casting of Metals,3-digit,136433,-
2008,2023-24,All India,Combined,No. of Workers employed Through Contractors,30,Manufacture of Other Transport Equipment,2-digit,173041,-
2008,2023-24,All India,Combined,No. of Workers employed Through Contractors,3030,Manufacture of Air and Spacecraft and Related Machinery,4-digit,13043,-
2008,2023-24,All India,Combined,No. of Workers employed Through Contractors,251,"Manufacture of Structural Metal Products, Tanks, Reservoirs and Steam Generators",3-digit,105409,-
2008,2023-24,All India,Combined,No. of Employees Other Than Workers,25,"Manufacture of Fabricated Metal Products, Except Machinery and Equipment",2-digit,169177,-
2008,2023-24,All India,Combined,No. of Employees Other Than Workers,30,Manufacture of Other Transport Equipment,2-digit,80685,-
2008,2023-24,All India,Combined,No. of Employees Other Than Workers,27,Manufacture of Electrical Equipment,2-digit,179355,-
2008,2023-24,All India,Combined,No. of Employees Other Than Workers,2420,Manufacture of Basic Precious and Other Non-ferrous Metals,4-digit,21969,-
2008,2023-24,All India,Combined,No. of Employees Other Than Workers,2432,Casting of Non-ferrous Metals,4-digit,4673,-
2008,2023-24,All India,Combined,No. of Employees Other Than Workers,2511,Manufacture of Structural Metal Products,4-digit,17854,-
2008,2023-24,All India,Combined,No. of Employees Other Than Workers,2599,Manufacture of Other Fabricated Metal Products N.e.c.,4-digit,31784,-
2008,2023-24,All India,Combined,No. of Employees Other Than Workers,2710,"Manufacture of Electric Motors, Generators, Transformers and Electricity Distribution and Control Apparatus",4-digit,36921,-
2008,2023-24,All India,Combined,No. of Employees Other Than Workers,2732,Manufacture of Other Electronic and Electric Wires and Cables,4-digit,11165,-
2008,2023-24,All India,Combined,No. of Employees Other Than Workers,3030,Manufacture of Air and Spacecraft and Related Machinery,4-digit,7337,-
2008,2023-24,All India,Combined,No. of Employees Other Than Workers,242,Manufacture of Basic Precious and Other Non-ferrous Metals,3-digit,39271,-
2008,2023-24,All India,Combined,No. of Employees Other Than Workers,2733,Manufacture of Wiring Devices,4-digit,3841,-
2008,2023-24,All India,Combined,No. of Employees Other Than Workers,243,Casting of Metals,3-digit,67106,-
2008,2023-24,All India,Combined,No. of Employees Other Than Workers,303,Manufacture of Air and Spacecraft and Related Machinery,3-digit,13043,-
2008,2023-24,All India,Combined,No. of Employees Other Than Workers,273,Manufacture of Wiring and Wiring Devices,3-digit,32583,-
2008,2023-24,All India,Combined,No. of Employees Other Than Workers,271,"Manufacture of Electric Motors, Generators, Transformers and Electricity Distribution and Control Apparatus",3-digit,75613,-
2008,2023-24,All India,Combined,No. of Employees Other Than Workers,259,Manufacture of Other Fabricated Metal Products; Metalworking Service Activities,3-digit,110230,-
2008,2023-24,All India,Combined,No. of Employees Other Than Workers,251,"Manufacture of Structural Metal Products, Tanks, Reservoirs and Steam Generators",3-digit,56340,-
2008,2023-24,All India,Combined,No. of Employees Other Than Workers,24,Manufacture of Basic Metals,2-digit,277714,-
2008,2023-24,All India,Combined,No. of Employees Other Than Workers -Supervisory and Managerial,242,Manufacture of Basic Precious and Other Non-ferrous Metals,3-digit,21969,-
2008,2023-24,All India,Combined,No. of Employees Other Than Workers -Supervisory and Managerial,2432,Casting of Non-ferrous Metals,4-digit,5268,-
2008,2023-24,All India,Combined,No. of Employees Other Than Workers -Supervisory and Managerial,243,Casting of Metals,3-digit,32086,-
2008,2023-24,All India,Combined,No. of Employees Other Than Workers -Supervisory and Managerial,251,"Manufacture of Structural Metal Products, Tanks, Reservoirs and Steam Generators",3-digit,27490,-
2008,2023-24,All India,Combined,No. of Employees Other Than Workers -Supervisory and Managerial,2420,Manufacture of Basic Precious and Other Non-ferrous Metals,4-digit,17302,-
2008,2023-24,All India,Combined,No. of Employees Other Than Workers -Supervisory and Managerial,259,Manufacture of Other Fabricated Metal Products; Metalworking Service Activities,3-digit,53698,-
2008,2023-24,All India,Combined,No. of Employees Other Than Workers -Supervisory and Managerial,271,"Manufacture of Electric Motors, Generators, Transformers and Electricity Distribution and Control Apparatus",3-digit,36921,-
2008,2023-24,All India,Combined,No. of Employees Other Than Workers -Supervisory and Managerial,273,Manufacture of Wiring and Wiring Devices,3-digit,17065,-
2008,2023-24,All India,Combined,No. of Employees Other Than Workers -Supervisory and Managerial,303,Manufacture of Air and Spacecraft and Related Machinery,3-digit,7337,-
2008,2023-24,All India,Combined,No. of Employees Other Than Workers -Supervisory and Managerial,2511,Manufacture of Structural Metal Products,4-digit,19316,-
2008,2023-24,All India,Combined,No. of Employees Other Than Workers -Supervisory and Managerial,2599,Manufacture of Other Fabricated Metal Products N.e.c.,4-digit,36727,-
2008,2023-24,All India,Combined,No. of Employees Other Than Workers -Supervisory and Managerial,2710,"Manufacture of Electric Motors, Generators, Transformers and Electricity Distribution and Control Apparatus",4-digit,38692,-
2008,2023-24,All India,Combined,No. of Employees Other Than Workers -Supervisory and Managerial,2732,Manufacture of Other Electronic and Electric Wires and Cables,4-digit,9169,-
2008,2023-24,All India,Combined,No. of Employees Other Than Workers -Supervisory and Managerial,2733,Manufacture of Wiring Devices,4-digit,4631,-
2008,2023-24,All India,Combined,No. of Employees Other Than Workers -Supervisory and Managerial,3030,Manufacture of Air and Spacecraft and Related Machinery,4-digit,5706,-
2008,2023-24,All India,Combined,No. of Employees Other Than Workers -Supervisory and Managerial,24,Manufacture of Basic Metals,2-digit,152772,-
2008,2023-24,All India,Combined,No. of Employees Other Than Workers -Supervisory and Managerial,25,"Manufacture of Fabricated Metal Products, Except Machinery and Equipment",2-digit,82983,-
2008,2023-24,All India,Combined,No. of Employees Other Than Workers -Supervisory and Managerial,27,Manufacture of Electrical Equipment,2-digit,85572,-
2008,2023-24,All India,Combined,No. of Employees Other Than Workers -Supervisory and Managerial,30,Manufacture of Other Transport Equipment,2-digit,42354,-
2008,2023-24,All India,Combined,No. of Employees Other Than Workers -Other Employees,2732,Manufacture of Other Electronic and Electric Wires and Cables,4-digit,60,-
2008,2023-24,All India,Combined,No. of Employees Other Than Workers -Other Employees,27,Manufacture of Electrical Equipment,2-digit,93783,-
2008,2023-24,All India,Combined,No. of Employees Other Than Workers -Other Employees,259,Manufacture of Other Fabricated Metal Products; Metalworking Service Activities,3-digit,56532,-
2008,2023-24,All India,Combined,No. of Employees Other Than Workers -Other Employees,251,"Manufacture of Structural Metal Products, Tanks, Reservoirs and Steam Generators",3-digit,28850,-
2008,2023-24,All India,Combined,No. of Employees Other Than Workers -Other Employees,243,Casting of Metals,3-digit,35020,-
2008,2023-24,All India,Combined,No. of Employees Other Than Workers -Other Employees,2420,Manufacture of Basic Precious and Other Non-ferrous Metals,4-digit,517,-
2008,2023-24,All India,Combined,No. of Employees Other Than Workers -Other Employees,2511,Manufacture of Structural Metal Products,4-digit,591,-
2008,2023-24,All India,Combined,No. of Employees Other Than Workers -Other Employees,2733,Manufacture of Wiring Devices,4-digit,27,-
2008,2023-24,All India,Combined,No. of Employees Other Than Workers -Other Employees,271,"Manufacture of Electric Motors, Generators, Transformers and Electricity Distribution and Control Apparatus",3-digit,38692,-
2008,2023-24,All India,Combined,No. of Employees Other Than Workers -Other Employees,25,"Manufacture of Fabricated Metal Products, Except Machinery and Equipment",2-digit,86194,-
2008,2023-24,All India,Combined,No. of Employees Other Than Workers -Other Employees,2710,"Manufacture of Electric Motors, Generators, Transformers and Electricity Distribution and Control Apparatus",4-digit,424,-
2008,2023-24,All India,Combined,No. of Employees Other Than Workers -Other Employees,242,Manufacture of Basic Precious and Other Non-ferrous Metals,3-digit,17302,-
2008,2023-24,All India,Combined,No. of Employees Other Than Workers -Other Employees,273,Manufacture of Wiring and Wiring Devices,3-digit,15518,-
2008,2023-24,All India,Combined,No. of Employees Other Than Workers -Other Employees,303,Manufacture of Air and Spacecraft and Related Machinery,3-digit,5706,-
2008,2023-24,All India,Combined,No. of Employees Other Than Workers -Other Employees,2432,Casting of Non-ferrous Metals,4-digit,139,-
2008,2023-24,All India,Combined,No. of Employees Other Than Workers -Other Employees,2599,Manufacture of Other Fabricated Metal Products N.e.c.,4-digit,1733,-
2008,2023-24,All India,Combined,No. of Employees Other Than Workers -Other Employees,30,Manufacture of Other Transport Equipment,2-digit,38331,-
2008,2023-24,All India,Combined,No. of Employees Other Than Workers -Other Employees,3030,Manufacture of Air and Spacecraft and Related Machinery,4-digit,3,-
2008,2023-24,All India,Combined,No. of Employees Other Than Workers -Other Employees,24,Manufacture of Basic Metals,2-digit,124942,-
2008,2023-24,All India,Combined,Unpaid family members-proprietor etc,271,"Manufacture of Electric Motors, Generators, Transformers and Electricity Distribution and Control Apparatus",3-digit,424,-
2008,2023-24,All India,Combined,Unpaid family members-proprietor etc,24,Manufacture of Basic Metals,2-digit,2179,-
2008,2023-24,All India,Combined,Unpaid family members-proprietor etc,27,Manufacture of Electrical Equipment,2-digit,1033,-
2008,2023-24,All India,Combined,Unpaid family members-proprietor etc,242,Manufacture of Basic Precious and Other Non-ferrous Metals,3-digit,517,-
2008,2023-24,All India,Combined,Unpaid family members-proprietor etc,2732,Manufacture of Other Electronic and Electric Wires and Cables,4-digit,34218,-
2008,2023-24,All India,Combined,Unpaid family members-proprietor etc,2733,Manufacture of Wiring Devices,4-digit,17316,-
2008,2023-24,All India,Combined,Unpaid family members-proprietor etc,3030,Manufacture of Air and Spacecraft and Related Machinery,4-digit,10686,-
2008,2023-24,All India,Combined,Unpaid family members-proprietor etc,25,"Manufacture of Fabricated Metal Products, Except Machinery and Equipment",2-digit,3357,-
2008,2023-24,All India,Combined,Unpaid family members-proprietor etc,303,Manufacture of Air and Spacecraft and Related Machinery,3-digit,3,-
2008,2023-24,All India,Combined,Unpaid family members-proprietor etc,273,Manufacture of Wiring and Wiring Devices,3-digit,87,-
2008,2023-24,All India,Combined,Unpaid family members-proprietor etc,2420,Manufacture of Basic Precious and Other Non-ferrous Metals,4-digit,63845,-
2008,2023-24,All India,Combined,Unpaid family members-proprietor etc,2432,Casting of Non-ferrous Metals,4-digit,14916,-
2008,2023-24,All India,Combined,Unpaid family members-proprietor etc,2511,Manufacture of Structural Metal Products,4-digit,52199,-
2008,2023-24,All India,Combined,Unpaid family members-proprietor etc,2599,Manufacture of Other Fabricated Metal Products N.e.c.,4-digit,103486,-
2008,2023-24,All India,Combined,Unpaid family members-proprietor etc,2710,"Manufacture of Electric Motors, Generators, Transformers and Electricity Distribution and Control Apparatus",4-digit,90472,-
2008,2023-24,All India,Combined,Unpaid family members-proprietor etc,30,Manufacture of Other Transport Equipment,2-digit,367,-
2008,2023-24,All India,Combined,Unpaid family members-proprietor etc,259,Manufacture of Other Fabricated Metal Products; Metalworking Service Activities,3-digit,2524,-
2008,2023-24,All India,Combined,Unpaid family members-proprietor etc,251,"Manufacture of Structural Metal Products, Tanks, Reservoirs and Steam Generators",3-digit,779,-
2008,2023-24,All India,Combined,Unpaid family members-proprietor etc,243,Casting of Metals,3-digit,793,-
2008,2023-24,All India,Combined,Wages and Salaries,303,Manufacture of Air and Spacecraft and Related Machinery,3-digit,257781,₹ lakhs
2008,2023-24,All India,Combined,Wages and Salaries,273,Manufacture of Wiring and Wiring Devices,3-digit,635506,₹ lakhs
2008,2023-24,All India,Combined,Wages and Salaries,3030,Manufacture of Air and Spacecraft and Related Machinery,4-digit,86465,₹ lakhs
2008,2023-24,All India,Combined,Wages and Salaries,242,Manufacture of Basic Precious and Other Non-ferrous Metals,3-digit,888665,₹ lakhs
2008,2023-24,All India,Combined,Wages and Salaries,251,"Manufacture of Structural Metal Products, Tanks, Reservoirs and Steam Generators",3-digit,964075,₹ lakhs
2008,2023-24,All India,Combined,Wages and Salaries,271,"Manufacture of Electric Motors, Generators, Transformers and Electricity Distribution and Control Apparatus",3-digit,1439303,₹ lakhs
2008,2023-24,All India,Combined,Wages and Salaries,259,Manufacture of Other Fabricated Metal Products; Metalworking Service Activities,3-digit,1827812,₹ lakhs
2008,2023-24,All India,Combined,Wages and Salaries,2732,Manufacture of Other Electronic and Electric Wires and Cables,4-digit,190241,₹ lakhs
2008,2023-24,All India,Combined,Wages and Salaries,2733,Manufacture of Wiring Devices,4-digit,101287,₹ lakhs
2008,2023-24,All India,Combined,Wages and Salaries,243,Casting of Metals,3-digit,1078369,₹ lakhs
2008,2023-24,All India,Combined,Wages and Salaries,2710,"Manufacture of Electric Motors, Generators, Transformers and Electricity Distribution and Control Apparatus",4-digit,599424,₹ lakhs
2008,2023-24,All India,Combined,Wages and Salaries,2599,Manufacture of Other Fabricated Metal Products N.e.c.,4-digit,567933,₹ lakhs
2008,2023-24,All India,Combined,Wages and Salaries,2511,Manufacture of Structural Metal Products,4-digit,290271,₹ lakhs
2008,2023-24,All India,Combined,Wages and Salaries,2432,Casting of Non-ferrous Metals,4-digit,85929,₹ lakhs
2008,2023-24,All India,Combined,Wages and Salaries,2420,Manufacture of Basic Precious and Other Non-ferrous Metals,4-digit,489932,₹ lakhs
2008,2023-24,All India,Combined,Wages and Salaries,27,Manufacture of Electrical Equipment,2-digit,3501797,₹ lakhs
2008,2023-24,All India,Combined,Wages and Salaries,25,"Manufacture of Fabricated Metal Products, Except Machinery and Equipment",2-digit,2841287,₹ lakhs
2008,2023-24,All India,Combined,Wages and Salaries,24,Manufacture of Basic Metals,2-digit,6324072,₹ lakhs
2008,2023-24,All India,Combined,Wages and Salaries,30,Manufacture of Other Transport Equipment,2-digit,1815154,₹ lakhs
2008,2022-23,All India,Combined,Total Output,2420,Manufacture of Basic Precious and Other Non-ferrous Metals,4-digit,38203861,₹ lakhs
2008,2022-23,All India,Combined,Total Output,2432,Casting of Non-ferrous Metals,4-digit,1701255,₹ lakhs
2008,2022-23,All India,Combined,Total Output,2511,Manufacture of Structural Metal Products,4-digit,8759739,₹ lakhs
2008,2022-23,All India,Combined,Total Output,2599,Manufacture of Other Fabricated Metal Products N.e.c.,4-digit,14168873,₹ lakhs
2008,2022-23,All India,Combined,Total Output,2710,"Manufacture of Electric Motors, Generators, Transformers and Electricity Distribution and Control Apparatus",4-digit,15623306,₹ lakhs
2008,2022-23,All India,Combined,Total Output,2732,Manufacture of Other Electronic and Electric Wires and Cables,4-digit,11028398,₹ lakhs
2008,2022-23,All India,Combined,Total Output,24,Manufacture of Basic Metals,2-digit,215324344,₹ lakhs
2008,2022-23,All India,Combined,Total Output,27,Manufacture of Electrical Equipment,2-digit,54769789,₹ lakhs
2008,2022-23,All India,Combined,Total Output,25,"Manufacture of Fabricated Metal Products, Except Machinery and Equipment",2-digit,35494418,₹ lakhs
2008,2022-23,All India,Combined,Total Output,3030,Manufacture of Air and Spacecraft and Related Machinery,4-digit,1435187,₹ lakhs
2008,2022-23,All India,Combined,Total Output,2733,Manufacture of Wiring Devices,4-digit,4474604,₹ lakhs
2008,2022-23,All India,Combined,Total Output,242,Manufacture of Basic Precious and Other Non-ferrous Metals,3-digit,38203861,₹ lakhs
2008,2022-23,All India,Combined,Total Output,243,Casting of Metals,3-digit,23500382,₹ lakhs
2008,2022-23,All India,Combined,Total Output,251,"Manufacture of Structural Metal Products, Tanks, Reservoirs and Steam Generators",3-digit,13020322,₹ lakhs
2008,2022-23,All India,Combined,Total Output,259,Manufacture of Other Fabricated Metal Products; Metalworking Service Activities,3-digit,22022482,₹ lakhs
2008,2022-23,All India,Combined,Total Output,271,"Manufacture of Electric Motors, Generators, Transformers and Electricity Distribution and Control Apparatus",3-digit,15623306,₹ lakhs
2008,2022-23,All India,Combined,Total Output,273,Manufacture of Wiring and Wiring Devices,3-digit,17359010,₹ lakhs
2008,2022-23,All India,Combined,Total Output,303,Manufacture of Air and Spacecraft and Related Machinery,3-digit,1435187,₹ lakhs
2008,2022-23,All India,Combined,Total Output,30,Manufacture of Other Transport Equipment,2-digit,29189018,₹ lakhs
2008,2022-23,All India,Combined,Total Inputs,273,Manufacture of Wiring and Wiring Devices,3-digit,15005265,₹ lakhs
2008,2022-23,All India,Combined,Total Inputs,24,Manufacture of Basic Metals,2-digit,189899955,₹ lakhs
2008,2022-23,All India,Combined,Total Inputs,25,"Manufacture of Fabricated Metal Products, Except Machinery and Equipment",2-digit,28637085,₹ lakhs
2008,2022-23,All India,Combined,Total Inputs,27,Manufacture of Electrical Equipment,2-digit,45994414,₹ lakhs
2008,2022-23,All India,Combined,Total Inputs,30,Manufacture of Other Transport Equipment,2-digit,23416141,₹ lakhs
2008,2022-23,All India,Combined,Total Inputs,259,Manufacture of Other Fabricated Metal Products; Metalworking Service Activities,3-digit,17344818,₹ lakhs
2008,2022-23,All India,Combined,Total Inputs,2420,Manufacture of Basic Precious and Other Non-ferrous Metals,4-digit,33937702,₹ lakhs
2008,2022-23,All India,Combined,Total Inputs,2432,Casting of Non-ferrous Metals,4-digit,1458413,₹ lakhs
2008,2022-23,All India,Combined,Total Inputs,2511,Manufacture of Structural Metal Products,4-digit,7514156,₹ lakhs
2008,2022-23,All India,Combined,Total Inputs,2599,Manufacture of Other Fabricated Metal Products N.e.c.,4-digit,11491965,₹ lakhs
2008,2022-23,All India,Combined,Total Inputs,2710,"Manufacture of Electric Motors, Generators, Transformers and Electricity Distribution and Control Apparatus",4-digit,12615669,₹ lakhs
2008,2022-23,All India,Combined,Total Inputs,2732,Manufacture of Other Electronic and Electric Wires and Cables,4-digit,9868210,₹ lakhs
2008,2022-23,All India,Combined,Total Inputs,251,"Manufacture of Structural Metal Products, Tanks, Reservoirs and Steam Generators",3-digit,10994350,₹ lakhs
2008,2022-23,All India,Combined,Total Inputs,243,Casting of Metals,3-digit,20617125,₹ lakhs
2008,2022-23,All India,Combined,Total Inputs,242,Manufacture of Basic Precious and Other Non-ferrous Metals,3-digit,33937702,₹ lakhs
2008,2022-23,All India,Combined,Total Inputs,303,Manufacture of Air and Spacecraft and Related Machinery,3-digit,1034085,₹ lakhs
2008,2022-23,All India,Combined,Total Inputs,2733,Manufacture of Wiring Devices,4-digit,3599460,₹ lakhs
2008,2022-23,All India,Combined,Total Inputs,3030,Manufacture of Air and Spacecraft and Related Machinery,4-digit,1034085,₹ lakhs
2008,2022-23,All India,Combined,Total Inputs,271,"Manufacture of Electric Motors, Generators, Transformers and Electricity Distribution and Control Apparatus",3-digit,12615669,₹ lakhs
2008,2022-23,All India,Combined,Gross Value Added,2710,"Manufacture of Electric Motors, Generators, Transformers and Electricity Distribution and Control Apparatus",4-digit,3007637,₹ lakhs
2008,2022-23,All India,Combined,Gross Value Added,2732,Manufacture of Other Electronic and Electric Wires and Cables,4-digit,1160188,₹ lakhs
2008,2022-23,All India,Combined,Gross Value Added,2733,Manufacture of Wiring Devices,4-digit,875144,₹ lakhs
2008,2022-23,All India,Combined,Gross Value Added,24,Manufacture of Basic Metals,2-digit,25424389,₹ lakhs
2008,2022-23,All India,Combined,Gross Value Added,25,"Manufacture of Fabricated Metal Products, Except Machinery and Equipment",2-digit,6857333,₹ lakhs
2008,2022-23,All India,Combined,Gross Value Added,27,Manufacture of Electrical Equipment,2-digit,8775375,₹ lakhs
2008,2022-23,All India,Combined,Gross Value Added,242,Manufacture of Basic Precious and Other Non-ferrous Metals,3-digit,4266159,₹ lakhs
2008,2022-23,All India,Combined,Gross Value Added,303,Manufacture of Air and Spacecraft and Related Machinery,3-digit,401102,₹ lakhs
2008,2022-23,All India,Combined,Gross Value Added,30,Manufacture of Other Transport Equipment,2-digit,5772877,₹ lakhs
2008,2022-23,All India,Combined,Gross Value Added,3030,Manufacture of Air and Spacecraft and Related Machinery,4-digit,401102,₹ lakhs
2008,2022-23,All India,Combined,Gross Value Added,259,Manufacture of Other Fabricated Metal Products; Metalworking Service Activities,3-digit,4677664,₹ lakhs
2008,2022-23,All India,Combined,Gross Value Added,2420,Manufacture of Basic Precious and Other Non-ferrous Metals,4-digit,4266159,₹ lakhs
2008,2022-23,All India,Combined,Gross Value Added,2432,Casting of Non-ferrous Metals,4-digit,242842,₹ lakhs
2008,2022-23,All India,Combined,Gross Value Added,2511,Manufacture of Structural Metal Products,4-digit,1245583,₹ lakhs
2008,2022-23,All India,Combined,Gross Value Added,273,Manufacture of Wiring and Wiring Devices,3-digit,2353745,₹ lakhs
2008,2022-23,All India,Combined,Gross Value Added,271,"Manufacture of Electric Motors, Generators, Transformers and Electricity Distribution and Control Apparatus",3-digit,3007637,₹ lakhs
2008,2022-23,All India,Combined,Gross Value Added,243,Casting of Metals,3-digit,2883257,₹ lakhs
2008,2022-23,All India,Combined,Gross Value Added,251,"Manufacture of Structural Metal Products, Tanks, Reservoirs and Steam Generators",3-digit,2025972,₹ lakhs
2008,2022-23,All India,Combined,Gross Value Added,2599,Manufacture of Other Fabricated Metal Products N.e.c.,4-digit,2676908,₹ lakhs
2008,2022-23,All India,Combined,Net Value Added,2511,Manufacture of Structural Metal Products,4-digit,1114572,₹ lakhs
2008,2022-23,All India,Combined,Net Value Added,3030,Manufacture of Air and Spacecraft and Related Machinery,4-digit,342104,₹ lakhs
2008,2022-23,All India,Combined,Net Value Added,2733,Manufacture of Wiring Devices,4-digit,812028,₹ lakhs
2008,2022-23,All India,Combined,Net Value Added,2732,Manufacture of Other Electronic and Electric Wires and Cables,4-digit,1063513,₹ lakhs
2008,2022-23,All India,Combined,Net Value Added,2710,"Manufacture of Electric Motors, Generators, Transformers and Electricity Distribution and Control Apparatus",4-digit,2765176,₹ lakhs
2008,2022-23,All India,Combined,Net Value Added,2599,Manufacture of Other Fabricated Metal Products N.e.c.,4-digit,2404228,₹ lakhs
2008,2022-23,All India,Combined,Net Value Added,2432,Casting of Non-ferrous Metals,4-digit,200162,₹ lakhs
2008,2022-23,All India,Combined,Net Value Added,2420,Manufacture of Basic Precious and Other Non-ferrous Metals,4-digit,3597361,₹ lakhs
2008,2022-23,All India,Combined,Net Value Added,24,Manufacture of Basic Metals,2-digit,20659296,₹ lakhs
2008,2022-23,All India,Combined,Net Value Added,25,"Manufacture of Fabricated Metal Products, Except Machinery and Equipment",2-digit,6191210,₹ lakhs
2008,2022-23,All India,Combined,Net Value Added,27,Manufacture of Electrical Equipment,2-digit,7866666,₹ lakhs
2008,2022-23,All India,Combined,Net Value Added,30,Manufacture of Other Transport Equipment,2-digit,5135141,₹ lakhs
2008,2022-23,All India,Combined,Net Value Added,303,Manufacture of Air and Spacecraft and Related Machinery,3-digit,342104,₹ lakhs
2008,2022-23,All India,Combined,Net Value Added,273,Manufacture of Wiring and Wiring Devices,3-digit,2156453,₹ lakhs
2008,2022-23,All India,Combined,Net Value Added,271,"Manufacture of Electric Motors, Generators, Transformers and Electricity Distribution and Control Apparatus",3-digit,2765176,₹ lakhs
2008,2022-23,All India,Combined,Net Value Added,259,Manufacture of Other Fabricated Metal Products; Metalworking Service Activities,3-digit,4221155,₹ lakhs
2008,2022-23,All India,Combined,Net Value Added,251,"Manufacture of Structural Metal Products, Tanks, Reservoirs and Steam Generators",3-digit,1828976,₹ lakhs
2008,2022-23,All India,Combined,Net Value Added,243,Casting of Metals,3-digit,2324536,₹ lakhs
2008,2022-23,All India,Combined,Net Value Added,242,Manufacture of Basic Precious and Other Non-ferrous Metals,3-digit,3597361,₹ lakhs
2008,2022-23,All India,Combined,Net Income,2733,Manufacture of Wiring Devices,4-digit,791063,₹ lakhs
2008,2022-23,All India,Combined,Net Income,243,Casting of Metals,3-digit,2042378,₹ lakhs
2008,2022-23,All India,Combined,Net Income,242,Manufacture of Basic Precious and Other Non-ferrous Metals,3-digit,2843339,₹ lakhs
2008,2022-23,All India,Combined,Net Income,25,"Manufacture of Fabricated Metal Products, Except Machinery and Equipment",2-digit,5683721,₹ lakhs
2008,2022-23,All India,Combined,Net Income,3030,Manufacture of Air and Spacecraft and Related Machinery,4-digit,320237,₹ lakhs
2008,2022-23,All India,Combined,Net Income,251,"Manufacture of Structural Metal Products, Tanks, Reservoirs and Steam Generators",3-digit,1647146,₹ lakhs
2008,2022-23,All India,Combined,Net Income,259,Manufacture of Other Fabricated Metal Products; Metalworking Service Activities,3-digit,3908931,₹ lakhs
2008,2022-23,All India,Combined,Net Income,271,"Manufacture of Electric Motors, Generators, Transformers and Electricity Distribution and Control Apparatus",3-digit,2622842,₹ lakhs
2008,2022-23,All India,Combined,Net Income,2599,Manufacture of Other Fabricated Metal Products N.e.c.,4-digit,2194419,₹ lakhs
2008,2022-23,All India,Combined,Net Income,2710,"Manufacture of Electric Motors, Generators, Transformers and Electricity Distribution and Control Apparatus",4-digit,2622842,₹ lakhs
2008,2022-23,All India,Combined,Net Income,2732,Manufacture of Other Electronic and Electric Wires and Cables,4-digit,938314,₹ lakhs
2008,2022-23,All India,Combined,Net Income,24,Manufacture of Basic Metals,2-digit,17613484,₹ lakhs
2008,2022-23,All India,Combined,Net Income,30,Manufacture of Other Transport Equipment,2-digit,4937037,₹ lakhs
2008,2022-23,All India,Combined,Net Income,27,Manufacture of Electrical Equipment,2-digit,7294273,₹ lakhs
2008,2022-23,All India,Combined,Net Income,273,Manufacture of Wiring and Wiring Devices,3-digit,1987038,₹ lakhs
2008,2022-23,All India,Combined,Net Income,303,Manufacture of Air and Spacecraft and Related Machinery,3-digit,320237,₹ lakhs
2008,2022-23,All India,Combined,Net Income,2420,Manufacture of Basic Precious and Other Non-ferrous Metals,4-digit,2843339,₹ lakhs
2008,2022-23,All India,Combined,Net Income,2432,Casting of Non-ferrous Metals,4-digit,173306,₹ lakhs
2008,2022-23,All India,Combined,Net Income,2511,Manufacture of Structural Metal Products,4-digit,990906,₹ lakhs
2008,2022-23,All India,Combined,Net Profit,2599,Manufacture of Other Fabricated Metal Products N.e.c.,4-digit,1045549,₹ lakhs
2008,2022-23,All India,Combined,Net Profit,2710,"Manufacture of Electric Motors, Generators, Transformers and Electricity Distribution and Control Apparatus",4-digit,1296368,₹ lakhs
2008,2022-23,All India,Combined,Net Profit,2420,Manufacture of Basic Precious and Other Non-ferrous Metals,4-digit,1948532,₹ lakhs
2008,2022-23,All India,Combined,Net Profit,2432,Casting of Non-ferrous Metals,4-digit,65464,₹ lakhs
2008,2022-23,All India,Combined,Net Profit,2511,Manufacture of Structural Metal Products,4-digit,423157,₹ lakhs
2008,2022-23,All India,Combined,Net Profit,242,Manufacture of Basic Precious and Other Non-ferrous Metals,3-digit,1948532,₹ lakhs
2008,2022-23,All India,Combined,Net Profit,30,Manufacture of Other Transport Equipment,2-digit,3096691,₹ lakhs
2008,2022-23,All India,Combined,Net Profit,27,Manufacture of Electrical Equipment,2-digit,3824646,₹ lakhs
2008,2022-23,All India,Combined,Net Profit,25,"Manufacture of Fabricated Metal Products, Except Machinery and Equipment",2-digit,2765127,₹ lakhs
2008,2022-23,All India,Combined,Net Profit,24,Manufacture of Basic Metals,2-digit,10869104,₹ lakhs
2008,2022-23,All India,Combined,Net Profit,2732,Manufacture of Other Electronic and Electric Wires and Cables,4-digit,583581,₹ lakhs
2008,2022-23,All India,Combined,Net Profit,2733,Manufacture of Wiring Devices,4-digit,527373,₹ lakhs
2008,2022-23,All India,Combined,Net Profit,3030,Manufacture of Air and Spacecraft and Related Machinery,4-digit,116504,₹ lakhs
2008,2022-23,All India,Combined,Net Profit,303,Manufacture of Air and Spacecraft and Related Machinery,3-digit,116504,₹ lakhs
2008,2022-23,All India,Combined,Net Profit,273,Manufacture of Wiring and Wiring Devices,3-digit,1273055,₹ lakhs
2008,2022-23,All India,Combined,Net Profit,271,"Manufacture of Electric Motors, Generators, Transformers and Electricity Distribution and Control Apparatus",3-digit,1296368,₹ lakhs
2008,2022-23,All India,Combined,Net Profit,259,Manufacture of Other Fabricated Metal Products; Metalworking Service Activities,3-digit,2051643,₹ lakhs
2008,2022-23,All India,Combined,Net Profit,251,"Manufacture of Structural Metal Products, Tanks, Reservoirs and Steam Generators",3-digit,636169,₹ lakhs
2008,2022-23,All India,Combined,Net Profit,243,Casting of Metals,3-digit,999873,₹ lakhs
2008,2022-23,All India,Combined,Total Number of Persons Engaged,2732,Manufacture of Other Electronic and Electric Wires and Cables,4-digit,95365,-
2008,2022-23,All India,Combined,Total Number of Persons Engaged,24,Manufacture of Basic Metals,2-digit,1411577,-
2008,2022-23,All India,Combined,Total Number of Persons Engaged,25,"Manufacture of Fabricated Metal Products, Except Machinery and Equipment",2-digit,777563,-
2008,2022-23,All India,Combined,Total Number of Persons Engaged,27,Manufacture of Electrical Equipment,2-digit,770531,-
2008,2022-23,All India,Combined,Total Number of Persons Engaged,30,Manufacture of Other Transport Equipment,2-digit,395069,-
2008,2022-23,All India,Combined,Total Number of Persons Engaged,242,Manufacture of Basic Precious and Other Non-ferrous Metals,3-digit,170871,-
2008,2022-23,All India,Combined,Total Number of Persons Engaged,251,"Manufacture of Structural Metal Products, Tanks, Reservoirs and Steam Generators",3-digit,260746,-
2008,2022-23,All India,Combined,Total Number of Persons Engaged,259,Manufacture of Other Fabricated Metal Products; Metalworking Service Activities,3-digit,508506,-
2008,2022-23,All India,Combined,Total Number of Persons Engaged,271,"Manufacture of Electric Motors, Generators, Transformers and Electricity Distribution and Control Apparatus",3-digit,252445,-
2008,2022-23,All India,Combined,Total Number of Persons Engaged,273,Manufacture of Wiring and Wiring Devices,3-digit,177682,-
2008,2022-23,All India,Combined,Total Number of Persons Engaged,303,Manufacture of Air and Spacecraft and Related Machinery,3-digit,29760,-
2008,2022-23,All India,Combined,Total Number of Persons Engaged,243,Casting of Metals,3-digit,302994,-
2008,2022-23,All India,Combined,Total Number of Persons Engaged,2420,Manufacture of Basic Precious and Other Non-ferrous Metals,4-digit,170871,-
2008,2022-23,All India,Combined,Total Number of Persons Engaged,2432,Casting of Non-ferrous Metals,4-digit,32677,-
2008,2022-23,All India,Combined,Total Number of Persons Engaged,2511,Manufacture of Structural Metal Products,4-digit,168698,-
2008,2022-23,All India,Combined,Total Number of Persons Engaged,2599,Manufacture of Other Fabricated Metal Products N.e.c.,4-digit,322524,-
2008,2022-23,All India,Combined,Total Number of Persons Engaged,2710,"Manufacture of Electric Motors, Generators, Transformers and Electricity Distribution and Control Apparatus",4-digit,252445,-
2008,2022-23,All India,Combined,Total Number of Persons Engaged,2733,Manufacture of Wiring Devices,4-digit,64681,-
2008,2022-23,All India,Combined,Total Number of Persons Engaged,3030,Manufacture of Air and Spacecraft and Related Machinery,4-digit,29760,-
2008,2022-23,All India,Combined,Total Number of Workers,3030,Manufacture of Air and Spacecraft and Related Machinery,4-digit,19348,-
2008,2022-23,All India,Combined,Total Number of Workers,2733,Manufacture of Wiring Devices,4-digit,44308,-
2008,2022-23,All India,Combined,Total Number of Workers,2732,Manufacture of Other Electronic and Electric Wires and Cables,4-digit,77117,-
2008,2022-23,All India,Combined,Total Number of Workers,2710,"Manufacture of Electric Motors, Generators, Transformers and Electricity Distribution and Control Apparatus",4-digit,187802,-
2008,2022-23,All India,Combined,Total Number of Workers,2599,Manufacture of Other Fabricated Metal Products N.e.c.,4-digit,254030,-
2008,2022-23,All India,Combined,Total Number of Workers,2511,Manufacture of Structural Metal Products,4-digit,133059,-
2008,2022-23,All India,Combined,Total Number of Workers,2432,Casting of Non-ferrous Metals,4-digit,26102,-
2008,2022-23,All India,Combined,Total Number of Workers,2420,Manufacture of Basic Precious and Other Non-ferrous Metals,4-digit,137611,-
2008,2022-23,All India,Combined,Total Number of Workers,259,Manufacture of Other Fabricated Metal Products; Metalworking Service Activities,3-digit,400711,-
2008,2022-23,All India,Combined,Total Number of Workers,242,Manufacture of Basic Precious and Other Non-ferrous Metals,3-digit,137611,-
2008,2022-23,All India,Combined,Total Number of Workers,243,Casting of Metals,3-digit,240725,-
2008,2022-23,All India,Combined,Total Number of Workers,251,"Manufacture of Structural Metal Products, Tanks, Reservoirs and Steam Generators",3-digit,205746,-
2008,2022-23,All India,Combined,Total Number of Workers,271,"Manufacture of Electric Motors, Generators, Transformers and Electricity Distribution and Control Apparatus",3-digit,187802,-
2008,2022-23,All India,Combined,Total Number of Workers,273,Manufacture of Wiring and Wiring Devices,3-digit,135477,-
2008,2022-23,All India,Combined,Total Number of Workers,303,Manufacture of Air and Spacecraft and Related Machinery,3-digit,19348,-
2008,2022-23,All India,Combined,Total Number of Workers,30,Manufacture of Other Transport Equipment,2-digit,313658,-
2008,2022-23,All India,Combined,Total Number of Workers,27,Manufacture of Electrical Equipment,2-digit,594430,-
2008,2022-23,All India,Combined,Total Number of Workers,25,"Manufacture of Fabricated Metal Products, Except Machinery and Equipment",2-digit,612037,-
2008,2022-23,All India,Combined,Total Number of Workers,24,Manufacture of Basic Metals,2-digit,1157974,-
2008,2022-23,All India,Combined,No. of Directly Employed  Workers,27,Manufacture of Electrical Equipment,2-digit,287811,-
2008,2022-23,All India,Combined,No. of Directly Employed  Workers,242,Manufacture of Basic Precious and Other Non-ferrous Metals,3-digit,63162,-
2008,2022-23,All India,Combined,No. of Directly Employed  Workers,30,Manufacture of Other Transport Equipment,2-digit,144608,-
2008,2022-23,All India,Combined,No. of Directly Employed  Workers,271,"Manufacture of Electric Motors, Generators, Transformers and Electricity Distribution and Control Apparatus",3-digit,101257,-
2008,2022-23,All India,Combined,No. of Directly Employed  Workers,259,Manufacture of Other Fabricated Metal Products; Metalworking Service Activities,3-digit,259676,-
2008,2022-23,All India,Combined,No. of Directly Employed  Workers,251,"Manufacture of Structural Metal Products, Tanks, Reservoirs and Steam Generators",3-digit,103268,-
2008,2022-23,All India,Combined,No. of Directly Employed  Workers,25,"Manufacture of Fabricated Metal Products, Except Machinery and Equipment",2-digit,366546,-
2008,2022-23,All India,Combined,No. of Directly Employed  Workers,243,Casting of Metals,3-digit,126422,-
2008,2022-23,All India,Combined,No. of Directly Employed  Workers,273,Manufacture of Wiring and Wiring Devices,3-digit,55796,-
2008,2022-23,All India,Combined,No. of Directly Employed  Workers,303,Manufacture of Air and Spacecraft and Related Machinery,3-digit,12801,-
2008,2022-23,All India,Combined,No. of Directly Employed  Workers,2420,Manufacture of Basic Precious and Other Non-ferrous Metals,4-digit,63162,-
2008,2022-23,All India,Combined,No. of Directly Employed  Workers,2432,Casting of Non-ferrous Metals,4-digit,13357,-
2008,2022-23,All India,Combined,No. of Directly Employed  Workers,2511,Manufacture of Structural Metal Products,4-digit,63411,-
2008,2022-23,All India,Combined,No. of Directly Employed  Workers,2599,Manufacture of Other Fabricated Metal Products N.e.c.,4-digit,167589,-
2008,2022-23,All India,Combined,No. of Directly Employed  Workers,2710,"Manufacture of Electric Motors, Generators, Transformers and Electricity Distribution and Control Apparatus",4-digit,101257,-
2008,2022-23,All India,Combined,No. of Directly Employed  Workers,2732,Manufacture of Other Electronic and Electric Wires and Cables,4-digit,31928,-
2008,2022-23,All India,Combined,No. of Directly Employed  Workers,2733,Manufacture of Wiring Devices,4-digit,19475,-
2008,2022-23,All India,Combined,No. of Directly Employed  Workers,3030,Manufacture of Air and Spacecraft and Related Machinery,4-digit,12801,-
2008,2022-23,All India,Combined,No. of Directly Employed  Workers,24,Manufacture of Basic Metals,2-digit,548682,-
2008,2022-23,All India,Combined,No. of Workers employed Through Contractors,2420,Manufacture of Basic Precious and Other Non-ferrous Metals,4-digit,74449,-
2008,2022-23,All India,Combined,No. of Workers employed Through Contractors,2432,Casting of Non-ferrous Metals,4-digit,12745,-
2008,2022-23,All India,Combined,No. of Workers employed Through Contractors,2511,Manufacture of Structural Metal Products,4-digit,69647,-
2008,2022-23,All India,Combined,No. of Workers employed Through Contractors,2599,Manufacture of Other Fabricated Metal Products N.e.c.,4-digit,86441,-
2008,2022-23,All India,Combined,No. of Workers employed Through Contractors,2710,"Manufacture of Electric Motors, Generators, Transformers and Electricity Distribution and Control Apparatus",4-digit,86545,-
2008,2022-23,All India,Combined,No. of Workers employed Through Contractors,2732,Manufacture of Other Electronic and Electric Wires and Cables,4-digit,45188,-
2008,2022-23,All India,Combined,No. of Workers employed Through Contractors,2733,Manufacture of Wiring Devices,4-digit,24834,-
2008,2022-23,All India,Combined,No. of Workers employed Through Contractors,3030,Manufacture of Air and Spacecraft and Related Machinery,4-digit,6547,-
2008,2022-23,All India,Combined,No. of Workers employed Through Contractors,243,Casting of Metals,3-digit,114303,-
2008,2022-23,All India,Combined,No. of Workers employed Through Contractors,242,Manufacture of Basic Precious and Other Non-ferrous Metals,3-digit,74449,-
2008,2022-23,All India,Combined,No. of Workers employed Through Contractors,27,Manufacture of Electrical Equipment,2-digit,306619,-
2008,2022-23,All India,Combined,No. of Workers employed Through Contractors,303,Manufacture of Air and Spacecraft and Related Machinery,3-digit,6547,-
2008,2022-23,All India,Combined,No. of Workers employed Through Contractors,273,Manufacture of Wiring and Wiring Devices,3-digit,79681,-
2008,2022-23,All India,Combined,No. of Workers employed Through Contractors,271,"Manufacture of Electric Motors, Generators, Transformers and Electricity Distribution and Control Apparatus",3-digit,86545,-
2008,2022-23,All India,Combined,No. of Workers employed Through Contractors,259,Manufacture of Other Fabricated Metal Products; Metalworking Service Activities,3-digit,141035,-
2008,2022-23,All India,Combined,No. of Workers employed Through Contractors,24,Manufacture of Basic Metals,2-digit,609292,-
2008,2022-23,All India,Combined,No. of Workers employed Through Contractors,30,Manufacture of Other Transport Equipment,2-digit,169049,-
2008,2022-23,All India,Combined,No. of Workers employed Through Contractors,251,"Manufacture of Structural Metal Products, Tanks, Reservoirs and Steam Generators",3-digit,102478,-
2008,2022-23,All India,Combined,No. of Workers employed Through Contractors,25,"Manufacture of Fabricated Metal Products, Except Machinery and Equipment",2-digit,245491,-
2008,2022-23,All India,Combined,No. of Employees Other Than Workers,27,Manufacture of Electrical Equipment,2-digit,175084,-
2008,2022-23,All India,Combined,No. of Employees Other Than Workers,2732,Manufacture of Other Electronic and Electric Wires and Cables,4-digit,18150,-
2008,2022-23,All India,Combined,No. of Employees Other Than Workers,303,Manufacture of Air and Spacecraft and Related Machinery,3-digit,10408,-
2008,2022-23,All India,Combined,No. of Employees Other Than Workers,273,Manufacture of Wiring and Wiring Devices,3-digit,42043,-
2008,2022-23,All India,Combined,No. of Employees Other Than Workers,271,"Manufacture of Electric Motors, Generators, Transformers and Electricity Distribution and Control Apparatus",3-digit,64305,-
2008,2022-23,All India,Combined,No. of Employees Other Than Workers,259,Manufacture of Other Fabricated Metal Products; Metalworking Service Activities,3-digit,105169,-
2008,2022-23,All India,Combined,No. of Employees Other Than Workers,30,Manufacture of Other Transport Equipment,2-digit,80995,-
2008,2022-23,All India,Combined,No. of Employees Other Than Workers,2710,"Manufacture of Electric Motors, Generators, Transformers and Electricity Distribution and Control Apparatus",4-digit,64305,-
2008,2022-23,All India,Combined,No. of Employees Other Than Workers,2599,Manufacture of Other Fabricated Metal Products N.e.c.,4-digit,66820,-
2008,2022-23,All India,Combined,No. of Employees Other Than Workers,2511,Manufacture of Structural Metal Products,4-digit,35090,-
2008,2022-23,All India,Combined,No. of Employees Other Than Workers,2432,Casting of Non-ferrous Metals,4-digit,6463,-
2008,2022-23,All India,Combined,No. of Employees Other Than Workers,2420,Manufacture of Basic Precious and Other Non-ferrous Metals,4-digit,32821,-
2008,2022-23,All India,Combined,No. of Employees Other Than Workers,242,Manufacture of Basic Precious and Other Non-ferrous Metals,3-digit,32821,-
2008,2022-23,All India,Combined,No. of Employees Other Than Workers,243,Casting of Metals,3-digit,61362,-
2008,2022-23,All India,Combined,No. of Employees Other Than Workers,251,"Manufacture of Structural Metal Products, Tanks, Reservoirs and Steam Generators",3-digit,54148,-
2008,2022-23,All India,Combined,No. of Employees Other Than Workers,3030,Manufacture of Air and Spacecraft and Related Machinery,4-digit,10408,-
2008,2022-23,All India,Combined,No. of Employees Other Than Workers,24,Manufacture of Basic Metals,2-digit,251200,-
2008,2022-23,All India,Combined,No. of Employees Other Than Workers,25,"Manufacture of Fabricated Metal Products, Except Machinery and Equipment",2-digit,161991,-
2008,2022-23,All India,Combined,No. of Employees Other Than Workers,2733,Manufacture of Wiring Devices,4-digit,20309,-
2008,2022-23,All India,Combined,No. of Employees Other Than Workers -Supervisory and Managerial,3030,Manufacture of Air and Spacecraft and Related Machinery,4-digit,6651,-
2008,2022-23,All India,Combined,No. of Employees Other Than Workers -Supervisory and Managerial,27,Manufacture of Electrical Equipment,2-digit,79975,-
2008,2022-23,All India,Combined,No. of Employees Other Than Workers -Supervisory and Managerial,24,Manufacture of Basic Metals,2-digit,136910,-
2008,2022-23,All India,Combined,No. of Employees Other Than Workers -Supervisory and Managerial,25,"Manufacture of Fabricated Metal Products, Except Machinery and Equipment",2-digit,78577,-
2008,2022-23,All India,Combined,No. of Employees Other Than Workers -Supervisory and Managerial,30,Manufacture of Other Transport Equipment,2-digit,41039,-
2008,2022-23,All India,Combined,No. of Employees Other Than Workers -Supervisory and Managerial,242,Manufacture of Basic Precious and Other Non-ferrous Metals,3-digit,18051,-
2008,2022-23,All India,Combined,No. of Employees Other Than Workers -Supervisory and Managerial,243,Casting of Metals,3-digit,30020,-
2008,2022-23,All India,Combined,No. of Employees Other Than Workers -Supervisory and Managerial,251,"Manufacture of Structural Metal Products, Tanks, Reservoirs and Steam Generators",3-digit,26890,-
2008,2022-23,All India,Combined,No. of Employees Other Than Workers -Supervisory and Managerial,259,Manufacture of Other Fabricated Metal Products; Metalworking Service Activities,3-digit,50063,-
2008,2022-23,All India,Combined,No. of Employees Other Than Workers -Supervisory and Managerial,271,"Manufacture of Electric Motors, Generators, Transformers and Electricity Distribution and Control Apparatus",3-digit,33479,-
2008,2022-23,All India,Combined,No. of Employees Other Than Workers -Supervisory and Managerial,273,Manufacture of Wiring and Wiring Devices,3-digit,15750,-
2008,2022-23,All India,Combined,No. of Employees Other Than Workers -Supervisory and Managerial,303,Manufacture of Air and Spacecraft and Related Machinery,3-digit,6651,-
2008,2022-23,All India,Combined,No. of Employees Other Than Workers -Supervisory and Managerial,2420,Manufacture of Basic Precious and Other Non-ferrous Metals,4-digit,18051,-
2008,2022-23,All India,Combined,No. of Employees Other Than Workers -Supervisory and Managerial,2432,Casting of Non-ferrous Metals,4-digit,3129,-
2008,2022-23,All India,Combined,No. of Employees Other Than Workers -Supervisory and Managerial,2511,Manufacture of Structural Metal Products,4-digit,16846,-
2008,2022-23,All India,Combined,No. of Employees Other Than Workers -Supervisory and Managerial,2599,Manufacture of Other Fabricated Metal Products N.e.c.,4-digit,32132,-
2008,2022-23,All India,Combined,No. of Employees Other Than Workers -Supervisory and Managerial,2710,"Manufacture of Electric Motors, Generators, Transformers and Electricity Distribution and Control Apparatus",4-digit,33479,-
2008,2022-23,All India,Combined,No. of Employees Other Than Workers -Supervisory and Managerial,2732,Manufacture of Other Electronic and Electric Wires and Cables,4-digit,10034,-
2008,2022-23,All India,Combined,No. of Employees Other Than Workers -Supervisory and Managerial,2733,Manufacture of Wiring Devices,4-digit,3702,-
2008,2022-23,All India,Combined,No. of Employees Other Than Workers -Other Employees,2599,Manufacture of Other Fabricated Metal Products N.e.c.,4-digit,34688,-
2008,2022-23,All India,Combined,No. of Employees Other Than Workers -Other Employees,2733,Manufacture of Wiring Devices,4-digit,16607,-
2008,2022-23,All India,Combined,No. of Employees Other Than Workers -Other Employees,2732,Manufacture of Other Electronic and Electric Wires and Cables,4-digit,8116,-
2008,2022-23,All India,Combined,No. of Employees Other Than Workers -Other Employees,2710,"Manufacture of Electric Motors, Generators, Transformers and Electricity Distribution and Control Apparatus",4-digit,30826,-
2008,2022-23,All India,Combined,No. of Employees Other Than Workers -Other Employees,2511,Manufacture of Structural Metal Products,4-digit,18244,-
2008,2022-23,All India,Combined,No. of Employees Other Than Workers -Other Employees,2432,Casting of Non-ferrous Metals,4-digit,3334,-
2008,2022-23,All India,Combined,No. of Employees Other Than Workers -Other Employees,2420,Manufacture of Basic Precious and Other Non-ferrous Metals,4-digit,14770,-
2008,2022-23,All India,Combined,No. of Employees Other Than Workers -Other Employees,303,Manufacture of Air and Spacecraft and Related Machinery,3-digit,3757,-
2008,2022-23,All India,Combined,No. of Employees Other Than Workers -Other Employees,273,Manufacture of Wiring and Wiring Devices,3-digit,26293,-
2008,2022-23,All India,Combined,No. of Employees Other Than Workers -Other Employees,271,"Manufacture of Electric Motors, Generators, Transformers and Electricity Distribution and Control Apparatus",3-digit,30826,-
2008,2022-23,All India,Combined,No. of Employees Other Than Workers -Other Employees,259,Manufacture of Other Fabricated Metal Products; Metalworking Service Activities,3-digit,55106,-
2008,2022-23,All India,Combined,No. of Employees Other Than Workers -Other Employees,251,"Manufacture of Structural Metal Products, Tanks, Reservoirs and Steam Generators",3-digit,27258,-
2008,2022-23,All India,Combined,No. of Employees Other Than Workers -Other Employees,243,Casting of Metals,3-digit,31342,-
2008,2022-23,All India,Combined,No. of Employees Other Than Workers -Other Employees,242,Manufacture of Basic Precious and Other Non-ferrous Metals,3-digit,14770,-
2008,2022-23,All India,Combined,No. of Employees Other Than Workers -Other Employees,25,"Manufacture of Fabricated Metal Products, Except Machinery and Equipment",2-digit,83414,-
2008,2022-23,All India,Combined,No. of Employees Other Than Workers -Other Employees,27,Manufacture of Electrical Equipment,2-digit,95109,-
2008,2022-23,All India,Combined,No. of Employees Other Than Workers -Other Employees,30,Manufacture of Other Transport Equipment,2-digit,39956,-
2008,2022-23,All India,Combined,No. of Employees Other Than Workers -Other Employees,24,Manufacture of Basic Metals,2-digit,114290,-
2008,2022-23,All India,Combined,No. of Employees Other Than Workers -Other Employees,3030,Manufacture of Air and Spacecraft and Related Machinery,4-digit,3757,-
2008,2022-23,All India,Combined,Unpaid family members-proprietor etc,273,Manufacture of Wiring and Wiring Devices,3-digit,162,-
2008,2022-23,All India,Combined,Unpaid family members-proprietor etc,303,Manufacture of Air and Spacecraft and Related Machinery,3-digit,5,-
2008,2022-23,All India,Combined,Unpaid family members-proprietor etc,25,"Manufacture of Fabricated Metal Products, Except Machinery and Equipment",2-digit,3535,-
2008,2022-23,All India,Combined,Unpaid family members-proprietor etc,27,Manufacture of Electrical Equipment,2-digit,1018,-
2008,2022-23,All India,Combined,Unpaid family members-proprietor etc,30,Manufacture of Other Transport Equipment,2-digit,416,-
2008,2022-23,All India,Combined,Unpaid family members-proprietor etc,24,Manufacture of Basic Metals,2-digit,2403,-
2008,2022-23,All India,Combined,Unpaid family members-proprietor etc,2420,Manufacture of Basic Precious and Other Non-ferrous Metals,4-digit,439,-
2008,2022-23,All India,Combined,Unpaid family members-proprietor etc,2432,Casting of Non-ferrous Metals,4-digit,113,-
2008,2022-23,All India,Combined,Unpaid family members-proprietor etc,2511,Manufacture of Structural Metal Products,4-digit,550,-
2008,2022-23,All India,Combined,Unpaid family members-proprietor etc,2599,Manufacture of Other Fabricated Metal Products N.e.c.,4-digit,1674,-
2008,2022-23,All India,Combined,Unpaid family members-proprietor etc,2710,"Manufacture of Electric Motors, Generators, Transformers and Electricity Distribution and Control Apparatus",4-digit,337,-
2008,2022-23,All India,Combined,Unpaid family members-proprietor etc,2732,Manufacture of Other Electronic and Electric Wires and Cables,4-digit,98,-
2008,2022-23,All India,Combined,Unpaid family members-proprietor etc,2733,Manufacture of Wiring Devices,4-digit,64,-
2008,2022-23,All India,Combined,Unpaid family members-proprietor etc,3030,Manufacture of Air and Spacecraft and Related Machinery,4-digit,5,-
2008,2022-23,All India,Combined,Unpaid family members-proprietor etc,242,Manufacture of Basic Precious and Other Non-ferrous Metals,3-digit,439,-
2008,2022-23,All India,Combined,Unpaid family members-proprietor etc,243,Casting of Metals,3-digit,907,-
2008,2022-23,All India,Combined,Unpaid family members-proprietor etc,251,"Manufacture of Structural Metal Products, Tanks, Reservoirs and Steam Generators",3-digit,853,-
2008,2022-23,All India,Combined,Unpaid family members-proprietor etc,259,Manufacture of Other Fabricated Metal Products; Metalworking Service Activities,3-digit,2626,-
2008,2022-23,All India,Combined,Unpaid family members-proprietor etc,271,"Manufacture of Electric Motors, Generators, Transformers and Electricity Distribution and Control Apparatus",3-digit,337,-
2008,2022-23,All India,Combined,Wages and Salaries,273,Manufacture of Wiring and Wiring Devices,3-digit,617761,₹ lakhs
2008,2022-23,All India,Combined,Wages and Salaries,303,Manufacture of Air and Spacecraft and Related Machinery,3-digit,169354,₹ lakhs
2008,2022-23,All India,Combined,Wages and Salaries,242,Manufacture of Basic Precious and Other Non-ferrous Metals,3-digit,750330,₹ lakhs
2008,2022-23,All India,Combined,Wages and Salaries,243,Casting of Metals,3-digit,914341,₹ lakhs
2008,2022-23,All India,Combined,Wages and Salaries,251,"Manufacture of Structural Metal Products, Tanks, Reservoirs and Steam Generators",3-digit,894762,₹ lakhs
2008,2022-23,All India,Combined,Wages and Salaries,24,Manufacture of Basic Metals,2-digit,5732535,₹ lakhs
2008,2022-23,All India,Combined,Wages and Salaries,27,Manufacture of Electrical Equipment,2-digit,2976427,₹ lakhs
2008,2022-23,All India,Combined,Wages and Salaries,30,Manufacture of Other Transport Equipment,2-digit,1569463,₹ lakhs
2008,2022-23,All India,Combined,Wages and Salaries,25,"Manufacture of Fabricated Metal Products, Except Machinery and Equipment",2-digit,2555174,₹ lakhs
2008,2022-23,All India,Combined,Wages and Salaries,2733,Manufacture of Wiring Devices,4-digit,223806,₹ lakhs
2008,2022-23,All India,Combined,Wages and Salaries,2420,Manufacture of Basic Precious and Other Non-ferrous Metals,4-digit,750330,₹ lakhs
2008,2022-23,All India,Combined,Wages and Salaries,2599,Manufacture of Other Fabricated Metal Products N.e.c.,4-digit,996866,₹ lakhs
2008,2022-23,All India,Combined,Wages and Salaries,2732,Manufacture of Other Electronic and Electric Wires and Cables,4-digit,310382,₹ lakhs
2008,2022-23,All India,Combined,Wages and Salaries,2710,"Manufacture of Electric Motors, Generators, Transformers and Electricity Distribution and Control Apparatus",4-digit,1132637,₹ lakhs
2008,2022-23,All India,Combined,Wages and Salaries,3030,Manufacture of Air and Spacecraft and Related Machinery,4-digit,169354,₹ lakhs
2008,2022-23,All India,Combined,Wages and Salaries,2432,Casting of Non-ferrous Metals,4-digit,95579,₹ lakhs
2008,2022-23,All India,Combined,Wages and Salaries,2511,Manufacture of Structural Metal Products,4-digit,507301,₹ lakhs
2008,2022-23,All India,Combined,Wages and Salaries,259,Manufacture of Other Fabricated Metal Products; Metalworking Service Activities,3-digit,1617961,₹ lakhs
2008,2022-23,All India,Combined,Wages and Salaries,271,"Manufacture of Electric Motors, Generators, Transformers and Electricity Distribution and Control Apparatus",3-digit,1132637,₹ lakhs
2008,2021-22,All India,Combined,Total Output,2432,Casting of Non-ferrous Metals,4-digit,1768251,₹ lakhs
2008,2021-22,All India,Combined,Total Output,24,Manufacture of Basic Metals,2-digit,190235652,₹ lakhs
2008,2021-22,All India,Combined,Total Output,25,"Manufacture of Fabricated Metal Products, Except Machinery and Equipment",2-digit,28009698,₹ lakhs
2008,2021-22,All India,Combined,Total Output,27,Manufacture of Electrical Equipment,2-digit,40387529,₹ lakhs
2008,2021-22,All India,Combined,Total Output,30,Manufacture of Other Transport Equipment,2-digit,24208751,₹ lakhs
2008,2021-22,All India,Combined,Total Output,251,"Manufacture of Structural Metal Products, Tanks, Reservoirs and Steam Generators",3-digit,10240730,₹ lakhs
2008,2021-22,All India,Combined,Total Output,243,Casting of Metals,3-digit,16697644,₹ lakhs
2008,2021-22,All India,Combined,Total Output,242,Manufacture of Basic Precious and Other Non-ferrous Metals,3-digit,38837948,₹ lakhs
2008,2021-22,All India,Combined,Total Output,273,Manufacture of Wiring and Wiring Devices,3-digit,12163317,₹ lakhs
2008,2021-22,All India,Combined,Total Output,2733,Manufacture of Wiring Devices,4-digit,1297238,₹ lakhs
2008,2021-22,All India,Combined,Total Output,2732,Manufacture of Other Electronic and Electric Wires and Cables,4-digit,9532656,₹ lakhs
2008,2021-22,All India,Combined,Total Output,2710,"Manufacture of Electric Motors, Generators, Transformers and Electricity Distribution and Control Apparatus",4-digit,12782862,₹ lakhs
2008,2021-22,All India,Combined,Total Output,2599,Manufacture of Other Fabricated Metal Products N.e.c.,4-digit,10306580,₹ lakhs
2008,2021-22,All India,Combined,Total Output,2511,Manufacture of Structural Metal Products,4-digit,6591858,₹ lakhs
2008,2021-22,All India,Combined,Total Output,3030,Manufacture of Air and Spacecraft and Related Machinery,4-digit,1382548,₹ lakhs
2008,2021-22,All India,Combined,Total Output,303,Manufacture of Air and Spacecraft and Related Machinery,3-digit,1382548,₹ lakhs
2008,2021-22,All India,Combined,Total Output,271,"Manufacture of Electric Motors, Generators, Transformers and Electricity Distribution and Control Apparatus",3-digit,12782862,₹ lakhs
2008,2021-22,All India,Combined,Total Output,259,Manufacture of Other Fabricated Metal Products; Metalworking Service Activities,3-digit,17071797,₹ lakhs
2008,2021-22,All India,Combined,Total Output,2420,Manufacture of Basic Precious and Other Non-ferrous Metals,4-digit,38837948,₹ lakhs
2008,2021-22,All India,Combined,Total Inputs,242,Manufacture of Basic Precious and Other Non-ferrous Metals,3-digit,32503964,₹ lakhs
2008,2021-22,All India,Combined,Total Inputs,30,Manufacture of Other Transport Equipment,2-digit,19218433,₹ lakhs
2008,2021-22,All India,Combined,Total Inputs,27,Manufacture of Electrical Equipment,2-digit,33887356,₹ lakhs
2008,2021-22,All India,Combined,Total Inputs,24,Manufacture of Basic Metals,2-digit,156081525,₹ lakhs
2008,2021-22,All India,Combined,Total Inputs,25,"Manufacture of Fabricated Metal Products, Except Machinery and Equipment",2-digit,22622423,₹ lakhs
2008,2021-22,All India,Combined,Total Inputs,303,Manufacture of Air and Spacecraft and Related Machinery,3-digit,909279,₹ lakhs
2008,2021-22,All India,Combined,Total Inputs,273,Manufacture of Wiring and Wiring Devices,3-digit,10639671,₹ lakhs
2008,2021-22,All India,Combined,Total Inputs,271,"Manufacture of Electric Motors, Generators, Transformers and Electricity Distribution and Control Apparatus",3-digit,10349761,₹ lakhs
2008,2021-22,All India,Combined,Total Inputs,2420,Manufacture of Basic Precious and Other Non-ferrous Metals,4-digit,32503964,₹ lakhs
2008,2021-22,All India,Combined,Total Inputs,2432,Casting of Non-ferrous Metals,4-digit,1520960,₹ lakhs
2008,2021-22,All India,Combined,Total Inputs,2511,Manufacture of Structural Metal Products,4-digit,5628509,₹ lakhs
2008,2021-22,All India,Combined,Total Inputs,2599,Manufacture of Other Fabricated Metal Products N.e.c.,4-digit,8293585,₹ lakhs
2008,2021-22,All India,Combined,Total Inputs,2710,"Manufacture of Electric Motors, Generators, Transformers and Electricity Distribution and Control Apparatus",4-digit,10349761,₹ lakhs
2008,2021-22,All India,Combined,Total Inputs,2732,Manufacture of Other Electronic and Electric Wires and Cables,4-digit,8545543,₹ lakhs
2008,2021-22,All India,Combined,Total Inputs,2733,Manufacture of Wiring Devices,4-digit,992510,₹ lakhs
2008,2021-22,All India,Combined,Total Inputs,3030,Manufacture of Air and Spacecraft and Related Machinery,4-digit,909279,₹ lakhs
2008,2021-22,All India,Combined,Total Inputs,259,Manufacture of Other Fabricated Metal Products; Metalworking Service Activities,3-digit,13738501,₹ lakhs
2008,2021-22,All India,Combined,Total Inputs,251,"Manufacture of Structural Metal Products, Tanks, Reservoirs and Steam Generators",3-digit,8557490,₹ lakhs
2008,2021-22,All India,Combined,Total Inputs,243,Casting of Metals,3-digit,14526590,₹ lakhs
2008,2021-22,All India,Combined,Gross Value Added,2710,"Manufacture of Electric Motors, Generators, Transformers and Electricity Distribution and Control Apparatus",4-digit,2433101,₹ lakhs
2008,2021-22,All India,Combined,Gross Value Added,2732,Manufacture of Other Electronic and Electric Wires and Cables,4-digit,987113,₹ lakhs
2008,2021-22,All India,Combined,Gross Value Added,2733,Manufacture of Wiring Devices,4-digit,304728,₹ lakhs
2008,2021-22,All India,Combined,Gross Value Added,24,Manufacture of Basic Metals,2-digit,34154127,₹ lakhs
2008,2021-22,All India,Combined,Gross Value Added,25,"Manufacture of Fabricated Metal Products, Except Machinery and Equipment",2-digit,5387275,₹ lakhs
2008,2021-22,All India,Combined,Gross Value Added,27,Manufacture of Electrical Equipment,2-digit,6500173,₹ lakhs
2008,2021-22,All India,Combined,Gross Value Added,30,Manufacture of Other Transport Equipment,2-digit,4990318,₹ lakhs
2008,2021-22,All India,Combined,Gross Value Added,3030,Manufacture of Air and Spacecraft and Related Machinery,4-digit,473269,₹ lakhs
2008,2021-22,All India,Combined,Gross Value Added,303,Manufacture of Air and Spacecraft and Related Machinery,3-digit,473269,₹ lakhs
2008,2021-22,All India,Combined,Gross Value Added,2511,Manufacture of Structural Metal Products,4-digit,963349,₹ lakhs
2008,2021-22,All India,Combined,Gross Value Added,2432,Casting of Non-ferrous Metals,4-digit,247291,₹ lakhs
2008,2021-22,All India,Combined,Gross Value Added,2420,Manufacture of Basic Precious and Other Non-ferrous Metals,4-digit,6333984,₹ lakhs
2008,2021-22,All India,Combined,Gross Value Added,242,Manufacture of Basic Precious and Other Non-ferrous Metals,3-digit,6333984,₹ lakhs
2008,2021-22,All India,Combined,Gross Value Added,243,Casting of Metals,3-digit,2171054,₹ lakhs
2008,2021-22,All India,Combined,Gross Value Added,251,"Manufacture of Structural Metal Products, Tanks, Reservoirs and Steam Generators",3-digit,1683240,₹ lakhs
2008,2021-22,All India,Combined,Gross Value Added,259,Manufacture of Other Fabricated Metal Products; Metalworking Service Activities,3-digit,3333296,₹ lakhs
2008,2021-22,All India,Combined,Gross Value Added,271,"Manufacture of Electric Motors, Generators, Transformers and Electricity Distribution and Control Apparatus",3-digit,2433101,₹ lakhs
2008,2021-22,All India,Combined,Gross Value Added,273,Manufacture of Wiring and Wiring Devices,3-digit,1523646,₹ lakhs
2008,2021-22,All India,Combined,Gross Value Added,2599,Manufacture of Other Fabricated Metal Products N.e.c.,4-digit,2012995,₹ lakhs
2008,2021-22,All India,Combined,Net Value Added,2710,"Manufacture of Electric Motors, Generators, Transformers and Electricity Distribution and Control Apparatus",4-digit,2229041,₹ lakhs
2008,2021-22,All India,Combined,Net Value Added,2599,Manufacture of Other Fabricated Metal Products N.e.c.,4-digit,1786771,₹ lakhs
2008,2021-22,All India,Combined,Net Value Added,27,Manufacture of Electrical Equipment,2-digit,5781558,₹ lakhs
2008,2021-22,All India,Combined,Net Value Added,303,Manufacture of Air and Spacecraft and Related Machinery,3-digit,415695,₹ lakhs
2008,2021-22,All India,Combined,Net Value Added,2420,Manufacture of Basic Precious and Other Non-ferrous Metals,4-digit,5651869,₹ lakhs
2008,2021-22,All India,Combined,Net Value Added,2432,Casting of Non-ferrous Metals,4-digit,205139,₹ lakhs
2008,2021-22,All India,Combined,Net Value Added,271,"Manufacture of Electric Motors, Generators, Transformers and Electricity Distribution and Control Apparatus",3-digit,2229041,₹ lakhs
2008,2021-22,All India,Combined,Net Value Added,259,Manufacture of Other Fabricated Metal Products; Metalworking Service Activities,3-digit,2922703,₹ lakhs
2008,2021-22,All India,Combined,Net Value Added,251,"Manufacture of Structural Metal Products, Tanks, Reservoirs and Steam Generators",3-digit,1510879,₹ lakhs
2008,2021-22,All India,Combined,Net Value Added,243,Casting of Metals,3-digit,1715767,₹ lakhs
2008,2021-22,All India,Combined,Net Value Added,30,Manufacture of Other Transport Equipment,2-digit,4395935,₹ lakhs
2008,2021-22,All India,Combined,Net Value Added,242,Manufacture of Basic Precious and Other Non-ferrous Metals,3-digit,5651869,₹ lakhs
2008,2021-22,All India,Combined,Net Value Added,2511,Manufacture of Structural Metal Products,4-digit,848918,₹ lakhs
2008,2021-22,All India,Combined,Net Value Added,24,Manufacture of Basic Metals,2-digit,29641545,₹ lakhs
2008,2021-22,All India,Combined,Net Value Added,273,Manufacture of Wiring and Wiring Devices,3-digit,1356412,₹ lakhs
2008,2021-22,All India,Combined,Net Value Added,25,"Manufacture of Fabricated Metal Products, Except Machinery and Equipment",2-digit,4769217,₹ lakhs
2008,2021-22,All India,Combined,Net Value Added,2732,Manufacture of Other Electronic and Electric Wires and Cables,4-digit,885330,₹ lakhs
2008,2021-22,All India,Combined,Net Value Added,3030,Manufacture of Air and Spacecraft and Related Machinery,4-digit,415695,₹ lakhs
2008,2021-22,All India,Combined,Net Value Added,2733,Manufacture of Wiring Devices,4-digit,276712,₹ lakhs
2008,2021-22,All India,Combined,Net Income,242,Manufacture of Basic Precious and Other Non-ferrous Metals,3-digit,4836260,₹ lakhs
2008,2021-22,All India,Combined,Net Income,251,"Manufacture of Structural Metal Products, Tanks, Reservoirs and Steam Generators",3-digit,1356665,₹ lakhs
2008,2021-22,All India,Combined,Net Income,259,Manufacture of Other Fabricated Metal Products; Metalworking Service Activities,3-digit,2665933,₹ lakhs
2008,2021-22,All India,Combined,Net Income,271,"Manufacture of Electric Motors, Generators, Transformers and Electricity Distribution and Control Apparatus",3-digit,2108004,₹ lakhs
2008,2021-22,All India,Combined,Net Income,273,Manufacture of Wiring and Wiring Devices,3-digit,1205238,₹ lakhs
2008,2021-22,All India,Combined,Net Income,2511,Manufacture of Structural Metal Products,4-digit,750192,₹ lakhs
2008,2021-22,All India,Combined,Net Income,2710,"Manufacture of Electric Motors, Generators, Transformers and Electricity Distribution and Control Apparatus",4-digit,2108004,₹ lakhs
2008,2021-22,All India,Combined,Net Income,2599,Manufacture of Other Fabricated Metal Products N.e.c.,4-digit,1620960,₹ lakhs
2008,2021-22,All India,Combined,Net Income,303,Manufacture of Air and Spacecraft and Related Machinery,3-digit,402771,₹ lakhs
2008,2021-22,All India,Combined,Net Income,30,Manufacture of Other Transport Equipment,2-digit,4245842,₹ lakhs
2008,2021-22,All India,Combined,Net Income,25,"Manufacture of Fabricated Metal Products, Except Machinery and Equipment",2-digit,4346697,₹ lakhs
2008,2021-22,All India,Combined,Net Income,24,Manufacture of Basic Metals,2-digit,26610152,₹ lakhs
2008,2021-22,All India,Combined,Net Income,27,Manufacture of Electrical Equipment,2-digit,5335838,₹ lakhs
2008,2021-22,All India,Combined,Net Income,2733,Manufacture of Wiring Devices,4-digit,261033,₹ lakhs
2008,2021-22,All India,Combined,Net Income,3030,Manufacture of Air and Spacecraft and Related Machinery,4-digit,402771,₹ lakhs
2008,2021-22,All India,Combined,Net Income,2732,Manufacture of Other Electronic and Electric Wires and Cables,4-digit,781469,₹ lakhs
2008,2021-22,All India,Combined,Net Income,2420,Manufacture of Basic Precious and Other Non-ferrous Metals,4-digit,4836260,₹ lakhs
2008,2021-22,All India,Combined,Net Income,2432,Casting of Non-ferrous Metals,4-digit,172686,₹ lakhs
2008,2021-22,All India,Combined,Net Income,243,Casting of Metals,3-digit,1490917,₹ lakhs
2008,2021-22,All India,Combined,Net Profit,2511,Manufacture of Structural Metal Products,4-digit,259156,₹ lakhs
2008,2021-22,All India,Combined,Net Profit,2733,Manufacture of Wiring Devices,4-digit,119093,₹ lakhs
2008,2021-22,All India,Combined,Net Profit,2732,Manufacture of Other Electronic and Electric Wires and Cables,4-digit,447755,₹ lakhs
2008,2021-22,All India,Combined,Net Profit,2710,"Manufacture of Electric Motors, Generators, Transformers and Electricity Distribution and Control Apparatus",4-digit,971196,₹ lakhs
2008,2021-22,All India,Combined,Net Profit,2599,Manufacture of Other Fabricated Metal Products N.e.c.,4-digit,750396,₹ lakhs
2008,2021-22,All India,Combined,Net Profit,2432,Casting of Non-ferrous Metals,4-digit,69338,₹ lakhs
2008,2021-22,All India,Combined,Net Profit,2420,Manufacture of Basic Precious and Other Non-ferrous Metals,4-digit,3973408,₹ lakhs
2008,2021-22,All India,Combined,Net Profit,30,Manufacture of Other Transport Equipment,2-digit,2581355,₹ lakhs
2008,2021-22,All India,Combined,Net Profit,27,Manufacture of Electrical Equipment,2-digit,2520242,₹ lakhs
2008,2021-22,All India,Combined,Net Profit,3030,Manufacture of Air and Spacecraft and Related Machinery,4-digit,193669,₹ lakhs
2008,2021-22,All India,Combined,Net Profit,24,Manufacture of Basic Metals,2-digit,20375235,₹ lakhs
2008,2021-22,All India,Combined,Net Profit,25,"Manufacture of Fabricated Metal Products, Except Machinery and Equipment",2-digit,1891674,₹ lakhs
2008,2021-22,All India,Combined,Net Profit,242,Manufacture of Basic Precious and Other Non-ferrous Metals,3-digit,3973408,₹ lakhs
2008,2021-22,All India,Combined,Net Profit,243,Casting of Metals,3-digit,629793,₹ lakhs
2008,2021-22,All India,Combined,Net Profit,251,"Manufacture of Structural Metal Products, Tanks, Reservoirs and Steam Generators",3-digit,467035,₹ lakhs
2008,2021-22,All India,Combined,Net Profit,259,Manufacture of Other Fabricated Metal Products; Metalworking Service Activities,3-digit,1186146,₹ lakhs
2008,2021-22,All India,Combined,Net Profit,271,"Manufacture of Electric Motors, Generators, Transformers and Electricity Distribution and Control Apparatus",3-digit,971196,₹ lakhs
2008,2021-22,All India,Combined,Net Profit,273,Manufacture of Wiring and Wiring Devices,3-digit,652873,₹ lakhs
2008,2021-22,All India,Combined,Net Profit,303,Manufacture of Air and Spacecraft and Related Machinery,3-digit,193669,₹ lakhs
2008,2021-22,All India,Combined,Total Number of Persons Engaged,24,Manufacture of Basic Metals,2-digit,1271623,-
2008,2021-22,All India,Combined,Total Number of Persons Engaged,259,Manufacture of Other Fabricated Metal Products; Metalworking Service Activities,3-digit,457120,-
2008,2021-22,All India,Combined,Total Number of Persons Engaged,271,"Manufacture of Electric Motors, Generators, Transformers and Electricity Distribution and Control Apparatus",3-digit,220534,-
2008,2021-22,All India,Combined,Total Number of Persons Engaged,273,Manufacture of Wiring and Wiring Devices,3-digit,150784,-
2008,2021-22,All India,Combined,Total Number of Persons Engaged,3030,Manufacture of Air and Spacecraft and Related Machinery,4-digit,29011,-
2008,2021-22,All India,Combined,Total Number of Persons Engaged,2732,Manufacture of Other Electronic and Electric Wires and Cables,4-digit,93558,-
2008,2021-22,All India,Combined,Total Number of Persons Engaged,2432,Casting of Non-ferrous Metals,4-digit,32479,-
2008,2021-22,All India,Combined,Total Number of Persons Engaged,2710,"Manufacture of Electric Motors, Generators, Transformers and Electricity Distribution and Control Apparatus",4-digit,220534,-
2008,2021-22,All India,Combined,Total Number of Persons Engaged,2599,Manufacture of Other Fabricated Metal Products N.e.c.,4-digit,275543,-
2008,2021-22,All India,Combined,Total Number of Persons Engaged,2511,Manufacture of Structural Metal Products,4-digit,143213,-
2008,2021-22,All India,Combined,Total Number of Persons Engaged,251,"Manufacture of Structural Metal Products, Tanks, Reservoirs and Steam Generators",3-digit,232513,-
2008,2021-22,All India,Combined,Total Number of Persons Engaged,243,Casting of Metals,3-digit,268955,-
2008,2021-22,All India,Combined,Total Number of Persons Engaged,2733,Manufacture of Wiring Devices,4-digit,41560,-
2008,2021-22,All India,Combined,Total Number of Persons Engaged,242,Manufacture of Basic Precious and Other Non-ferrous Metals,3-digit,152538,-
2008,2021-22,All India,Combined,Total Number of Persons Engaged,303,Manufacture of Air and Spacecraft and Related Machinery,3-digit,29011,-
2008,2021-22,All India,Combined,Total Number of Persons Engaged,30,Manufacture of Other Transport Equipment,2-digit,361877,-
2008,2021-22,All India,Combined,Total Number of Persons Engaged,2420,Manufacture of Basic Precious and Other Non-ferrous Metals,4-digit,152538,-
2008,2021-22,All India,Combined,Total Number of Persons Engaged,27,Manufacture of Electrical Equipment,2-digit,665596,-
2008,2021-22,All India,Combined,Total Number of Persons Engaged,25,"Manufacture of Fabricated Metal Products, Except Machinery and Equipment",2-digit,705612,-
2008,2021-22,All India,Combined,Total Number of Workers,2432,Casting of Non-ferrous Metals,4-digit,26163,-
2008,2021-22,All India,Combined,Total Number of Workers,2599,Manufacture of Other Fabricated Metal Products N.e.c.,4-digit,217822,-
2008,2021-22,All India,Combined,Total Number of Workers,2710,"Manufacture of Electric Motors, Generators, Transformers and Electricity Distribution and Control Apparatus",4-digit,161711,-
2008,2021-22,All India,Combined,Total Number of Workers,2732,Manufacture of Other Electronic and Electric Wires and Cables,4-digit,75940,-
2008,2021-22,All India,Combined,Total Number of Workers,2733,Manufacture of Wiring Devices,4-digit,34357,-
2008,2021-22,All India,Combined,Total Number of Workers,30,Manufacture of Other Transport Equipment,2-digit,287941,-
2008,2021-22,All India,Combined,Total Number of Workers,27,Manufacture of Electrical Equipment,2-digit,519024,-
2008,2021-22,All India,Combined,Total Number of Workers,25,"Manufacture of Fabricated Metal Products, Except Machinery and Equipment",2-digit,551295,-
2008,2021-22,All India,Combined,Total Number of Workers,24,Manufacture of Basic Metals,2-digit,1038763,-
2008,2021-22,All India,Combined,Total Number of Workers,3030,Manufacture of Air and Spacecraft and Related Machinery,4-digit,21025,-
2008,2021-22,All India,Combined,Total Number of Workers,259,Manufacture of Other Fabricated Metal Products; Metalworking Service Activities,3-digit,362915,-
2008,2021-22,All India,Combined,Total Number of Workers,251,"Manufacture of Structural Metal Products, Tanks, Reservoirs and Steam Generators",3-digit,178405,-
2008,2021-22,All India,Combined,Total Number of Workers,243,Casting of Metals,3-digit,215324,-
2008,2021-22,All India,Combined,Total Number of Workers,242,Manufacture of Basic Precious and Other Non-ferrous Metals,3-digit,121265,-
2008,2021-22,All India,Combined,Total Number of Workers,271,"Manufacture of Electric Motors, Generators, Transformers and Electricity Distribution and Control Apparatus",3-digit,161711,-
2008,2021-22,All India,Combined,Total Number of Workers,273,Manufacture of Wiring and Wiring Devices,3-digit,122868,-
2008,2021-22,All India,Combined,Total Number of Workers,303,Manufacture of Air and Spacecraft and Related Machinery,3-digit,21025,-
2008,2021-22,All India,Combined,Total Number of Workers,2420,Manufacture of Basic Precious and Other Non-ferrous Metals,4-digit,121265,-
2008,2021-22,All India,Combined,Total Number of Workers,2511,Manufacture of Structural Metal Products,4-digit,109298,-
2008,2021-22,All India,Combined,No. of Directly Employed  Workers,2599,Manufacture of Other Fabricated Metal Products N.e.c.,4-digit,142245,-
2008,2021-22,All India,Combined,No. of Directly Employed  Workers,2420,Manufacture of Basic Precious and Other Non-ferrous Metals,4-digit,59002,-
2008,2021-22,All India,Combined,No. of Directly Employed  Workers,273,Manufacture of Wiring and Wiring Devices,3-digit,56414,-
2008,2021-22,All India,Combined,No. of Directly Employed  Workers,251,"Manufacture of Structural Metal Products, Tanks, Reservoirs and Steam Generators",3-digit,89578,-
2008,2021-22,All India,Combined,No. of Directly Employed  Workers,259,Manufacture of Other Fabricated Metal Products; Metalworking Service Activities,3-digit,234822,-
2008,2021-22,All India,Combined,No. of Directly Employed  Workers,303,Manufacture of Air and Spacecraft and Related Machinery,3-digit,13739,-
2008,2021-22,All India,Combined,No. of Directly Employed  Workers,242,Manufacture of Basic Precious and Other Non-ferrous Metals,3-digit,59002,-
2008,2021-22,All India,Combined,No. of Directly Employed  Workers,243,Casting of Metals,3-digit,117135,-
2008,2021-22,All India,Combined,No. of Directly Employed  Workers,271,"Manufacture of Electric Motors, Generators, Transformers and Electricity Distribution and Control Apparatus",3-digit,86214,-
2008,2021-22,All India,Combined,No. of Directly Employed  Workers,30,Manufacture of Other Transport Equipment,2-digit,138156,-
2008,2021-22,All India,Combined,No. of Directly Employed  Workers,27,Manufacture of Electrical Equipment,2-digit,267787,-
2008,2021-22,All India,Combined,No. of Directly Employed  Workers,25,"Manufacture of Fabricated Metal Products, Except Machinery and Equipment",2-digit,332234,-
2008,2021-22,All India,Combined,No. of Directly Employed  Workers,24,Manufacture of Basic Metals,2-digit,491012,-
2008,2021-22,All India,Combined,No. of Directly Employed  Workers,2710,"Manufacture of Electric Motors, Generators, Transformers and Electricity Distribution and Control Apparatus",4-digit,86214,-
2008,2021-22,All India,Combined,No. of Directly Employed  Workers,2733,Manufacture of Wiring Devices,4-digit,17822,-
2008,2021-22,All India,Combined,No. of Directly Employed  Workers,2732,Manufacture of Other Electronic and Electric Wires and Cables,4-digit,34437,-
2008,2021-22,All India,Combined,No. of Directly Employed  Workers,3030,Manufacture of Air and Spacecraft and Related Machinery,4-digit,13739,-
2008,2021-22,All India,Combined,No. of Directly Employed  Workers,2432,Casting of Non-ferrous Metals,4-digit,15045,-
2008,2021-22,All India,Combined,No. of Directly Employed  Workers,2511,Manufacture of Structural Metal Products,4-digit,52471,-
2008,2021-22,All India,Combined,No. of Workers employed Through Contractors,242,Manufacture of Basic Precious and Other Non-ferrous Metals,3-digit,62263,-
2008,2021-22,All India,Combined,No. of Workers employed Through Contractors,30,Manufacture of Other Transport Equipment,2-digit,149786,-
2008,2021-22,All India,Combined,No. of Workers employed Through Contractors,27,Manufacture of Electrical Equipment,2-digit,251238,-
2008,2021-22,All India,Combined,No. of Workers employed Through Contractors,25,"Manufacture of Fabricated Metal Products, Except Machinery and Equipment",2-digit,219061,-
2008,2021-22,All India,Combined,No. of Workers employed Through Contractors,24,Manufacture of Basic Metals,2-digit,547751,-
2008,2021-22,All India,Combined,No. of Workers employed Through Contractors,303,Manufacture of Air and Spacecraft and Related Machinery,3-digit,7286,-
2008,2021-22,All India,Combined,No. of Workers employed Through Contractors,273,Manufacture of Wiring and Wiring Devices,3-digit,66453,-
2008,2021-22,All India,Combined,No. of Workers employed Through Contractors,271,"Manufacture of Electric Motors, Generators, Transformers and Electricity Distribution and Control Apparatus",3-digit,75497,-
2008,2021-22,All India,Combined,No. of Workers employed Through Contractors,259,Manufacture of Other Fabricated Metal Products; Metalworking Service Activities,3-digit,128093,-
2008,2021-22,All India,Combined,No. of Workers employed Through Contractors,251,"Manufacture of Structural Metal Products, Tanks, Reservoirs and Steam Generators",3-digit,88826,-
2008,2021-22,All India,Combined,No. of Workers employed Through Contractors,243,Casting of Metals,3-digit,98189,-
2008,2021-22,All India,Combined,No. of Workers employed Through Contractors,3030,Manufacture of Air and Spacecraft and Related Machinery,4-digit,7286,-
2008,2021-22,All India,Combined,No. of Workers employed Through Contractors,2732,Manufacture of Other Electronic and Electric Wires and Cables,4-digit,41503,-
2008,2021-22,All India,Combined,No. of Workers employed Through Contractors,2733,Manufacture of Wiring Devices,4-digit,16535,-
2008,2021-22,All India,Combined,No. of Workers employed Through Contractors,2420,Manufacture of Basic Precious and Other Non-ferrous Metals,4-digit,62263,-
2008,2021-22,All India,Combined,No. of Workers employed Through Contractors,2432,Casting of Non-ferrous Metals,4-digit,11118,-
2008,2021-22,All India,Combined,No. of Workers employed Through Contractors,2511,Manufacture of Structural Metal Products,4-digit,56828,-
2008,2021-22,All India,Combined,No. of Workers employed Through Contractors,2599,Manufacture of Other Fabricated Metal Products N.e.c.,4-digit,75578,-
2008,2021-22,All India,Combined,No. of Workers employed Through Contractors,2710,"Manufacture of Electric Motors, Generators, Transformers and Electricity Distribution and Control Apparatus",4-digit,75497,-
2008,2021-22,All India,Combined,No. of Employees Other Than Workers,303,Manufacture of Air and Spacecraft and Related Machinery,3-digit,7975,-
2008,2021-22,All India,Combined,No. of Employees Other Than Workers,2420,Manufacture of Basic Precious and Other Non-ferrous Metals,4-digit,31033,-
2008,2021-22,All India,Combined,No. of Employees Other Than Workers,2599,Manufacture of Other Fabricated Metal Products N.e.c.,4-digit,55714,-
2008,2021-22,All India,Combined,No. of Employees Other Than Workers,2710,"Manufacture of Electric Motors, Generators, Transformers and Electricity Distribution and Control Apparatus",4-digit,58490,-
2008,2021-22,All India,Combined,No. of Employees Other Than Workers,2732,Manufacture of Other Electronic and Electric Wires and Cables,4-digit,17474,-
2008,2021-22,All India,Combined,No. of Employees Other Than Workers,2733,Manufacture of Wiring Devices,4-digit,7155,-
2008,2021-22,All India,Combined,No. of Employees Other Than Workers,242,Manufacture of Basic Precious and Other Non-ferrous Metals,3-digit,31033,-
2008,2021-22,All India,Combined,No. of Employees Other Than Workers,30,Manufacture of Other Transport Equipment,2-digit,73286,-
2008,2021-22,All India,Combined,No. of Employees Other Than Workers,27,Manufacture of Electrical Equipment,2-digit,145531,-
2008,2021-22,All India,Combined,No. of Employees Other Than Workers,25,"Manufacture of Fabricated Metal Products, Except Machinery and Equipment",2-digit,150259,-
2008,2021-22,All India,Combined,No. of Employees Other Than Workers,24,Manufacture of Basic Metals,2-digit,230992,-
2008,2021-22,All India,Combined,No. of Employees Other Than Workers,243,Casting of Metals,3-digit,52803,-
2008,2021-22,All India,Combined,No. of Employees Other Than Workers,251,"Manufacture of Structural Metal Products, Tanks, Reservoirs and Steam Generators",3-digit,53105,-
2008,2021-22,All India,Combined,No. of Employees Other Than Workers,259,Manufacture of Other Fabricated Metal Products; Metalworking Service Activities,3-digit,91210,-
2008,2021-22,All India,Combined,No. of Employees Other Than Workers,2432,Casting of Non-ferrous Metals,4-digit,6234,-
2008,2021-22,All India,Combined,No. of Employees Other Than Workers,3030,Manufacture of Air and Spacecraft and Related Machinery,4-digit,7975,-
2008,2021-22,All India,Combined,No. of Employees Other Than Workers,2511,Manufacture of Structural Metal Products,4-digit,33201,-
2008,2021-22,All India,Combined,No. of Employees Other Than Workers,271,"Manufacture of Electric Motors, Generators, Transformers and Electricity Distribution and Control Apparatus",3-digit,58490,-
2008,2021-22,All India,Combined,No. of Employees Other Than Workers,273,Manufacture of Wiring and Wiring Devices,3-digit,27715,-
2008,2021-22,All India,Combined,No. of Employees Other Than Workers -Supervisory and Managerial,271,"Manufacture of Electric Motors, Generators, Transformers and Electricity Distribution and Control Apparatus",3-digit,31256,-
2008,2021-22,All India,Combined,No. of Employees Other Than Workers -Supervisory and Managerial,259,Manufacture of Other Fabricated Metal Products; Metalworking Service Activities,3-digit,44536,-
2008,2021-22,All India,Combined,No. of Employees Other Than Workers -Supervisory and Managerial,242,Manufacture of Basic Precious and Other Non-ferrous Metals,3-digit,16727,-
2008,2021-22,All India,Combined,No. of Employees Other Than Workers -Supervisory and Managerial,2432,Casting of Non-ferrous Metals,4-digit,3314,-
2008,2021-22,All India,Combined,No. of Employees Other Than Workers -Supervisory and Managerial,2511,Manufacture of Structural Metal Products,4-digit,15374,-
2008,2021-22,All India,Combined,No. of Employees Other Than Workers -Supervisory and Managerial,2599,Manufacture of Other Fabricated Metal Products N.e.c.,4-digit,26429,-
2008,2021-22,All India,Combined,No. of Employees Other Than Workers -Supervisory and Managerial,2710,"Manufacture of Electric Motors, Generators, Transformers and Electricity Distribution and Control Apparatus",4-digit,31256,-
2008,2021-22,All India,Combined,No. of Employees Other Than Workers -Supervisory and Managerial,2732,Manufacture of Other Electronic and Electric Wires and Cables,4-digit,9318,-
2008,2021-22,All India,Combined,No. of Employees Other Than Workers -Supervisory and Managerial,30,Manufacture of Other Transport Equipment,2-digit,39242,-
2008,2021-22,All India,Combined,No. of Employees Other Than Workers -Supervisory and Managerial,27,Manufacture of Electrical Equipment,2-digit,71795,-
2008,2021-22,All India,Combined,No. of Employees Other Than Workers -Supervisory and Managerial,25,"Manufacture of Fabricated Metal Products, Except Machinery and Equipment",2-digit,72091,-
2008,2021-22,All India,Combined,No. of Employees Other Than Workers -Supervisory and Managerial,24,Manufacture of Basic Metals,2-digit,128402,-
2008,2021-22,All India,Combined,No. of Employees Other Than Workers -Supervisory and Managerial,3030,Manufacture of Air and Spacecraft and Related Machinery,4-digit,5137,-
2008,2021-22,All India,Combined,No. of Employees Other Than Workers -Supervisory and Managerial,2733,Manufacture of Wiring Devices,4-digit,2903,-
2008,2021-22,All India,Combined,No. of Employees Other Than Workers -Supervisory and Managerial,251,"Manufacture of Structural Metal Products, Tanks, Reservoirs and Steam Generators",3-digit,25207,-
2008,2021-22,All India,Combined,No. of Employees Other Than Workers -Supervisory and Managerial,243,Casting of Metals,3-digit,27676,-
2008,2021-22,All India,Combined,No. of Employees Other Than Workers -Supervisory and Managerial,2420,Manufacture of Basic Precious and Other Non-ferrous Metals,4-digit,16727,-
2008,2021-22,All India,Combined,No. of Employees Other Than Workers -Supervisory and Managerial,303,Manufacture of Air and Spacecraft and Related Machinery,3-digit,5137,-
2008,2021-22,All India,Combined,No. of Employees Other Than Workers -Supervisory and Managerial,273,Manufacture of Wiring and Wiring Devices,3-digit,13872,-
2008,2021-22,All India,Combined,No. of Employees Other Than Workers -Other Employees,259,Manufacture of Other Fabricated Metal Products; Metalworking Service Activities,3-digit,46674,-
2008,2021-22,All India,Combined,No. of Employees Other Than Workers -Other Employees,271,"Manufacture of Electric Motors, Generators, Transformers and Electricity Distribution and Control Apparatus",3-digit,27234,-
2008,2021-22,All India,Combined,No. of Employees Other Than Workers -Other Employees,303,Manufacture of Air and Spacecraft and Related Machinery,3-digit,2838,-
2008,2021-22,All India,Combined,No. of Employees Other Than Workers -Other Employees,3030,Manufacture of Air and Spacecraft and Related Machinery,4-digit,2838,-
2008,2021-22,All India,Combined,No. of Employees Other Than Workers -Other Employees,25,"Manufacture of Fabricated Metal Products, Except Machinery and Equipment",2-digit,78168,-
2008,2021-22,All India,Combined,No. of Employees Other Than Workers -Other Employees,24,Manufacture of Basic Metals,2-digit,102590,-
2008,2021-22,All India,Combined,No. of Employees Other Than Workers -Other Employees,27,Manufacture of Electrical Equipment,2-digit,73736,-
2008,2021-22,All India,Combined,No. of Employees Other Than Workers -Other Employees,30,Manufacture of Other Transport Equipment,2-digit,34044,-
2008,2021-22,All India,Combined,No. of Employees Other Than Workers -Other Employees,242,Manufacture of Basic Precious and Other Non-ferrous Metals,3-digit,14306,-
2008,2021-22,All India,Combined,No. of Employees Other Than Workers -Other Employees,243,Casting of Metals,3-digit,25127,-
2008,2021-22,All India,Combined,No. of Employees Other Than Workers -Other Employees,251,"Manufacture of Structural Metal Products, Tanks, Reservoirs and Steam Generators",3-digit,27898,-
2008,2021-22,All India,Combined,No. of Employees Other Than Workers -Other Employees,273,Manufacture of Wiring and Wiring Devices,3-digit,13843,-
2008,2021-22,All India,Combined,No. of Employees Other Than Workers -Other Employees,2733,Manufacture of Wiring Devices,4-digit,4252,-
2008,2021-22,All India,Combined,No. of Employees Other Than Workers -Other Employees,2732,Manufacture of Other Electronic and Electric Wires and Cables,4-digit,8156,-
2008,2021-22,All India,Combined,No. of Employees Other Than Workers -Other Employees,2710,"Manufacture of Electric Motors, Generators, Transformers and Electricity Distribution and Control Apparatus",4-digit,27234,-
2008,2021-22,All India,Combined,No. of Employees Other Than Workers -Other Employees,2599,Manufacture of Other Fabricated Metal Products N.e.c.,4-digit,29285,-
2008,2021-22,All India,Combined,No. of Employees Other Than Workers -Other Employees,2511,Manufacture of Structural Metal Products,4-digit,17827,-
2008,2021-22,All India,Combined,No. of Employees Other Than Workers -Other Employees,2432,Casting of Non-ferrous Metals,4-digit,2920,-
2008,2021-22,All India,Combined,No. of Employees Other Than Workers -Other Employees,2420,Manufacture of Basic Precious and Other Non-ferrous Metals,4-digit,14306,-
2008,2021-22,All India,Combined,Unpaid family members-proprietor etc,271,"Manufacture of Electric Motors, Generators, Transformers and Electricity Distribution and Control Apparatus",3-digit,333,-
2008,2021-22,All India,Combined,Unpaid family members-proprietor etc,273,Manufacture of Wiring and Wiring Devices,3-digit,202,-
2008,2021-22,All India,Combined,Unpaid family members-proprietor etc,2432,Casting of Non-ferrous Metals,4-digit,82,-
2008,2021-22,All India,Combined,Unpaid family members-proprietor etc,2420,Manufacture of Basic Precious and Other Non-ferrous Metals,4-digit,239,-
2008,2021-22,All India,Combined,Unpaid family members-proprietor etc,25,"Manufacture of Fabricated Metal Products, Except Machinery and Equipment",2-digit,4058,-
2008,2021-22,All India,Combined,Unpaid family members-proprietor etc,2511,Manufacture of Structural Metal Products,4-digit,714,-
2008,2021-22,All India,Combined,Unpaid family members-proprietor etc,27,Manufacture of Electrical Equipment,2-digit,1040,-
2008,2021-22,All India,Combined,Unpaid family members-proprietor etc,303,Manufacture of Air and Spacecraft and Related Machinery,3-digit,11,-
2008,2021-22,All India,Combined,Unpaid family members-proprietor etc,2599,Manufacture of Other Fabricated Metal Products N.e.c.,4-digit,2006,-
2008,2021-22,All India,Combined,Unpaid family members-proprietor etc,2710,"Manufacture of Electric Motors, Generators, Transformers and Electricity Distribution and Control Apparatus",4-digit,333,-
2008,2021-22,All India,Combined,Unpaid family members-proprietor etc,242,Manufacture of Basic Precious and Other Non-ferrous Metals,3-digit,239,-
2008,2021-22,All India,Combined,Unpaid family members-proprietor etc,3030,Manufacture of Air and Spacecraft and Related Machinery,4-digit,11,-
2008,2021-22,All India,Combined,Unpaid family members-proprietor etc,2733,Manufacture of Wiring Devices,4-digit,49,-
2008,2021-22,All India,Combined,Unpaid family members-proprietor etc,2732,Manufacture of Other Electronic and Electric Wires and Cables,4-digit,144,-
2008,2021-22,All India,Combined,Unpaid family members-proprietor etc,243,Casting of Metals,3-digit,828,-
2008,2021-22,All India,Combined,Unpaid family members-proprietor etc,24,Manufacture of Basic Metals,2-digit,1869,-
2008,2021-22,All India,Combined,Unpaid family members-proprietor etc,30,Manufacture of Other Transport Equipment,2-digit,650,-
2008,2021-22,All India,Combined,Unpaid family members-proprietor etc,251,"Manufacture of Structural Metal Products, Tanks, Reservoirs and Steam Generators",3-digit,1004,-
2008,2021-22,All India,Combined,Unpaid family members-proprietor etc,259,Manufacture of Other Fabricated Metal Products; Metalworking Service Activities,3-digit,2995,-
2008,2021-22,All India,Combined,Wages and Salaries,273,Manufacture of Wiring and Wiring Devices,3-digit,470027,₹ lakhs
2008,2021-22,All India,Combined,Wages and Salaries,2733,Manufacture of Wiring Devices,4-digit,109922,₹ lakhs
2008,2021-22,All India,Combined,Wages and Salaries,2732,Manufacture of Other Electronic and Electric Wires and Cables,4-digit,291519,₹ lakhs
2008,2021-22,All India,Combined,Wages and Salaries,2710,"Manufacture of Electric Motors, Generators, Transformers and Electricity Distribution and Control Apparatus",4-digit,976490,₹ lakhs
2008,2021-22,All India,Combined,Wages and Salaries,2599,Manufacture of Other Fabricated Metal Products N.e.c.,4-digit,759687,₹ lakhs
2008,2021-22,All India,Combined,Wages and Salaries,2511,Manufacture of Structural Metal Products,4-digit,433314,₹ lakhs
2008,2021-22,All India,Combined,Wages and Salaries,2432,Casting of Non-ferrous Metals,4-digit,91130,₹ lakhs
2008,2021-22,All India,Combined,Wages and Salaries,2420,Manufacture of Basic Precious and Other Non-ferrous Metals,4-digit,718578,₹ lakhs
2008,2021-22,All India,Combined,Wages and Salaries,259,Manufacture of Other Fabricated Metal Products; Metalworking Service Activities,3-digit,1292130,₹ lakhs
2008,2021-22,All India,Combined,Wages and Salaries,242,Manufacture of Basic Precious and Other Non-ferrous Metals,3-digit,718578,₹ lakhs
2008,2021-22,All India,Combined,Wages and Salaries,243,Casting of Metals,3-digit,754323,₹ lakhs
2008,2021-22,All India,Combined,Wages and Salaries,251,"Manufacture of Structural Metal Products, Tanks, Reservoirs and Steam Generators",3-digit,777292,₹ lakhs
2008,2021-22,All India,Combined,Wages and Salaries,27,Manufacture of Electrical Equipment,2-digit,2411626,₹ lakhs
2008,2021-22,All India,Combined,Wages and Salaries,25,"Manufacture of Fabricated Metal Products, Except Machinery and Equipment",2-digit,2145878,₹ lakhs
2008,2021-22,All India,Combined,Wages and Salaries,24,Manufacture of Basic Metals,2-digit,5203828,₹ lakhs
2008,2021-22,All India,Combined,Wages and Salaries,30,Manufacture of Other Transport Equipment,2-digit,1405775,₹ lakhs
2008,2021-22,All India,Combined,Wages and Salaries,3030,Manufacture of Air and Spacecraft and Related Machinery,4-digit,165553,₹ lakhs
2008,2021-22,All India,Combined,Wages and Salaries,271,"Manufacture of Electric Motors, Generators, Transformers and Electricity Distribution and Control Apparatus",3-digit,976490,₹ lakhs
2008,2021-22,All India,Combined,Wages and Salaries,303,Manufacture of Air and Spacecraft and Related Machinery,3-digit,165553,₹ lakhs
2008,2020-21,All India,Combined,Total Output,243,Casting of Metals,3-digit,12454767,₹ lakhs
2008,2020-21,All India,Combined,Total Output,2599,Manufacture of Other Fabricated Metal Products N.e.c.,4-digit,7331748,₹ lakhs
2008,2020-21,All India,Combined,Total Output,251,"Manufacture of Structural Metal Products, Tanks, Reservoirs and Steam Generators",3-digit,7957176,₹ lakhs
2008,2020-21,All India,Combined,Total Output,30,Manufacture of Other Transport Equipment,2-digit,21336198,₹ lakhs
2008,2020-21,All India,Combined,Total Output,27,Manufacture of Electrical Equipment,2-digit,32146203,₹ lakhs
2008,2020-21,All India,Combined,Total Output,3030,Manufacture of Air and Spacecraft and Related Machinery,4-digit,860641,₹ lakhs
2008,2020-21,All India,Combined,Total Output,2733,Manufacture of Wiring Devices,4-digit,1183429,₹ lakhs
2008,2020-21,All India,Combined,Total Output,2732,Manufacture of Other Electronic and Electric Wires and Cables,4-digit,7090691,₹ lakhs
2008,2020-21,All India,Combined,Total Output,259,Manufacture of Other Fabricated Metal Products; Metalworking Service Activities,3-digit,13293271,₹ lakhs
2008,2020-21,All India,Combined,Total Output,271,"Manufacture of Electric Motors, Generators, Transformers and Electricity Distribution and Control Apparatus",3-digit,9938082,₹ lakhs
2008,2020-21,All India,Combined,Total Output,273,Manufacture of Wiring and Wiring Devices,3-digit,9280515,₹ lakhs
2008,2020-21,All India,Combined,Total Output,303,Manufacture of Air and Spacecraft and Related Machinery,3-digit,860641,₹ lakhs
2008,2020-21,All India,Combined,Total Output,25,"Manufacture of Fabricated Metal Products, Except Machinery and Equipment",2-digit,21624803,₹ lakhs
2008,2020-21,All India,Combined,Total Output,2511,Manufacture of Structural Metal Products,4-digit,5251143,₹ lakhs
2008,2020-21,All India,Combined,Total Output,2432,Casting of Non-ferrous Metals,4-digit,1200175,₹ lakhs
2008,2020-21,All India,Combined,Total Output,2420,Manufacture of Basic Precious and Other Non-ferrous Metals,4-digit,24140276,₹ lakhs
2008,2020-21,All India,Combined,Total Output,2710,"Manufacture of Electric Motors, Generators, Transformers and Electricity Distribution and Control Apparatus",4-digit,9938082,₹ lakhs
2008,2020-21,All India,Combined,Total Output,24,Manufacture of Basic Metals,2-digit,123453193,₹ lakhs
2008,2020-21,All India,Combined,Total Output,242,Manufacture of Basic Precious and Other Non-ferrous Metals,3-digit,24140276,₹ lakhs
2008,2020-21,All India,Combined,Total Inputs,30,Manufacture of Other Transport Equipment,2-digit,16847094,₹ lakhs
2008,2020-21,All India,Combined,Total Inputs,2432,Casting of Non-ferrous Metals,4-digit,1019889,₹ lakhs
2008,2020-21,All India,Combined,Total Inputs,303,Manufacture of Air and Spacecraft and Related Machinery,3-digit,551598,₹ lakhs
2008,2020-21,All India,Combined,Total Inputs,25,"Manufacture of Fabricated Metal Products, Except Machinery and Equipment",2-digit,17275458,₹ lakhs
2008,2020-21,All India,Combined,Total Inputs,24,Manufacture of Basic Metals,2-digit,101870870,₹ lakhs
2008,2020-21,All India,Combined,Total Inputs,2420,Manufacture of Basic Precious and Other Non-ferrous Metals,4-digit,20424527,₹ lakhs
2008,2020-21,All India,Combined,Total Inputs,27,Manufacture of Electrical Equipment,2-digit,26702618,₹ lakhs
2008,2020-21,All India,Combined,Total Inputs,242,Manufacture of Basic Precious and Other Non-ferrous Metals,3-digit,20424527,₹ lakhs
2008,2020-21,All India,Combined,Total Inputs,243,Casting of Metals,3-digit,10660244,₹ lakhs
2008,2020-21,All India,Combined,Total Inputs,251,"Manufacture of Structural Metal Products, Tanks, Reservoirs and Steam Generators",3-digit,6443504,₹ lakhs
2008,2020-21,All India,Combined,Total Inputs,259,Manufacture of Other Fabricated Metal Products; Metalworking Service Activities,3-digit,10610382,₹ lakhs
2008,2020-21,All India,Combined,Total Inputs,271,"Manufacture of Electric Motors, Generators, Transformers and Electricity Distribution and Control Apparatus",3-digit,8093101,₹ lakhs
2008,2020-21,All India,Combined,Total Inputs,2511,Manufacture of Structural Metal Products,4-digit,4287677,₹ lakhs
2008,2020-21,All India,Combined,Total Inputs,2599,Manufacture of Other Fabricated Metal Products N.e.c.,4-digit,5758227,₹ lakhs
2008,2020-21,All India,Combined,Total Inputs,2710,"Manufacture of Electric Motors, Generators, Transformers and Electricity Distribution and Control Apparatus",4-digit,8093101,₹ lakhs
2008,2020-21,All India,Combined,Total Inputs,2732,Manufacture of Other Electronic and Electric Wires and Cables,4-digit,6316626,₹ lakhs
2008,2020-21,All India,Combined,Total Inputs,2733,Manufacture of Wiring Devices,4-digit,859520,₹ lakhs
2008,2020-21,All India,Combined,Total Inputs,3030,Manufacture of Air and Spacecraft and Related Machinery,4-digit,551598,₹ lakhs
2008,2020-21,All India,Combined,Total Inputs,273,Manufacture of Wiring and Wiring Devices,3-digit,7954373,₹ lakhs
2008,2020-21,All India,Combined,Gross Value Added,271,"Manufacture of Electric Motors, Generators, Transformers and Electricity Distribution and Control Apparatus",3-digit,1844981,₹ lakhs
2008,2020-21,All India,Combined,Gross Value Added,273,Manufacture of Wiring and Wiring Devices,3-digit,1326142,₹ lakhs
2008,2020-21,All India,Combined,Gross Value Added,30,Manufacture of Other Transport Equipment,2-digit,4489104,₹ lakhs
2008,2020-21,All India,Combined,Gross Value Added,27,Manufacture of Electrical Equipment,2-digit,5443585,₹ lakhs
2008,2020-21,All India,Combined,Gross Value Added,2420,Manufacture of Basic Precious and Other Non-ferrous Metals,4-digit,3715749,₹ lakhs
2008,2020-21,All India,Combined,Gross Value Added,2733,Manufacture of Wiring Devices,4-digit,323909,₹ lakhs
2008,2020-21,All India,Combined,Gross Value Added,2710,"Manufacture of Electric Motors, Generators, Transformers and Electricity Distribution and Control Apparatus",4-digit,1844981,₹ lakhs
2008,2020-21,All India,Combined,Gross Value Added,25,"Manufacture of Fabricated Metal Products, Except Machinery and Equipment",2-digit,4349345,₹ lakhs
2008,2020-21,All India,Combined,Gross Value Added,24,Manufacture of Basic Metals,2-digit,21582323,₹ lakhs
2008,2020-21,All India,Combined,Gross Value Added,303,Manufacture of Air and Spacecraft and Related Machinery,3-digit,309043,₹ lakhs
2008,2020-21,All India,Combined,Gross Value Added,2732,Manufacture of Other Electronic and Electric Wires and Cables,4-digit,774065,₹ lakhs
2008,2020-21,All India,Combined,Gross Value Added,2599,Manufacture of Other Fabricated Metal Products N.e.c.,4-digit,1573521,₹ lakhs
2008,2020-21,All India,Combined,Gross Value Added,243,Casting of Metals,3-digit,1794523,₹ lakhs
2008,2020-21,All India,Combined,Gross Value Added,251,"Manufacture of Structural Metal Products, Tanks, Reservoirs and Steam Generators",3-digit,1513672,₹ lakhs
2008,2020-21,All India,Combined,Gross Value Added,259,Manufacture of Other Fabricated Metal Products; Metalworking Service Activities,3-digit,2682889,₹ lakhs
2008,2020-21,All India,Combined,Gross Value Added,2511,Manufacture of Structural Metal Products,4-digit,963466,₹ lakhs
2008,2020-21,All India,Combined,Gross Value Added,242,Manufacture of Basic Precious and Other Non-ferrous Metals,3-digit,3715749,₹ lakhs
2008,2020-21,All India,Combined,Gross Value Added,2432,Casting of Non-ferrous Metals,4-digit,180286,₹ lakhs
2008,2020-21,All India,Combined,Gross Value Added,3030,Manufacture of Air and Spacecraft and Related Machinery,4-digit,309043,₹ lakhs
2008,2020-21,All India,Combined,Net Value Added,259,Manufacture of Other Fabricated Metal Products; Metalworking Service Activities,3-digit,2271237,₹ lakhs
2008,2020-21,All India,Combined,Net Value Added,3030,Manufacture of Air and Spacecraft and Related Machinery,4-digit,259317,₹ lakhs
2008,2020-21,All India,Combined,Net Value Added,271,"Manufacture of Electric Motors, Generators, Transformers and Electricity Distribution and Control Apparatus",3-digit,1605528,₹ lakhs
2008,2020-21,All India,Combined,Net Value Added,273,Manufacture of Wiring and Wiring Devices,3-digit,1168090,₹ lakhs
2008,2020-21,All India,Combined,Net Value Added,303,Manufacture of Air and Spacecraft and Related Machinery,3-digit,259317,₹ lakhs
2008,2020-21,All India,Combined,Net Value Added,2420,Manufacture of Basic Precious and Other Non-ferrous Metals,4-digit,3090792,₹ lakhs
2008,2020-21,All India,Combined,Net Value Added,2432,Casting of Non-ferrous Metals,4-digit,145320,₹ lakhs
2008,2020-21,All India,Combined,Net Value Added,2511,Manufacture of Structural Metal Products,4-digit,830104,₹ lakhs
2008,2020-21,All India,Combined,Net Value Added,2599,Manufacture of Other Fabricated Metal Products N.e.c.,4-digit,1351161,₹ lakhs
2008,2020-21,All India,Combined,Net Value Added,2710,"Manufacture of Electric Motors, Generators, Transformers and Electricity Distribution and Control Apparatus",4-digit,1605528,₹ lakhs
2008,2020-21,All India,Combined,Net Value Added,2732,Manufacture of Other Electronic and Electric Wires and Cables,4-digit,676303,₹ lakhs
2008,2020-21,All India,Combined,Net Value Added,2733,Manufacture of Wiring Devices,4-digit,297678,₹ lakhs
2008,2020-21,All India,Combined,Net Value Added,251,"Manufacture of Structural Metal Products, Tanks, Reservoirs and Steam Generators",3-digit,1313673,₹ lakhs
2008,2020-21,All India,Combined,Net Value Added,243,Casting of Metals,3-digit,1461710,₹ lakhs
2008,2020-21,All India,Combined,Net Value Added,242,Manufacture of Basic Precious and Other Non-ferrous Metals,3-digit,3090792,₹ lakhs
2008,2020-21,All India,Combined,Net Value Added,30,Manufacture of Other Transport Equipment,2-digit,3892584,₹ lakhs
2008,2020-21,All India,Combined,Net Value Added,27,Manufacture of Electrical Equipment,2-digit,4711776,₹ lakhs
2008,2020-21,All India,Combined,Net Value Added,25,"Manufacture of Fabricated Metal Products, Except Machinery and Equipment",2-digit,3723655,₹ lakhs
2008,2020-21,All India,Combined,Net Value Added,24,Manufacture of Basic Metals,2-digit,17598848,₹ lakhs
2008,2020-21,All India,Combined,Net Income,2599,Manufacture of Other Fabricated Metal Products N.e.c.,4-digit,1193111,₹ lakhs
2008,2020-21,All India,Combined,Net Income,2710,"Manufacture of Electric Motors, Generators, Transformers and Electricity Distribution and Control Apparatus",4-digit,1487877,₹ lakhs
2008,2020-21,All India,Combined,Net Income,2732,Manufacture of Other Electronic and Electric Wires and Cables,4-digit,564078,₹ lakhs
2008,2020-21,All India,Combined,Net Income,2733,Manufacture of Wiring Devices,4-digit,286961,₹ lakhs
2008,2020-21,All India,Combined,Net Income,27,Manufacture of Electrical Equipment,2-digit,4283030,₹ lakhs
2008,2020-21,All India,Combined,Net Income,25,"Manufacture of Fabricated Metal Products, Except Machinery and Equipment",2-digit,3291863,₹ lakhs
2008,2020-21,All India,Combined,Net Income,24,Manufacture of Basic Metals,2-digit,14330039,₹ lakhs
2008,2020-21,All India,Combined,Net Income,2432,Casting of Non-ferrous Metals,4-digit,121488,₹ lakhs
2008,2020-21,All India,Combined,Net Income,2511,Manufacture of Structural Metal Products,4-digit,727909,₹ lakhs
2008,2020-21,All India,Combined,Net Income,303,Manufacture of Air and Spacecraft and Related Machinery,3-digit,241508,₹ lakhs
2008,2020-21,All India,Combined,Net Income,273,Manufacture of Wiring and Wiring Devices,3-digit,1017838,₹ lakhs
2008,2020-21,All India,Combined,Net Income,30,Manufacture of Other Transport Equipment,2-digit,3719905,₹ lakhs
2008,2020-21,All India,Combined,Net Income,242,Manufacture of Basic Precious and Other Non-ferrous Metals,3-digit,2399315,₹ lakhs
2008,2020-21,All India,Combined,Net Income,3030,Manufacture of Air and Spacecraft and Related Machinery,4-digit,241508,₹ lakhs
2008,2020-21,All India,Combined,Net Income,243,Casting of Metals,3-digit,1234611,₹ lakhs
2008,2020-21,All India,Combined,Net Income,2420,Manufacture of Basic Precious and Other Non-ferrous Metals,4-digit,2399315,₹ lakhs
2008,2020-21,All India,Combined,Net Income,271,"Manufacture of Electric Motors, Generators, Transformers and Electricity Distribution and Control Apparatus",3-digit,1487877,₹ lakhs
2008,2020-21,All India,Combined,Net Income,259,Manufacture of Other Fabricated Metal Products; Metalworking Service Activities,3-digit,2002462,₹ lakhs
2008,2020-21,All India,Combined,Net Income,251,"Manufacture of Structural Metal Products, Tanks, Reservoirs and Steam Generators",3-digit,1157170,₹ lakhs
2008,2020-21,All India,Combined,Net Profit,2710,"Manufacture of Electric Motors, Generators, Transformers and Electricity Distribution and Control Apparatus",4-digit,461884,₹ lakhs
2008,2020-21,All India,Combined,Net Profit,271,"Manufacture of Electric Motors, Generators, Transformers and Electricity Distribution and Control Apparatus",3-digit,461884,₹ lakhs
2008,2020-21,All India,Combined,Net Profit,2420,Manufacture of Basic Precious and Other Non-ferrous Metals,4-digit,1607122,₹ lakhs
2008,2020-21,All India,Combined,Net Profit,24,Manufacture of Basic Metals,2-digit,9084823,₹ lakhs
2008,2020-21,All India,Combined,Net Profit,25,"Manufacture of Fabricated Metal Products, Except Machinery and Equipment",2-digit,1110334,₹ lakhs
2008,2020-21,All India,Combined,Net Profit,27,Manufacture of Electrical Equipment,2-digit,1855116,₹ lakhs
2008,2020-21,All India,Combined,Net Profit,30,Manufacture of Other Transport Equipment,2-digit,2198398,₹ lakhs
2008,2020-21,All India,Combined,Net Profit,2432,Casting of Non-ferrous Metals,4-digit,36314,₹ lakhs
2008,2020-21,All India,Combined,Net Profit,2511,Manufacture of Structural Metal Products,4-digit,232935,₹ lakhs
2008,2020-21,All India,Combined,Net Profit,259,Manufacture of Other Fabricated Metal Products; Metalworking Service Activities,3-digit,721886,₹ lakhs
2008,2020-21,All India,Combined,Net Profit,2732,Manufacture of Other Electronic and Electric Wires and Cables,4-digit,276780,₹ lakhs
2008,2020-21,All India,Combined,Net Profit,2733,Manufacture of Wiring Devices,4-digit,188973,₹ lakhs
2008,2020-21,All India,Combined,Net Profit,3030,Manufacture of Air and Spacecraft and Related Machinery,4-digit,92440,₹ lakhs
2008,2020-21,All India,Combined,Net Profit,2599,Manufacture of Other Fabricated Metal Products N.e.c.,4-digit,462434,₹ lakhs
2008,2020-21,All India,Combined,Net Profit,242,Manufacture of Basic Precious and Other Non-ferrous Metals,3-digit,1607122,₹ lakhs
2008,2020-21,All India,Combined,Net Profit,243,Casting of Metals,3-digit,484311,₹ lakhs
2008,2020-21,All India,Combined,Net Profit,251,"Manufacture of Structural Metal Products, Tanks, Reservoirs and Steam Generators",3-digit,297554,₹ lakhs
2008,2020-21,All India,Combined,Net Profit,303,Manufacture of Air and Spacecraft and Related Machinery,3-digit,92440,₹ lakhs
2008,2020-21,All India,Combined,Net Profit,273,Manufacture of Wiring and Wiring Devices,3-digit,564771,₹ lakhs
2008,2020-21,All India,Combined,Total Number of Persons Engaged,27,Manufacture of Electrical Equipment,2-digit,614415,-
2008,2020-21,All India,Combined,Total Number of Persons Engaged,25,"Manufacture of Fabricated Metal Products, Except Machinery and Equipment",2-digit,661496,-
2008,2020-21,All India,Combined,Total Number of Persons Engaged,2432,Casting of Non-ferrous Metals,4-digit,27742,-
2008,2020-21,All India,Combined,Total Number of Persons Engaged,2420,Manufacture of Basic Precious and Other Non-ferrous Metals,4-digit,151755,-
2008,2020-21,All India,Combined,Total Number of Persons Engaged,2733,Manufacture of Wiring Devices,4-digit,32858,-
2008,2020-21,All India,Combined,Total Number of Persons Engaged,2732,Manufacture of Other Electronic and Electric Wires and Cables,4-digit,84226,-
2008,2020-21,All India,Combined,Total Number of Persons Engaged,242,Manufacture of Basic Precious and Other Non-ferrous Metals,3-digit,151755,-
2008,2020-21,All India,Combined,Total Number of Persons Engaged,243,Casting of Metals,3-digit,263105,-
2008,2020-21,All India,Combined,Total Number of Persons Engaged,251,"Manufacture of Structural Metal Products, Tanks, Reservoirs and Steam Generators",3-digit,223129,-
2008,2020-21,All India,Combined,Total Number of Persons Engaged,303,Manufacture of Air and Spacecraft and Related Machinery,3-digit,22993,-
2008,2020-21,All India,Combined,Total Number of Persons Engaged,271,"Manufacture of Electric Motors, Generators, Transformers and Electricity Distribution and Control Apparatus",3-digit,213369,-
2008,2020-21,All India,Combined,Total Number of Persons Engaged,259,Manufacture of Other Fabricated Metal Products; Metalworking Service Activities,3-digit,429224,-
2008,2020-21,All India,Combined,Total Number of Persons Engaged,3030,Manufacture of Air and Spacecraft and Related Machinery,4-digit,22993,-
2008,2020-21,All India,Combined,Total Number of Persons Engaged,24,Manufacture of Basic Metals,2-digit,1190379,-
2008,2020-21,All India,Combined,Total Number of Persons Engaged,2710,"Manufacture of Electric Motors, Generators, Transformers and Electricity Distribution and Control Apparatus",4-digit,213369,-
2008,2020-21,All India,Combined,Total Number of Persons Engaged,2599,Manufacture of Other Fabricated Metal Products N.e.c.,4-digit,253665,-
2008,2020-21,All India,Combined,Total Number of Persons Engaged,2511,Manufacture of Structural Metal Products,4-digit,134565,-
2008,2020-21,All India,Combined,Total Number of Persons Engaged,273,Manufacture of Wiring and Wiring Devices,3-digit,132249,-
2008,2020-21,All India,Combined,Total Number of Persons Engaged,30,Manufacture of Other Transport Equipment,2-digit,359825,-
2008,2020-21,All India,Combined,Total Number of Workers,2420,Manufacture of Basic Precious and Other Non-ferrous Metals,4-digit,118719,-
2008,2020-21,All India,Combined,Total Number of Workers,303,Manufacture of Air and Spacecraft and Related Machinery,3-digit,17320,-
2008,2020-21,All India,Combined,Total Number of Workers,273,Manufacture of Wiring and Wiring Devices,3-digit,104407,-
2008,2020-21,All India,Combined,Total Number of Workers,271,"Manufacture of Electric Motors, Generators, Transformers and Electricity Distribution and Control Apparatus",3-digit,154825,-
2008,2020-21,All India,Combined,Total Number of Workers,259,Manufacture of Other Fabricated Metal Products; Metalworking Service Activities,3-digit,335857,-
2008,2020-21,All India,Combined,Total Number of Workers,251,"Manufacture of Structural Metal Products, Tanks, Reservoirs and Steam Generators",3-digit,171213,-
2008,2020-21,All India,Combined,Total Number of Workers,243,Casting of Metals,3-digit,206310,-
2008,2020-21,All India,Combined,Total Number of Workers,242,Manufacture of Basic Precious and Other Non-ferrous Metals,3-digit,118719,-
2008,2020-21,All India,Combined,Total Number of Workers,3030,Manufacture of Air and Spacecraft and Related Machinery,4-digit,17320,-
2008,2020-21,All India,Combined,Total Number of Workers,2733,Manufacture of Wiring Devices,4-digit,26261,-
2008,2020-21,All India,Combined,Total Number of Workers,2732,Manufacture of Other Electronic and Electric Wires and Cables,4-digit,66228,-
2008,2020-21,All India,Combined,Total Number of Workers,2710,"Manufacture of Electric Motors, Generators, Transformers and Electricity Distribution and Control Apparatus",4-digit,154825,-
2008,2020-21,All India,Combined,Total Number of Workers,2599,Manufacture of Other Fabricated Metal Products N.e.c.,4-digit,198182,-
2008,2020-21,All India,Combined,Total Number of Workers,2511,Manufacture of Structural Metal Products,4-digit,102483,-
2008,2020-21,All India,Combined,Total Number of Workers,2432,Casting of Non-ferrous Metals,4-digit,20576,-
2008,2020-21,All India,Combined,Total Number of Workers,30,Manufacture of Other Transport Equipment,2-digit,289180,-
2008,2020-21,All India,Combined,Total Number of Workers,27,Manufacture of Electrical Equipment,2-digit,469028,-
2008,2020-21,All India,Combined,Total Number of Workers,25,"Manufacture of Fabricated Metal Products, Except Machinery and Equipment",2-digit,513117,-
2008,2020-21,All India,Combined,Total Number of Workers,24,Manufacture of Basic Metals,2-digit,959193,-
2008,2020-21,All India,Combined,No. of Directly Employed  Workers,243,Casting of Metals,3-digit,113284,-
2008,2020-21,All India,Combined,No. of Directly Employed  Workers,2733,Manufacture of Wiring Devices,4-digit,10294,-
2008,2020-21,All India,Combined,No. of Directly Employed  Workers,303,Manufacture of Air and Spacecraft and Related Machinery,3-digit,11819,-
2008,2020-21,All India,Combined,No. of Directly Employed  Workers,273,Manufacture of Wiring and Wiring Devices,3-digit,44702,-
2008,2020-21,All India,Combined,No. of Directly Employed  Workers,271,"Manufacture of Electric Motors, Generators, Transformers and Electricity Distribution and Control Apparatus",3-digit,90096,-
2008,2020-21,All India,Combined,No. of Directly Employed  Workers,259,Manufacture of Other Fabricated Metal Products; Metalworking Service Activities,3-digit,222608,-
2008,2020-21,All India,Combined,No. of Directly Employed  Workers,2420,Manufacture of Basic Precious and Other Non-ferrous Metals,4-digit,62843,-
2008,2020-21,All India,Combined,No. of Directly Employed  Workers,2432,Casting of Non-ferrous Metals,4-digit,11844,-
2008,2020-21,All India,Combined,No. of Directly Employed  Workers,2511,Manufacture of Structural Metal Products,4-digit,54861,-
2008,2020-21,All India,Combined,No. of Directly Employed  Workers,2599,Manufacture of Other Fabricated Metal Products N.e.c.,4-digit,135403,-
2008,2020-21,All India,Combined,No. of Directly Employed  Workers,2710,"Manufacture of Electric Motors, Generators, Transformers and Electricity Distribution and Control Apparatus",4-digit,90096,-
2008,2020-21,All India,Combined,No. of Directly Employed  Workers,2732,Manufacture of Other Electronic and Electric Wires and Cables,4-digit,28715,-
2008,2020-21,All India,Combined,No. of Directly Employed  Workers,24,Manufacture of Basic Metals,2-digit,465098,-
2008,2020-21,All India,Combined,No. of Directly Employed  Workers,30,Manufacture of Other Transport Equipment,2-digit,135359,-
2008,2020-21,All India,Combined,No. of Directly Employed  Workers,27,Manufacture of Electrical Equipment,2-digit,242066,-
2008,2020-21,All India,Combined,No. of Directly Employed  Workers,25,"Manufacture of Fabricated Metal Products, Except Machinery and Equipment",2-digit,316389,-
2008,2020-21,All India,Combined,No. of Directly Employed  Workers,3030,Manufacture of Air and Spacecraft and Related Machinery,4-digit,11819,-
2008,2020-21,All India,Combined,No. of Directly Employed  Workers,251,"Manufacture of Structural Metal Products, Tanks, Reservoirs and Steam Generators",3-digit,89623,-
2008,2020-21,All India,Combined,No. of Directly Employed  Workers,242,Manufacture of Basic Precious and Other Non-ferrous Metals,3-digit,62843,-
2008,2020-21,All India,Combined,No. of Workers employed Through Contractors,251,"Manufacture of Structural Metal Products, Tanks, Reservoirs and Steam Generators",3-digit,81590,-
2008,2020-21,All India,Combined,No. of Workers employed Through Contractors,259,Manufacture of Other Fabricated Metal Products; Metalworking Service Activities,3-digit,113249,-
2008,2020-21,All India,Combined,No. of Workers employed Through Contractors,271,"Manufacture of Electric Motors, Generators, Transformers and Electricity Distribution and Control Apparatus",3-digit,64729,-
2008,2020-21,All India,Combined,No. of Workers employed Through Contractors,273,Manufacture of Wiring and Wiring Devices,3-digit,59705,-
2008,2020-21,All India,Combined,No. of Workers employed Through Contractors,303,Manufacture of Air and Spacecraft and Related Machinery,3-digit,5501,-
2008,2020-21,All India,Combined,No. of Workers employed Through Contractors,2710,"Manufacture of Electric Motors, Generators, Transformers and Electricity Distribution and Control Apparatus",4-digit,64729,-
2008,2020-21,All India,Combined,No. of Workers employed Through Contractors,3030,Manufacture of Air and Spacecraft and Related Machinery,4-digit,5501,-
2008,2020-21,All India,Combined,No. of Workers employed Through Contractors,2733,Manufacture of Wiring Devices,4-digit,15967,-
2008,2020-21,All India,Combined,No. of Workers employed Through Contractors,2732,Manufacture of Other Electronic and Electric Wires and Cables,4-digit,37513,-
2008,2020-21,All India,Combined,No. of Workers employed Through Contractors,2420,Manufacture of Basic Precious and Other Non-ferrous Metals,4-digit,55875,-
2008,2020-21,All India,Combined,No. of Workers employed Through Contractors,2432,Casting of Non-ferrous Metals,4-digit,8732,-
2008,2020-21,All India,Combined,No. of Workers employed Through Contractors,2511,Manufacture of Structural Metal Products,4-digit,47623,-
2008,2020-21,All India,Combined,No. of Workers employed Through Contractors,2599,Manufacture of Other Fabricated Metal Products N.e.c.,4-digit,62779,-
2008,2020-21,All India,Combined,No. of Workers employed Through Contractors,24,Manufacture of Basic Metals,2-digit,494094,-
2008,2020-21,All India,Combined,No. of Workers employed Through Contractors,25,"Manufacture of Fabricated Metal Products, Except Machinery and Equipment",2-digit,196727,-
2008,2020-21,All India,Combined,No. of Workers employed Through Contractors,27,Manufacture of Electrical Equipment,2-digit,226962,-
2008,2020-21,All India,Combined,No. of Workers employed Through Contractors,30,Manufacture of Other Transport Equipment,2-digit,153821,-
2008,2020-21,All India,Combined,No. of Workers employed Through Contractors,242,Manufacture of Basic Precious and Other Non-ferrous Metals,3-digit,55875,-
2008,2020-21,All India,Combined,No. of Workers employed Through Contractors,243,Casting of Metals,3-digit,93026,-
2008,2020-21,All India,Combined,No. of Employees Other Than Workers,243,Casting of Metals,3-digit,55657,-
2008,2020-21,All India,Combined,No. of Employees Other Than Workers,242,Manufacture of Basic Precious and Other Non-ferrous Metals,3-digit,32622,-
2008,2020-21,All India,Combined,No. of Employees Other Than Workers,27,Manufacture of Electrical Equipment,2-digit,144498,-
2008,2020-21,All India,Combined,No. of Employees Other Than Workers,25,"Manufacture of Fabricated Metal Products, Except Machinery and Equipment",2-digit,144436,-
2008,2020-21,All India,Combined,No. of Employees Other Than Workers,24,Manufacture of Basic Metals,2-digit,228676,-
2008,2020-21,All India,Combined,No. of Employees Other Than Workers,3030,Manufacture of Air and Spacecraft and Related Machinery,4-digit,5660,-
2008,2020-21,All India,Combined,No. of Employees Other Than Workers,2420,Manufacture of Basic Precious and Other Non-ferrous Metals,4-digit,32622,-
2008,2020-21,All India,Combined,No. of Employees Other Than Workers,2432,Casting of Non-ferrous Metals,4-digit,6990,-
2008,2020-21,All India,Combined,No. of Employees Other Than Workers,2511,Manufacture of Structural Metal Products,4-digit,31272,-
2008,2020-21,All India,Combined,No. of Employees Other Than Workers,2599,Manufacture of Other Fabricated Metal Products N.e.c.,4-digit,53695,-
2008,2020-21,All India,Combined,No. of Employees Other Than Workers,2710,"Manufacture of Electric Motors, Generators, Transformers and Electricity Distribution and Control Apparatus",4-digit,58190,-
2008,2020-21,All India,Combined,No. of Employees Other Than Workers,2732,Manufacture of Other Electronic and Electric Wires and Cables,4-digit,17919,-
2008,2020-21,All India,Combined,No. of Employees Other Than Workers,2733,Manufacture of Wiring Devices,4-digit,6572,-
2008,2020-21,All India,Combined,No. of Employees Other Than Workers,30,Manufacture of Other Transport Equipment,2-digit,70228,-
2008,2020-21,All India,Combined,No. of Employees Other Than Workers,303,Manufacture of Air and Spacecraft and Related Machinery,3-digit,5660,-
2008,2020-21,All India,Combined,No. of Employees Other Than Workers,273,Manufacture of Wiring and Wiring Devices,3-digit,27738,-
2008,2020-21,All India,Combined,No. of Employees Other Than Workers,271,"Manufacture of Electric Motors, Generators, Transformers and Electricity Distribution and Control Apparatus",3-digit,58190,-
2008,2020-21,All India,Combined,No. of Employees Other Than Workers,259,Manufacture of Other Fabricated Metal Products; Metalworking Service Activities,3-digit,90577,-
2008,2020-21,All India,Combined,No. of Employees Other Than Workers,251,"Manufacture of Structural Metal Products, Tanks, Reservoirs and Steam Generators",3-digit,50824,-
2008,2020-21,All India,Combined,No. of Employees Other Than Workers -Supervisory and Managerial,273,Manufacture of Wiring and Wiring Devices,3-digit,13645,-
2008,2020-21,All India,Combined,No. of Employees Other Than Workers -Supervisory and Managerial,303,Manufacture of Air and Spacecraft and Related Machinery,3-digit,3485,-
2008,2020-21,All India,Combined,No. of Employees Other Than Workers -Supervisory and Managerial,2599,Manufacture of Other Fabricated Metal Products N.e.c.,4-digit,24878,-
2008,2020-21,All India,Combined,No. of Employees Other Than Workers -Supervisory and Managerial,2511,Manufacture of Structural Metal Products,4-digit,16325,-
2008,2020-21,All India,Combined,No. of Employees Other Than Workers -Supervisory and Managerial,3030,Manufacture of Air and Spacecraft and Related Machinery,4-digit,3485,-
2008,2020-21,All India,Combined,No. of Employees Other Than Workers -Supervisory and Managerial,2432,Casting of Non-ferrous Metals,4-digit,3364,-
2008,2020-21,All India,Combined,No. of Employees Other Than Workers -Supervisory and Managerial,2420,Manufacture of Basic Precious and Other Non-ferrous Metals,4-digit,17287,-
2008,2020-21,All India,Combined,No. of Employees Other Than Workers -Supervisory and Managerial,2732,Manufacture of Other Electronic and Electric Wires and Cables,4-digit,9048,-
2008,2020-21,All India,Combined,No. of Employees Other Than Workers -Supervisory and Managerial,2733,Manufacture of Wiring Devices,4-digit,2613,-
2008,2020-21,All India,Combined,No. of Employees Other Than Workers -Supervisory and Managerial,30,Manufacture of Other Transport Equipment,2-digit,34887,-
2008,2020-21,All India,Combined,No. of Employees Other Than Workers -Supervisory and Managerial,27,Manufacture of Electrical Equipment,2-digit,71767,-
2008,2020-21,All India,Combined,No. of Employees Other Than Workers -Supervisory and Managerial,25,"Manufacture of Fabricated Metal Products, Except Machinery and Equipment",2-digit,70942,-
2008,2020-21,All India,Combined,No. of Employees Other Than Workers -Supervisory and Managerial,24,Manufacture of Basic Metals,2-digit,123866,-
2008,2020-21,All India,Combined,No. of Employees Other Than Workers -Supervisory and Managerial,2710,"Manufacture of Electric Motors, Generators, Transformers and Electricity Distribution and Control Apparatus",4-digit,31237,-
2008,2020-21,All India,Combined,No. of Employees Other Than Workers -Supervisory and Managerial,251,"Manufacture of Structural Metal Products, Tanks, Reservoirs and Steam Generators",3-digit,26415,-
2008,2020-21,All India,Combined,No. of Employees Other Than Workers -Supervisory and Managerial,243,Casting of Metals,3-digit,28186,-
2008,2020-21,All India,Combined,No. of Employees Other Than Workers -Supervisory and Managerial,242,Manufacture of Basic Precious and Other Non-ferrous Metals,3-digit,17287,-
2008,2020-21,All India,Combined,No. of Employees Other Than Workers -Supervisory and Managerial,259,Manufacture of Other Fabricated Metal Products; Metalworking Service Activities,3-digit,43230,-
2008,2020-21,All India,Combined,No. of Employees Other Than Workers -Supervisory and Managerial,271,"Manufacture of Electric Motors, Generators, Transformers and Electricity Distribution and Control Apparatus",3-digit,31237,-
2008,2020-21,All India,Combined,No. of Employees Other Than Workers -Other Employees,30,Manufacture of Other Transport Equipment,2-digit,35341,-
2008,2020-21,All India,Combined,No. of Employees Other Than Workers -Other Employees,259,Manufacture of Other Fabricated Metal Products; Metalworking Service Activities,3-digit,47347,-
2008,2020-21,All India,Combined,No. of Employees Other Than Workers -Other Employees,251,"Manufacture of Structural Metal Products, Tanks, Reservoirs and Steam Generators",3-digit,24409,-
2008,2020-21,All India,Combined,No. of Employees Other Than Workers -Other Employees,243,Casting of Metals,3-digit,27471,-
2008,2020-21,All India,Combined,No. of Employees Other Than Workers -Other Employees,242,Manufacture of Basic Precious and Other Non-ferrous Metals,3-digit,15335,-
2008,2020-21,All India,Combined,No. of Employees Other Than Workers -Other Employees,2733,Manufacture of Wiring Devices,4-digit,3959,-
2008,2020-21,All India,Combined,No. of Employees Other Than Workers -Other Employees,303,Manufacture of Air and Spacecraft and Related Machinery,3-digit,2175,-
2008,2020-21,All India,Combined,No. of Employees Other Than Workers -Other Employees,2599,Manufacture of Other Fabricated Metal Products N.e.c.,4-digit,28817,-
2008,2020-21,All India,Combined,No. of Employees Other Than Workers -Other Employees,2511,Manufacture of Structural Metal Products,4-digit,14947,-
2008,2020-21,All India,Combined,No. of Employees Other Than Workers -Other Employees,2432,Casting of Non-ferrous Metals,4-digit,3626,-
2008,2020-21,All India,Combined,No. of Employees Other Than Workers -Other Employees,2420,Manufacture of Basic Precious and Other Non-ferrous Metals,4-digit,15335,-
2008,2020-21,All India,Combined,No. of Employees Other Than Workers -Other Employees,271,"Manufacture of Electric Motors, Generators, Transformers and Electricity Distribution and Control Apparatus",3-digit,26953,-
2008,2020-21,All India,Combined,No. of Employees Other Than Workers -Other Employees,27,Manufacture of Electrical Equipment,2-digit,72731,-
2008,2020-21,All India,Combined,No. of Employees Other Than Workers -Other Employees,25,"Manufacture of Fabricated Metal Products, Except Machinery and Equipment",2-digit,73494,-
2008,2020-21,All India,Combined,No. of Employees Other Than Workers -Other Employees,24,Manufacture of Basic Metals,2-digit,104810,-
2008,2020-21,All India,Combined,No. of Employees Other Than Workers -Other Employees,3030,Manufacture of Air and Spacecraft and Related Machinery,4-digit,2175,-
2008,2020-21,All India,Combined,No. of Employees Other Than Workers -Other Employees,2710,"Manufacture of Electric Motors, Generators, Transformers and Electricity Distribution and Control Apparatus",4-digit,26953,-
2008,2020-21,All India,Combined,No. of Employees Other Than Workers -Other Employees,2732,Manufacture of Other Electronic and Electric Wires and Cables,4-digit,8871,-
2008,2020-21,All India,Combined,No. of Employees Other Than Workers -Other Employees,273,Manufacture of Wiring and Wiring Devices,3-digit,14093,-
2008,2020-21,All India,Combined,Unpaid family members-proprietor etc,2732,Manufacture of Other Electronic and Electric Wires and Cables,4-digit,80,-
2008,2020-21,All India,Combined,Unpaid family members-proprietor etc,2599,Manufacture of Other Fabricated Metal Products N.e.c.,4-digit,1789,-
2008,2020-21,All India,Combined,Unpaid family members-proprietor etc,243,Casting of Metals,3-digit,1138,-
2008,2020-21,All India,Combined,Unpaid family members-proprietor etc,242,Manufacture of Basic Precious and Other Non-ferrous Metals,3-digit,414,-
2008,2020-21,All India,Combined,Unpaid family members-proprietor etc,30,Manufacture of Other Transport Equipment,2-digit,417,-
2008,2020-21,All India,Combined,Unpaid family members-proprietor etc,27,Manufacture of Electrical Equipment,2-digit,890,-
2008,2020-21,All India,Combined,Unpaid family members-proprietor etc,25,"Manufacture of Fabricated Metal Products, Except Machinery and Equipment",2-digit,3943,-
2008,2020-21,All India,Combined,Unpaid family members-proprietor etc,24,Manufacture of Basic Metals,2-digit,2510,-
2008,2020-21,All India,Combined,Unpaid family members-proprietor etc,303,Manufacture of Air and Spacecraft and Related Machinery,3-digit,14,-
2008,2020-21,All India,Combined,Unpaid family members-proprietor etc,271,"Manufacture of Electric Motors, Generators, Transformers and Electricity Distribution and Control Apparatus",3-digit,354,-
2008,2020-21,All India,Combined,Unpaid family members-proprietor etc,2511,Manufacture of Structural Metal Products,4-digit,809,-
2008,2020-21,All India,Combined,Unpaid family members-proprietor etc,2432,Casting of Non-ferrous Metals,4-digit,176,-
2008,2020-21,All India,Combined,Unpaid family members-proprietor etc,3030,Manufacture of Air and Spacecraft and Related Machinery,4-digit,14,-
2008,2020-21,All India,Combined,Unpaid family members-proprietor etc,273,Manufacture of Wiring and Wiring Devices,3-digit,104,-
2008,2020-21,All India,Combined,Unpaid family members-proprietor etc,259,Manufacture of Other Fabricated Metal Products; Metalworking Service Activities,3-digit,2789,-
2008,2020-21,All India,Combined,Unpaid family members-proprietor etc,251,"Manufacture of Structural Metal Products, Tanks, Reservoirs and Steam Generators",3-digit,1092,-
2008,2020-21,All India,Combined,Unpaid family members-proprietor etc,2420,Manufacture of Basic Precious and Other Non-ferrous Metals,4-digit,414,-
2008,2020-21,All India,Combined,Unpaid family members-proprietor etc,2733,Manufacture of Wiring Devices,4-digit,25,-
2008,2020-21,All India,Combined,Unpaid family members-proprietor etc,2710,"Manufacture of Electric Motors, Generators, Transformers and Electricity Distribution and Control Apparatus",4-digit,354,-
2008,2020-21,All India,Combined,Wages and Salaries,2599,Manufacture of Other Fabricated Metal Products N.e.c.,4-digit,635052,₹ lakhs
2008,2020-21,All India,Combined,Wages and Salaries,2511,Manufacture of Structural Metal Products,4-digit,440021,₹ lakhs
2008,2020-21,All India,Combined,Wages and Salaries,30,Manufacture of Other Transport Equipment,2-digit,1301076,₹ lakhs
2008,2020-21,All India,Combined,Wages and Salaries,303,Manufacture of Air and Spacecraft and Related Machinery,3-digit,126020,₹ lakhs
2008,2020-21,All India,Combined,Wages and Salaries,273,Manufacture of Wiring and Wiring Devices,3-digit,400603,₹ lakhs
2008,2020-21,All India,Combined,Wages and Salaries,271,"Manufacture of Electric Motors, Generators, Transformers and Electricity Distribution and Control Apparatus",3-digit,866217,₹ lakhs
2008,2020-21,All India,Combined,Wages and Salaries,259,Manufacture of Other Fabricated Metal Products; Metalworking Service Activities,3-digit,1117842,₹ lakhs
2008,2020-21,All India,Combined,Wages and Salaries,251,"Manufacture of Structural Metal Products, Tanks, Reservoirs and Steam Generators",3-digit,750493,₹ lakhs
2008,2020-21,All India,Combined,Wages and Salaries,243,Casting of Metals,3-digit,654565,₹ lakhs
2008,2020-21,All India,Combined,Wages and Salaries,2432,Casting of Non-ferrous Metals,4-digit,74478,₹ lakhs
2008,2020-21,All India,Combined,Wages and Salaries,3030,Manufacture of Air and Spacecraft and Related Machinery,4-digit,126020,₹ lakhs
2008,2020-21,All India,Combined,Wages and Salaries,2733,Manufacture of Wiring Devices,4-digit,83614,₹ lakhs
2008,2020-21,All India,Combined,Wages and Salaries,2732,Manufacture of Other Electronic and Electric Wires and Cables,4-digit,255157,₹ lakhs
2008,2020-21,All India,Combined,Wages and Salaries,2420,Manufacture of Basic Precious and Other Non-ferrous Metals,4-digit,645282,₹ lakhs
2008,2020-21,All India,Combined,Wages and Salaries,242,Manufacture of Basic Precious and Other Non-ferrous Metals,3-digit,645282,₹ lakhs
2008,2020-21,All India,Combined,Wages and Salaries,2710,"Manufacture of Electric Motors, Generators, Transformers and Electricity Distribution and Control Apparatus",4-digit,866217,₹ lakhs
2008,2020-21,All India,Combined,Wages and Salaries,24,Manufacture of Basic Metals,2-digit,4448175,₹ lakhs
2008,2020-21,All India,Combined,Wages and Salaries,25,"Manufacture of Fabricated Metal Products, Except Machinery and Equipment",2-digit,1903042,₹ lakhs
2008,2020-21,All India,Combined,Wages and Salaries,27,Manufacture of Electrical Equipment,2-digit,2083424,₹ lakhs
2008,2019-20,All India,Combined,Total Output,243,Casting of Metals,3-digit,12336992,₹ lakhs
2008,2019-20,All India,Combined,Total Output,303,Manufacture of Air and Spacecraft and Related Machinery,3-digit,941581,₹ lakhs
2008,2019-20,All India,Combined,Total Output,3030,Manufacture of Air and Spacecraft and Related Machinery,4-digit,941581,₹ lakhs
2008,2019-20,All India,Combined,Total Output,2420,Manufacture of Basic Precious and Other Non-ferrous Metals,4-digit,24603998,₹ lakhs
2008,2019-20,All India,Combined,Total Output,2432,Casting of Non-ferrous Metals,4-digit,1212554,₹ lakhs
2008,2019-20,All India,Combined,Total Output,2511,Manufacture of Structural Metal Products,4-digit,6366443,₹ lakhs
2008,2019-20,All India,Combined,Total Output,2599,Manufacture of Other Fabricated Metal Products N.e.c.,4-digit,8245273,₹ lakhs
2008,2019-20,All India,Combined,Total Output,2710,"Manufacture of Electric Motors, Generators, Transformers and Electricity Distribution and Control Apparatus",4-digit,9220687,₹ lakhs
2008,2019-20,All India,Combined,Total Output,2732,Manufacture of Other Electronic and Electric Wires and Cables,4-digit,8151865,₹ lakhs
2008,2019-20,All India,Combined,Total Output,2733,Manufacture of Wiring Devices,4-digit,890131,₹ lakhs
2008,2019-20,All India,Combined,Total Output,259,Manufacture of Other Fabricated Metal Products; Metalworking Service Activities,3-digit,13514629,₹ lakhs
2008,2019-20,All India,Combined,Total Output,271,"Manufacture of Electric Motors, Generators, Transformers and Electricity Distribution and Control Apparatus",3-digit,9220687,₹ lakhs
2008,2019-20,All India,Combined,Total Output,273,Manufacture of Wiring and Wiring Devices,3-digit,10126793,₹ lakhs
2008,2019-20,All India,Combined,Total Output,30,Manufacture of Other Transport Equipment,2-digit,23411876,₹ lakhs
2008,2019-20,All India,Combined,Total Output,251,"Manufacture of Structural Metal Products, Tanks, Reservoirs and Steam Generators",3-digit,9551315,₹ lakhs
2008,2019-20,All India,Combined,Total Output,27,Manufacture of Electrical Equipment,2-digit,31929192,₹ lakhs
2008,2019-20,All India,Combined,Total Output,25,"Manufacture of Fabricated Metal Products, Except Machinery and Equipment",2-digit,23139983,₹ lakhs
2008,2019-20,All India,Combined,Total Output,24,Manufacture of Basic Metals,2-digit,119479836,₹ lakhs
2008,2019-20,All India,Combined,Total Output,242,Manufacture of Basic Precious and Other Non-ferrous Metals,3-digit,24603998,₹ lakhs
2008,2019-20,All India,Combined,Total Inputs,2420,Manufacture of Basic Precious and Other Non-ferrous Metals,4-digit,21765397,₹ lakhs
2008,2019-20,All India,Combined,Total Inputs,242,Manufacture of Basic Precious and Other Non-ferrous Metals,3-digit,21765397,₹ lakhs
2008,2019-20,All India,Combined,Total Inputs,243,Casting of Metals,3-digit,10415457,₹ lakhs
2008,2019-20,All India,Combined,Total Inputs,251,"Manufacture of Structural Metal Products, Tanks, Reservoirs and Steam Generators",3-digit,7594941,₹ lakhs
2008,2019-20,All India,Combined,Total Inputs,259,Manufacture of Other Fabricated Metal Products; Metalworking Service Activities,3-digit,10870522,₹ lakhs
2008,2019-20,All India,Combined,Total Inputs,271,"Manufacture of Electric Motors, Generators, Transformers and Electricity Distribution and Control Apparatus",3-digit,7518105,₹ lakhs
2008,2019-20,All India,Combined,Total Inputs,273,Manufacture of Wiring and Wiring Devices,3-digit,8674719,₹ lakhs
2008,2019-20,All India,Combined,Total Inputs,303,Manufacture of Air and Spacecraft and Related Machinery,3-digit,624365,₹ lakhs
2008,2019-20,All India,Combined,Total Inputs,2432,Casting of Non-ferrous Metals,4-digit,1009708,₹ lakhs
2008,2019-20,All India,Combined,Total Inputs,2511,Manufacture of Structural Metal Products,4-digit,5106898,₹ lakhs
2008,2019-20,All India,Combined,Total Inputs,2599,Manufacture of Other Fabricated Metal Products N.e.c.,4-digit,6684640,₹ lakhs
2008,2019-20,All India,Combined,Total Inputs,25,"Manufacture of Fabricated Metal Products, Except Machinery and Equipment",2-digit,18505026,₹ lakhs
2008,2019-20,All India,Combined,Total Inputs,27,Manufacture of Electrical Equipment,2-digit,26487438,₹ lakhs
2008,2019-20,All India,Combined,Total Inputs,30,Manufacture of Other Transport Equipment,2-digit,18188433,₹ lakhs
2008,2019-20,All India,Combined,Total Inputs,24,Manufacture of Basic Metals,2-digit,104412087,₹ lakhs
2008,2019-20,All India,Combined,Total Inputs,3030,Manufacture of Air and Spacecraft and Related Machinery,4-digit,624365,₹ lakhs
2008,2019-20,All India,Combined,Total Inputs,2733,Manufacture of Wiring Devices,4-digit,652196,₹ lakhs
2008,2019-20,All India,Combined,Total Inputs,2732,Manufacture of Other Electronic and Electric Wires and Cables,4-digit,7150243,₹ lakhs
2008,2019-20,All India,Combined,Total Inputs,2710,"Manufacture of Electric Motors, Generators, Transformers and Electricity Distribution and Control Apparatus",4-digit,7518105,₹ lakhs
2008,2019-20,All India,Combined,Gross Value Added,259,Manufacture of Other Fabricated Metal Products; Metalworking Service Activities,3-digit,2644107,₹ lakhs
2008,2019-20,All India,Combined,Gross Value Added,2733,Manufacture of Wiring Devices,4-digit,237935,₹ lakhs
2008,2019-20,All India,Combined,Gross Value Added,2732,Manufacture of Other Electronic and Electric Wires and Cables,4-digit,1001622,₹ lakhs
2008,2019-20,All India,Combined,Gross Value Added,2710,"Manufacture of Electric Motors, Generators, Transformers and Electricity Distribution and Control Apparatus",4-digit,1702582,₹ lakhs
2008,2019-20,All India,Combined,Gross Value Added,271,"Manufacture of Electric Motors, Generators, Transformers and Electricity Distribution and Control Apparatus",3-digit,1702582,₹ lakhs
2008,2019-20,All India,Combined,Gross Value Added,303,Manufacture of Air and Spacecraft and Related Machinery,3-digit,317216,₹ lakhs
2008,2019-20,All India,Combined,Gross Value Added,2432,Casting of Non-ferrous Metals,4-digit,202846,₹ lakhs
2008,2019-20,All India,Combined,Gross Value Added,2511,Manufacture of Structural Metal Products,4-digit,1259545,₹ lakhs
2008,2019-20,All India,Combined,Gross Value Added,2599,Manufacture of Other Fabricated Metal Products N.e.c.,4-digit,1560633,₹ lakhs
2008,2019-20,All India,Combined,Gross Value Added,2420,Manufacture of Basic Precious and Other Non-ferrous Metals,4-digit,2838601,₹ lakhs
2008,2019-20,All India,Combined,Gross Value Added,24,Manufacture of Basic Metals,2-digit,15067749,₹ lakhs
2008,2019-20,All India,Combined,Gross Value Added,25,"Manufacture of Fabricated Metal Products, Except Machinery and Equipment",2-digit,4634957,₹ lakhs
2008,2019-20,All India,Combined,Gross Value Added,27,Manufacture of Electrical Equipment,2-digit,5441754,₹ lakhs
2008,2019-20,All India,Combined,Gross Value Added,30,Manufacture of Other Transport Equipment,2-digit,5223443,₹ lakhs
2008,2019-20,All India,Combined,Gross Value Added,273,Manufacture of Wiring and Wiring Devices,3-digit,1452074,₹ lakhs
2008,2019-20,All India,Combined,Gross Value Added,3030,Manufacture of Air and Spacecraft and Related Machinery,4-digit,317216,₹ lakhs
2008,2019-20,All India,Combined,Gross Value Added,242,Manufacture of Basic Precious and Other Non-ferrous Metals,3-digit,2838601,₹ lakhs
2008,2019-20,All India,Combined,Gross Value Added,243,Casting of Metals,3-digit,1921535,₹ lakhs
2008,2019-20,All India,Combined,Gross Value Added,251,"Manufacture of Structural Metal Products, Tanks, Reservoirs and Steam Generators",3-digit,1956374,₹ lakhs
2008,2019-20,All India,Combined,Net Value Added,243,Casting of Metals,3-digit,1578807,₹ lakhs
2008,2019-20,All India,Combined,Net Value Added,271,"Manufacture of Electric Motors, Generators, Transformers and Electricity Distribution and Control Apparatus",3-digit,1474841,₹ lakhs
2008,2019-20,All India,Combined,Net Value Added,273,Manufacture of Wiring and Wiring Devices,3-digit,1302445,₹ lakhs
2008,2019-20,All India,Combined,Net Value Added,303,Manufacture of Air and Spacecraft and Related Machinery,3-digit,275381,₹ lakhs
2008,2019-20,All India,Combined,Net Value Added,2420,Manufacture of Basic Precious and Other Non-ferrous Metals,4-digit,2288885,₹ lakhs
2008,2019-20,All India,Combined,Net Value Added,2432,Casting of Non-ferrous Metals,4-digit,156375,₹ lakhs
2008,2019-20,All India,Combined,Net Value Added,2511,Manufacture of Structural Metal Products,4-digit,1089680,₹ lakhs
2008,2019-20,All India,Combined,Net Value Added,2599,Manufacture of Other Fabricated Metal Products N.e.c.,4-digit,1319083,₹ lakhs
2008,2019-20,All India,Combined,Net Value Added,2710,"Manufacture of Electric Motors, Generators, Transformers and Electricity Distribution and Control Apparatus",4-digit,1474841,₹ lakhs
2008,2019-20,All India,Combined,Net Value Added,2732,Manufacture of Other Electronic and Electric Wires and Cables,4-digit,909105,₹ lakhs
2008,2019-20,All India,Combined,Net Value Added,2733,Manufacture of Wiring Devices,4-digit,211312,₹ lakhs
2008,2019-20,All India,Combined,Net Value Added,259,Manufacture of Other Fabricated Metal Products; Metalworking Service Activities,3-digit,2198936,₹ lakhs
2008,2019-20,All India,Combined,Net Value Added,251,"Manufacture of Structural Metal Products, Tanks, Reservoirs and Steam Generators",3-digit,1711740,₹ lakhs
2008,2019-20,All India,Combined,Net Value Added,242,Manufacture of Basic Precious and Other Non-ferrous Metals,3-digit,2288885,₹ lakhs
2008,2019-20,All India,Combined,Net Value Added,3030,Manufacture of Air and Spacecraft and Related Machinery,4-digit,275381,₹ lakhs
2008,2019-20,All India,Combined,Net Value Added,30,Manufacture of Other Transport Equipment,2-digit,4634981,₹ lakhs
2008,2019-20,All India,Combined,Net Value Added,27,Manufacture of Electrical Equipment,2-digit,4727809,₹ lakhs
2008,2019-20,All India,Combined,Net Value Added,25,"Manufacture of Fabricated Metal Products, Except Machinery and Equipment",2-digit,3942273,₹ lakhs
2008,2019-20,All India,Combined,Net Value Added,24,Manufacture of Basic Metals,2-digit,11245137,₹ lakhs
2008,2019-20,All India,Combined,Net Income,2710,"Manufacture of Electric Motors, Generators, Transformers and Electricity Distribution and Control Apparatus",4-digit,1313230,₹ lakhs
2008,2019-20,All India,Combined,Net Income,2732,Manufacture of Other Electronic and Electric Wires and Cables,4-digit,800030,₹ lakhs
2008,2019-20,All India,Combined,Net Income,24,Manufacture of Basic Metals,2-digit,7986312,₹ lakhs
2008,2019-20,All India,Combined,Net Income,2432,Casting of Non-ferrous Metals,4-digit,125384,₹ lakhs
2008,2019-20,All India,Combined,Net Income,2599,Manufacture of Other Fabricated Metal Products N.e.c.,4-digit,1134850,₹ lakhs
2008,2019-20,All India,Combined,Net Income,25,"Manufacture of Fabricated Metal Products, Except Machinery and Equipment",2-digit,3269763,₹ lakhs
2008,2019-20,All India,Combined,Net Income,27,Manufacture of Electrical Equipment,2-digit,4240609,₹ lakhs
2008,2019-20,All India,Combined,Net Income,30,Manufacture of Other Transport Equipment,2-digit,4399330,₹ lakhs
2008,2019-20,All India,Combined,Net Income,2420,Manufacture of Basic Precious and Other Non-ferrous Metals,4-digit,1676745,₹ lakhs
2008,2019-20,All India,Combined,Net Income,2733,Manufacture of Wiring Devices,4-digit,199255,₹ lakhs
2008,2019-20,All India,Combined,Net Income,3030,Manufacture of Air and Spacecraft and Related Machinery,4-digit,260785,₹ lakhs
2008,2019-20,All India,Combined,Net Income,243,Casting of Metals,3-digit,1313279,₹ lakhs
2008,2019-20,All India,Combined,Net Income,242,Manufacture of Basic Precious and Other Non-ferrous Metals,3-digit,1676745,₹ lakhs
2008,2019-20,All India,Combined,Net Income,251,"Manufacture of Structural Metal Products, Tanks, Reservoirs and Steam Generators",3-digit,1344470,₹ lakhs
2008,2019-20,All India,Combined,Net Income,259,Manufacture of Other Fabricated Metal Products; Metalworking Service Activities,3-digit,1895207,₹ lakhs
2008,2019-20,All India,Combined,Net Income,271,"Manufacture of Electric Motors, Generators, Transformers and Electricity Distribution and Control Apparatus",3-digit,1313230,₹ lakhs
2008,2019-20,All India,Combined,Net Income,2511,Manufacture of Structural Metal Products,4-digit,805728,₹ lakhs
2008,2019-20,All India,Combined,Net Income,303,Manufacture of Air and Spacecraft and Related Machinery,3-digit,260785,₹ lakhs
2008,2019-20,All India,Combined,Net Income,273,Manufacture of Wiring and Wiring Devices,3-digit,1158511,₹ lakhs
2008,2019-20,All India,Combined,Net Profit,259,Manufacture of Other Fabricated Metal Products; Metalworking Service Activities,3-digit,607931,₹ lakhs
2008,2019-20,All India,Combined,Net Profit,2733,Manufacture of Wiring Devices,4-digit,96280,₹ lakhs
2008,2019-20,All India,Combined,Net Profit,2732,Manufacture of Other Electronic and Electric Wires and Cables,4-digit,525197,₹ lakhs
2008,2019-20,All India,Combined,Net Profit,2710,"Manufacture of Electric Motors, Generators, Transformers and Electricity Distribution and Control Apparatus",4-digit,253092,₹ lakhs
2008,2019-20,All India,Combined,Net Profit,2599,Manufacture of Other Fabricated Metal Products N.e.c.,4-digit,395605,₹ lakhs
2008,2019-20,All India,Combined,Net Profit,2511,Manufacture of Structural Metal Products,4-digit,258308,₹ lakhs
2008,2019-20,All India,Combined,Net Profit,2432,Casting of Non-ferrous Metals,4-digit,35182,₹ lakhs
2008,2019-20,All India,Combined,Net Profit,2420,Manufacture of Basic Precious and Other Non-ferrous Metals,4-digit,904333,₹ lakhs
2008,2019-20,All India,Combined,Net Profit,27,Manufacture of Electrical Equipment,2-digit,1674590,₹ lakhs
2008,2019-20,All India,Combined,Net Profit,25,"Manufacture of Fabricated Metal Products, Except Machinery and Equipment",2-digit,994628,₹ lakhs
2008,2019-20,All India,Combined,Net Profit,24,Manufacture of Basic Metals,2-digit,2861655,₹ lakhs
2008,2019-20,All India,Combined,Net Profit,303,Manufacture of Air and Spacecraft and Related Machinery,3-digit,121780,₹ lakhs
2008,2019-20,All India,Combined,Net Profit,30,Manufacture of Other Transport Equipment,2-digit,2717410,₹ lakhs
2008,2019-20,All India,Combined,Net Profit,3030,Manufacture of Air and Spacecraft and Related Machinery,4-digit,121780,₹ lakhs
2008,2019-20,All India,Combined,Net Profit,242,Manufacture of Basic Precious and Other Non-ferrous Metals,3-digit,904333,₹ lakhs
2008,2019-20,All India,Combined,Net Profit,243,Casting of Metals,3-digit,553136,₹ lakhs
2008,2019-20,All India,Combined,Net Profit,251,"Manufacture of Structural Metal Products, Tanks, Reservoirs and Steam Generators",3-digit,367840,₹ lakhs
2008,2019-20,All India,Combined,Net Profit,271,"Manufacture of Electric Motors, Generators, Transformers and Electricity Distribution and Control Apparatus",3-digit,253092,₹ lakhs
2008,2019-20,All India,Combined,Net Profit,273,Manufacture of Wiring and Wiring Devices,3-digit,721279,₹ lakhs
2008,2019-20,All India,Combined,Total Number of Persons Engaged,30,Manufacture of Other Transport Equipment,2-digit,421386,-
2008,2019-20,All India,Combined,Total Number of Persons Engaged,27,Manufacture of Electrical Equipment,2-digit,635006,-
2008,2019-20,All India,Combined,Total Number of Persons Engaged,25,"Manufacture of Fabricated Metal Products, Except Machinery and Equipment",2-digit,705038,-
2008,2019-20,All India,Combined,Total Number of Persons Engaged,3030,Manufacture of Air and Spacecraft and Related Machinery,4-digit,23706,-
2008,2019-20,All India,Combined,Total Number of Persons Engaged,24,Manufacture of Basic Metals,2-digit,1204877,-
2008,2019-20,All India,Combined,Total Number of Persons Engaged,2420,Manufacture of Basic Precious and Other Non-ferrous Metals,4-digit,138806,-
2008,2019-20,All India,Combined,Total Number of Persons Engaged,2432,Casting of Non-ferrous Metals,4-digit,32409,-
2008,2019-20,All India,Combined,Total Number of Persons Engaged,2511,Manufacture of Structural Metal Products,4-digit,160316,-
2008,2019-20,All India,Combined,Total Number of Persons Engaged,2599,Manufacture of Other Fabricated Metal Products N.e.c.,4-digit,262012,-
2008,2019-20,All India,Combined,Total Number of Persons Engaged,303,Manufacture of Air and Spacecraft and Related Machinery,3-digit,23706,-
2008,2019-20,All India,Combined,Total Number of Persons Engaged,251,"Manufacture of Structural Metal Products, Tanks, Reservoirs and Steam Generators",3-digit,258421,-
2008,2019-20,All India,Combined,Total Number of Persons Engaged,271,"Manufacture of Electric Motors, Generators, Transformers and Electricity Distribution and Control Apparatus",3-digit,217779,-
2008,2019-20,All India,Combined,Total Number of Persons Engaged,243,Casting of Metals,3-digit,265489,-
2008,2019-20,All India,Combined,Total Number of Persons Engaged,242,Manufacture of Basic Precious and Other Non-ferrous Metals,3-digit,138806,-
2008,2019-20,All India,Combined,Total Number of Persons Engaged,259,Manufacture of Other Fabricated Metal Products; Metalworking Service Activities,3-digit,443215,-
2008,2019-20,All India,Combined,Total Number of Persons Engaged,2733,Manufacture of Wiring Devices,4-digit,34747,-
2008,2019-20,All India,Combined,Total Number of Persons Engaged,273,Manufacture of Wiring and Wiring Devices,3-digit,121701,-
2008,2019-20,All India,Combined,Total Number of Persons Engaged,2710,"Manufacture of Electric Motors, Generators, Transformers and Electricity Distribution and Control Apparatus",4-digit,217779,-
2008,2019-20,All India,Combined,Total Number of Persons Engaged,2732,Manufacture of Other Electronic and Electric Wires and Cables,4-digit,75458,-
2008,2019-20,All India,Combined,Total Number of Workers,271,"Manufacture of Electric Motors, Generators, Transformers and Electricity Distribution and Control Apparatus",3-digit,158297,-
2008,2019-20,All India,Combined,Total Number of Workers,303,Manufacture of Air and Spacecraft and Related Machinery,3-digit,16990,-
2008,2019-20,All India,Combined,Total Number of Workers,259,Manufacture of Other Fabricated Metal Products; Metalworking Service Activities,3-digit,345031,-
2008,2019-20,All India,Combined,Total Number of Workers,3030,Manufacture of Air and Spacecraft and Related Machinery,4-digit,16990,-
2008,2019-20,All India,Combined,Total Number of Workers,2733,Manufacture of Wiring Devices,4-digit,27483,-
2008,2019-20,All India,Combined,Total Number of Workers,2732,Manufacture of Other Electronic and Electric Wires and Cables,4-digit,59163,-
2008,2019-20,All India,Combined,Total Number of Workers,2710,"Manufacture of Electric Motors, Generators, Transformers and Electricity Distribution and Control Apparatus",4-digit,158297,-
2008,2019-20,All India,Combined,Total Number of Workers,2599,Manufacture of Other Fabricated Metal Products N.e.c.,4-digit,204598,-
2008,2019-20,All India,Combined,Total Number of Workers,2511,Manufacture of Structural Metal Products,4-digit,123302,-
2008,2019-20,All India,Combined,Total Number of Workers,2432,Casting of Non-ferrous Metals,4-digit,24943,-
2008,2019-20,All India,Combined,Total Number of Workers,2420,Manufacture of Basic Precious and Other Non-ferrous Metals,4-digit,104918,-
2008,2019-20,All India,Combined,Total Number of Workers,251,"Manufacture of Structural Metal Products, Tanks, Reservoirs and Steam Generators",3-digit,198593,-
2008,2019-20,All India,Combined,Total Number of Workers,243,Casting of Metals,3-digit,206411,-
2008,2019-20,All India,Combined,Total Number of Workers,242,Manufacture of Basic Precious and Other Non-ferrous Metals,3-digit,104918,-
2008,2019-20,All India,Combined,Total Number of Workers,273,Manufacture of Wiring and Wiring Devices,3-digit,95643,-
2008,2019-20,All India,Combined,Total Number of Workers,30,Manufacture of Other Transport Equipment,2-digit,346481,-
2008,2019-20,All India,Combined,Total Number of Workers,27,Manufacture of Electrical Equipment,2-digit,485074,-
2008,2019-20,All India,Combined,Total Number of Workers,25,"Manufacture of Fabricated Metal Products, Except Machinery and Equipment",2-digit,545938,-
2008,2019-20,All India,Combined,Total Number of Workers,24,Manufacture of Basic Metals,2-digit,967242,-
2008,2019-20,All India,Combined,No. of Directly Employed  Workers,243,Casting of Metals,3-digit,120614,-
2008,2019-20,All India,Combined,No. of Directly Employed  Workers,2420,Manufacture of Basic Precious and Other Non-ferrous Metals,4-digit,62392,-
2008,2019-20,All India,Combined,No. of Directly Employed  Workers,24,Manufacture of Basic Metals,2-digit,484675,-
2008,2019-20,All India,Combined,No. of Directly Employed  Workers,30,Manufacture of Other Transport Equipment,2-digit,131909,-
2008,2019-20,All India,Combined,No. of Directly Employed  Workers,25,"Manufacture of Fabricated Metal Products, Except Machinery and Equipment",2-digit,324904,-
2008,2019-20,All India,Combined,No. of Directly Employed  Workers,27,Manufacture of Electrical Equipment,2-digit,262115,-
2008,2019-20,All India,Combined,No. of Directly Employed  Workers,3030,Manufacture of Air and Spacecraft and Related Machinery,4-digit,11636,-
2008,2019-20,All India,Combined,No. of Directly Employed  Workers,2733,Manufacture of Wiring Devices,4-digit,12681,-
2008,2019-20,All India,Combined,No. of Directly Employed  Workers,2732,Manufacture of Other Electronic and Electric Wires and Cables,4-digit,27596,-
2008,2019-20,All India,Combined,No. of Directly Employed  Workers,2710,"Manufacture of Electric Motors, Generators, Transformers and Electricity Distribution and Control Apparatus",4-digit,91423,-
2008,2019-20,All India,Combined,No. of Directly Employed  Workers,2599,Manufacture of Other Fabricated Metal Products N.e.c.,4-digit,133281,-
2008,2019-20,All India,Combined,No. of Directly Employed  Workers,2511,Manufacture of Structural Metal Products,4-digit,65580,-
2008,2019-20,All India,Combined,No. of Directly Employed  Workers,2432,Casting of Non-ferrous Metals,4-digit,15471,-
2008,2019-20,All India,Combined,No. of Directly Employed  Workers,303,Manufacture of Air and Spacecraft and Related Machinery,3-digit,11636,-
2008,2019-20,All India,Combined,No. of Directly Employed  Workers,273,Manufacture of Wiring and Wiring Devices,3-digit,44405,-
2008,2019-20,All India,Combined,No. of Directly Employed  Workers,271,"Manufacture of Electric Motors, Generators, Transformers and Electricity Distribution and Control Apparatus",3-digit,91423,-
2008,2019-20,All India,Combined,No. of Directly Employed  Workers,259,Manufacture of Other Fabricated Metal Products; Metalworking Service Activities,3-digit,220101,-
2008,2019-20,All India,Combined,No. of Directly Employed  Workers,251,"Manufacture of Structural Metal Products, Tanks, Reservoirs and Steam Generators",3-digit,103126,-
2008,2019-20,All India,Combined,No. of Directly Employed  Workers,242,Manufacture of Basic Precious and Other Non-ferrous Metals,3-digit,62392,-
2008,2019-20,All India,Combined,No. of Workers employed Through Contractors,2511,Manufacture of Structural Metal Products,4-digit,57722,-
2008,2019-20,All India,Combined,No. of Workers employed Through Contractors,30,Manufacture of Other Transport Equipment,2-digit,214571,-
2008,2019-20,All India,Combined,No. of Workers employed Through Contractors,2599,Manufacture of Other Fabricated Metal Products N.e.c.,4-digit,71317,-
2008,2019-20,All India,Combined,No. of Workers employed Through Contractors,2732,Manufacture of Other Electronic and Electric Wires and Cables,4-digit,31567,-
2008,2019-20,All India,Combined,No. of Workers employed Through Contractors,2710,"Manufacture of Electric Motors, Generators, Transformers and Electricity Distribution and Control Apparatus",4-digit,66875,-
2008,2019-20,All India,Combined,No. of Workers employed Through Contractors,3030,Manufacture of Air and Spacecraft and Related Machinery,4-digit,5354,-
2008,2019-20,All India,Combined,No. of Workers employed Through Contractors,243,Casting of Metals,3-digit,85797,-
2008,2019-20,All India,Combined,No. of Workers employed Through Contractors,271,"Manufacture of Electric Motors, Generators, Transformers and Electricity Distribution and Control Apparatus",3-digit,66875,-
2008,2019-20,All India,Combined,No. of Workers employed Through Contractors,259,Manufacture of Other Fabricated Metal Products; Metalworking Service Activities,3-digit,124930,-
2008,2019-20,All India,Combined,No. of Workers employed Through Contractors,27,Manufacture of Electrical Equipment,2-digit,222959,-
2008,2019-20,All India,Combined,No. of Workers employed Through Contractors,25,"Manufacture of Fabricated Metal Products, Except Machinery and Equipment",2-digit,221035,-
2008,2019-20,All India,Combined,No. of Workers employed Through Contractors,2733,Manufacture of Wiring Devices,4-digit,14803,-
2008,2019-20,All India,Combined,No. of Workers employed Through Contractors,24,Manufacture of Basic Metals,2-digit,482567,-
2008,2019-20,All India,Combined,No. of Workers employed Through Contractors,303,Manufacture of Air and Spacecraft and Related Machinery,3-digit,5354,-
2008,2019-20,All India,Combined,No. of Workers employed Through Contractors,251,"Manufacture of Structural Metal Products, Tanks, Reservoirs and Steam Generators",3-digit,95466,-
2008,2019-20,All India,Combined,No. of Workers employed Through Contractors,273,Manufacture of Wiring and Wiring Devices,3-digit,51237,-
2008,2019-20,All India,Combined,No. of Workers employed Through Contractors,242,Manufacture of Basic Precious and Other Non-ferrous Metals,3-digit,42526,-
2008,2019-20,All India,Combined,No. of Workers employed Through Contractors,2420,Manufacture of Basic Precious and Other Non-ferrous Metals,4-digit,42526,-
2008,2019-20,All India,Combined,No. of Workers employed Through Contractors,2432,Casting of Non-ferrous Metals,4-digit,9472,-
2008,2019-20,All India,Combined,No. of Employees Other Than Workers,2599,Manufacture of Other Fabricated Metal Products N.e.c.,4-digit,55957,-
2008,2019-20,All India,Combined,No. of Employees Other Than Workers,273,Manufacture of Wiring and Wiring Devices,3-digit,25938,-
2008,2019-20,All India,Combined,No. of Employees Other Than Workers,303,Manufacture of Air and Spacecraft and Related Machinery,3-digit,6704,-
2008,2019-20,All India,Combined,No. of Employees Other Than Workers,2420,Manufacture of Basic Precious and Other Non-ferrous Metals,4-digit,33583,-
2008,2019-20,All India,Combined,No. of Employees Other Than Workers,24,Manufacture of Basic Metals,2-digit,235784,-
2008,2019-20,All India,Combined,No. of Employees Other Than Workers,2432,Casting of Non-ferrous Metals,4-digit,7400,-
2008,2019-20,All India,Combined,No. of Employees Other Than Workers,2511,Manufacture of Structural Metal Products,4-digit,36399,-
2008,2019-20,All India,Combined,No. of Employees Other Than Workers,2710,"Manufacture of Electric Motors, Generators, Transformers and Electricity Distribution and Control Apparatus",4-digit,59097,-
2008,2019-20,All India,Combined,No. of Employees Other Than Workers,271,"Manufacture of Electric Motors, Generators, Transformers and Electricity Distribution and Control Apparatus",3-digit,59097,-
2008,2019-20,All India,Combined,No. of Employees Other Than Workers,3030,Manufacture of Air and Spacecraft and Related Machinery,4-digit,6704,-
2008,2019-20,All India,Combined,No. of Employees Other Than Workers,2733,Manufacture of Wiring Devices,4-digit,7238,-
2008,2019-20,All India,Combined,No. of Employees Other Than Workers,2732,Manufacture of Other Electronic and Electric Wires and Cables,4-digit,16204,-
2008,2019-20,All India,Combined,No. of Employees Other Than Workers,259,Manufacture of Other Fabricated Metal Products; Metalworking Service Activities,3-digit,95820,-
2008,2019-20,All India,Combined,No. of Employees Other Than Workers,251,"Manufacture of Structural Metal Products, Tanks, Reservoirs and Steam Generators",3-digit,59009,-
2008,2019-20,All India,Combined,No. of Employees Other Than Workers,243,Casting of Metals,3-digit,58268,-
2008,2019-20,All India,Combined,No. of Employees Other Than Workers,242,Manufacture of Basic Precious and Other Non-ferrous Metals,3-digit,33583,-
2008,2019-20,All India,Combined,No. of Employees Other Than Workers,30,Manufacture of Other Transport Equipment,2-digit,74526,-
2008,2019-20,All India,Combined,No. of Employees Other Than Workers,27,Manufacture of Electrical Equipment,2-digit,148870,-
2008,2019-20,All India,Combined,No. of Employees Other Than Workers,25,"Manufacture of Fabricated Metal Products, Except Machinery and Equipment",2-digit,155854,-
2008,2019-20,All India,Combined,No. of Employees Other Than Workers -Supervisory and Managerial,243,Casting of Metals,3-digit,30123,-
2008,2019-20,All India,Combined,No. of Employees Other Than Workers -Supervisory and Managerial,303,Manufacture of Air and Spacecraft and Related Machinery,3-digit,3930,-
2008,2019-20,All India,Combined,No. of Employees Other Than Workers -Supervisory and Managerial,273,Manufacture of Wiring and Wiring Devices,3-digit,12826,-
2008,2019-20,All India,Combined,No. of Employees Other Than Workers -Supervisory and Managerial,2733,Manufacture of Wiring Devices,4-digit,3145,-
2008,2019-20,All India,Combined,No. of Employees Other Than Workers -Supervisory and Managerial,2710,"Manufacture of Electric Motors, Generators, Transformers and Electricity Distribution and Control Apparatus",4-digit,29675,-
2008,2019-20,All India,Combined,No. of Employees Other Than Workers -Supervisory and Managerial,2599,Manufacture of Other Fabricated Metal Products N.e.c.,4-digit,27029,-
2008,2019-20,All India,Combined,No. of Employees Other Than Workers -Supervisory and Managerial,2511,Manufacture of Structural Metal Products,4-digit,18092,-
2008,2019-20,All India,Combined,No. of Employees Other Than Workers -Supervisory and Managerial,2432,Casting of Non-ferrous Metals,4-digit,4038,-
2008,2019-20,All India,Combined,No. of Employees Other Than Workers -Supervisory and Managerial,2420,Manufacture of Basic Precious and Other Non-ferrous Metals,4-digit,18760,-
2008,2019-20,All India,Combined,No. of Employees Other Than Workers -Supervisory and Managerial,242,Manufacture of Basic Precious and Other Non-ferrous Metals,3-digit,18760,-
2008,2019-20,All India,Combined,No. of Employees Other Than Workers -Supervisory and Managerial,271,"Manufacture of Electric Motors, Generators, Transformers and Electricity Distribution and Control Apparatus",3-digit,29675,-
2008,2019-20,All India,Combined,No. of Employees Other Than Workers -Supervisory and Managerial,30,Manufacture of Other Transport Equipment,2-digit,35330,-
2008,2019-20,All India,Combined,No. of Employees Other Than Workers -Supervisory and Managerial,3030,Manufacture of Air and Spacecraft and Related Machinery,4-digit,3930,-
2008,2019-20,All India,Combined,No. of Employees Other Than Workers -Supervisory and Managerial,27,Manufacture of Electrical Equipment,2-digit,70626,-
2008,2019-20,All India,Combined,No. of Employees Other Than Workers -Supervisory and Managerial,2732,Manufacture of Other Electronic and Electric Wires and Cables,4-digit,8632,-
2008,2019-20,All India,Combined,No. of Employees Other Than Workers -Supervisory and Managerial,25,"Manufacture of Fabricated Metal Products, Except Machinery and Equipment",2-digit,73770,-
2008,2019-20,All India,Combined,No. of Employees Other Than Workers -Supervisory and Managerial,24,Manufacture of Basic Metals,2-digit,130250,-
2008,2019-20,All India,Combined,No. of Employees Other Than Workers -Supervisory and Managerial,259,Manufacture of Other Fabricated Metal Products; Metalworking Service Activities,3-digit,45013,-
2008,2019-20,All India,Combined,No. of Employees Other Than Workers -Supervisory and Managerial,251,"Manufacture of Structural Metal Products, Tanks, Reservoirs and Steam Generators",3-digit,28160,-
2008,2019-20,All India,Combined,No. of Employees Other Than Workers -Other Employees,27,Manufacture of Electrical Equipment,2-digit,78244,-
2008,2019-20,All India,Combined,No. of Employees Other Than Workers -Other Employees,24,Manufacture of Basic Metals,2-digit,105534,-
2008,2019-20,All India,Combined,No. of Employees Other Than Workers -Other Employees,2599,Manufacture of Other Fabricated Metal Products N.e.c.,4-digit,28928,-
2008,2019-20,All India,Combined,No. of Employees Other Than Workers -Other Employees,2710,"Manufacture of Electric Motors, Generators, Transformers and Electricity Distribution and Control Apparatus",4-digit,29422,-
2008,2019-20,All India,Combined,No. of Employees Other Than Workers -Other Employees,2733,Manufacture of Wiring Devices,4-digit,4093,-
2008,2019-20,All India,Combined,No. of Employees Other Than Workers -Other Employees,3030,Manufacture of Air and Spacecraft and Related Machinery,4-digit,2774,-
2008,2019-20,All India,Combined,No. of Employees Other Than Workers -Other Employees,2732,Manufacture of Other Electronic and Electric Wires and Cables,4-digit,7572,-
2008,2019-20,All India,Combined,No. of Employees Other Than Workers -Other Employees,2420,Manufacture of Basic Precious and Other Non-ferrous Metals,4-digit,14823,-
2008,2019-20,All India,Combined,No. of Employees Other Than Workers -Other Employees,2432,Casting of Non-ferrous Metals,4-digit,3362,-
2008,2019-20,All India,Combined,No. of Employees Other Than Workers -Other Employees,2511,Manufacture of Structural Metal Products,4-digit,18307,-
2008,2019-20,All India,Combined,No. of Employees Other Than Workers -Other Employees,303,Manufacture of Air and Spacecraft and Related Machinery,3-digit,2774,-
2008,2019-20,All India,Combined,No. of Employees Other Than Workers -Other Employees,273,Manufacture of Wiring and Wiring Devices,3-digit,13112,-
2008,2019-20,All India,Combined,No. of Employees Other Than Workers -Other Employees,271,"Manufacture of Electric Motors, Generators, Transformers and Electricity Distribution and Control Apparatus",3-digit,29422,-
2008,2019-20,All India,Combined,No. of Employees Other Than Workers -Other Employees,259,Manufacture of Other Fabricated Metal Products; Metalworking Service Activities,3-digit,50807,-
2008,2019-20,All India,Combined,No. of Employees Other Than Workers -Other Employees,251,"Manufacture of Structural Metal Products, Tanks, Reservoirs and Steam Generators",3-digit,30849,-
2008,2019-20,All India,Combined,No. of Employees Other Than Workers -Other Employees,243,Casting of Metals,3-digit,28145,-
2008,2019-20,All India,Combined,No. of Employees Other Than Workers -Other Employees,242,Manufacture of Basic Precious and Other Non-ferrous Metals,3-digit,14823,-
2008,2019-20,All India,Combined,No. of Employees Other Than Workers -Other Employees,30,Manufacture of Other Transport Equipment,2-digit,39196,-
2008,2019-20,All India,Combined,No. of Employees Other Than Workers -Other Employees,25,"Manufacture of Fabricated Metal Products, Except Machinery and Equipment",2-digit,82084,-
2008,2019-20,All India,Combined,Unpaid family members-proprietor etc,251,"Manufacture of Structural Metal Products, Tanks, Reservoirs and Steam Generators",3-digit,819,-
2008,2019-20,All India,Combined,Unpaid family members-proprietor etc,2733,Manufacture of Wiring Devices,4-digit,25,-
2008,2019-20,All India,Combined,Unpaid family members-proprietor etc,2732,Manufacture of Other Electronic and Electric Wires and Cables,4-digit,91,-
2008,2019-20,All India,Combined,Unpaid family members-proprietor etc,2710,"Manufacture of Electric Motors, Generators, Transformers and Electricity Distribution and Control Apparatus",4-digit,385,-
2008,2019-20,All India,Combined,Unpaid family members-proprietor etc,2599,Manufacture of Other Fabricated Metal Products N.e.c.,4-digit,1456,-
2008,2019-20,All India,Combined,Unpaid family members-proprietor etc,2511,Manufacture of Structural Metal Products,4-digit,615,-
2008,2019-20,All India,Combined,Unpaid family members-proprietor etc,2432,Casting of Non-ferrous Metals,4-digit,66,-
2008,2019-20,All India,Combined,Unpaid family members-proprietor etc,2420,Manufacture of Basic Precious and Other Non-ferrous Metals,4-digit,306,-
2008,2019-20,All India,Combined,Unpaid family members-proprietor etc,259,Manufacture of Other Fabricated Metal Products; Metalworking Service Activities,3-digit,2364,-
2008,2019-20,All India,Combined,Unpaid family members-proprietor etc,3030,Manufacture of Air and Spacecraft and Related Machinery,4-digit,13,-
2008,2019-20,All India,Combined,Unpaid family members-proprietor etc,25,"Manufacture of Fabricated Metal Products, Except Machinery and Equipment",2-digit,3246,-
2008,2019-20,All India,Combined,Unpaid family members-proprietor etc,24,Manufacture of Basic Metals,2-digit,1850,-
2008,2019-20,All India,Combined,Unpaid family members-proprietor etc,303,Manufacture of Air and Spacecraft and Related Machinery,3-digit,13,-
2008,2019-20,All India,Combined,Unpaid family members-proprietor etc,273,Manufacture of Wiring and Wiring Devices,3-digit,120,-
2008,2019-20,All India,Combined,Unpaid family members-proprietor etc,271,"Manufacture of Electric Motors, Generators, Transformers and Electricity Distribution and Control Apparatus",3-digit,385,-
2008,2019-20,All India,Combined,Unpaid family members-proprietor etc,242,Manufacture of Basic Precious and Other Non-ferrous Metals,3-digit,306,-
2008,2019-20,All India,Combined,Unpaid family members-proprietor etc,243,Casting of Metals,3-digit,810,-
2008,2019-20,All India,Combined,Unpaid family members-proprietor etc,27,Manufacture of Electrical Equipment,2-digit,1063,-
2008,2019-20,All India,Combined,Unpaid family members-proprietor etc,30,Manufacture of Other Transport Equipment,2-digit,379,-
2008,2019-20,All India,Combined,Wages and Salaries,25,"Manufacture of Fabricated Metal Products, Except Machinery and Equipment",2-digit,1966032,₹ lakhs
2008,2019-20,All India,Combined,Wages and Salaries,2432,Casting of Non-ferrous Metals,4-digit,79762,₹ lakhs
2008,2019-20,All India,Combined,Wages and Salaries,2511,Manufacture of Structural Metal Products,4-digit,472087,₹ lakhs
2008,2019-20,All India,Combined,Wages and Salaries,2710,"Manufacture of Electric Motors, Generators, Transformers and Electricity Distribution and Control Apparatus",4-digit,879785,₹ lakhs
2008,2019-20,All India,Combined,Wages and Salaries,2732,Manufacture of Other Electronic and Electric Wires and Cables,4-digit,242246,₹ lakhs
2008,2019-20,All India,Combined,Wages and Salaries,2733,Manufacture of Wiring Devices,4-digit,88784,₹ lakhs
2008,2019-20,All India,Combined,Wages and Salaries,3030,Manufacture of Air and Spacecraft and Related Machinery,4-digit,113930,₹ lakhs
2008,2019-20,All India,Combined,Wages and Salaries,2599,Manufacture of Other Fabricated Metal Products N.e.c.,4-digit,642560,₹ lakhs
2008,2019-20,All India,Combined,Wages and Salaries,242,Manufacture of Basic Precious and Other Non-ferrous Metals,3-digit,627555,₹ lakhs
2008,2019-20,All India,Combined,Wages and Salaries,2420,Manufacture of Basic Precious and Other Non-ferrous Metals,4-digit,627555,₹ lakhs
2008,2019-20,All India,Combined,Wages and Salaries,243,Casting of Metals,3-digit,660655,₹ lakhs
2008,2019-20,All India,Combined,Wages and Salaries,251,"Manufacture of Structural Metal Products, Tanks, Reservoirs and Steam Generators",3-digit,833460,₹ lakhs
2008,2019-20,All India,Combined,Wages and Salaries,259,Manufacture of Other Fabricated Metal Products; Metalworking Service Activities,3-digit,1122706,₹ lakhs
2008,2019-20,All India,Combined,Wages and Salaries,303,Manufacture of Air and Spacecraft and Related Machinery,3-digit,113930,₹ lakhs
2008,2019-20,All India,Combined,Wages and Salaries,30,Manufacture of Other Transport Equipment,2-digit,1432485,₹ lakhs
2008,2019-20,All India,Combined,Wages and Salaries,27,Manufacture of Electrical Equipment,2-digit,2165588,₹ lakhs
2008,2019-20,All India,Combined,Wages and Salaries,273,Manufacture of Wiring and Wiring Devices,3-digit,382885,₹ lakhs
2008,2019-20,All India,Combined,Wages and Salaries,24,Manufacture of Basic Metals,2-digit,4377831,₹ lakhs
2008,2019-20,All India,Combined,Wages and Salaries,271,"Manufacture of Electric Motors, Generators, Transformers and Electricity Distribution and Control Apparatus",3-digit,879785,₹ lakhs
2008,2018-19,All India,Combined,Total Output,2710,"Manufacture of Electric Motors, Generators, Transformers and Electricity Distribution and Control Apparatus",4-digit,11618055,₹ lakhs
2008,2018-19,All India,Combined,Total Output,3030,Manufacture of Air and Spacecraft and Related Machinery,4-digit,916615,₹ lakhs
2008,2018-19,All India,Combined,Total Output,2599,Manufacture of Other Fabricated Metal Products N.e.c.,4-digit,7509343,₹ lakhs
2008,2018-19,All India,Combined,Total Output,30,Manufacture of Other Transport Equipment,2-digit,22354935,₹ lakhs
2008,2018-19,All India,Combined,Total Output,27,Manufacture of Electrical Equipment,2-digit,32878719,₹ lakhs
2008,2018-19,All India,Combined,Total Output,25,"Manufacture of Fabricated Metal Products, Except Machinery and Equipment",2-digit,22816481,₹ lakhs
2008,2018-19,All India,Combined,Total Output,24,Manufacture of Basic Metals,2-digit,129916070,₹ lakhs
2008,2018-19,All India,Combined,Total Output,273,Manufacture of Wiring and Wiring Devices,3-digit,9434745,₹ lakhs
2008,2018-19,All India,Combined,Total Output,271,"Manufacture of Electric Motors, Generators, Transformers and Electricity Distribution and Control Apparatus",3-digit,11618055,₹ lakhs
2008,2018-19,All India,Combined,Total Output,259,Manufacture of Other Fabricated Metal Products; Metalworking Service Activities,3-digit,12551647,₹ lakhs
2008,2018-19,All India,Combined,Total Output,251,"Manufacture of Structural Metal Products, Tanks, Reservoirs and Steam Generators",3-digit,10157799,₹ lakhs
2008,2018-19,All India,Combined,Total Output,243,Casting of Metals,3-digit,13167423,₹ lakhs
2008,2018-19,All India,Combined,Total Output,2511,Manufacture of Structural Metal Products,4-digit,5940496,₹ lakhs
2008,2018-19,All India,Combined,Total Output,2432,Casting of Non-ferrous Metals,4-digit,1750448,₹ lakhs
2008,2018-19,All India,Combined,Total Output,2420,Manufacture of Basic Precious and Other Non-ferrous Metals,4-digit,25602353,₹ lakhs
2008,2018-19,All India,Combined,Total Output,303,Manufacture of Air and Spacecraft and Related Machinery,3-digit,916615,₹ lakhs
2008,2018-19,All India,Combined,Total Output,242,Manufacture of Basic Precious and Other Non-ferrous Metals,3-digit,25602353,₹ lakhs
2008,2018-19,All India,Combined,Total Output,2733,Manufacture of Wiring Devices,4-digit,1050357,₹ lakhs
2008,2018-19,All India,Combined,Total Output,2732,Manufacture of Other Electronic and Electric Wires and Cables,4-digit,7041262,₹ lakhs
2008,2018-19,All India,Combined,Total Inputs,2420,Manufacture of Basic Precious and Other Non-ferrous Metals,4-digit,22650741,₹ lakhs
2008,2018-19,All India,Combined,Total Inputs,2432,Casting of Non-ferrous Metals,4-digit,1503789,₹ lakhs
2008,2018-19,All India,Combined,Total Inputs,2511,Manufacture of Structural Metal Products,4-digit,4964663,₹ lakhs
2008,2018-19,All India,Combined,Total Inputs,2599,Manufacture of Other Fabricated Metal Products N.e.c.,4-digit,5895267,₹ lakhs
2008,2018-19,All India,Combined,Total Inputs,2710,"Manufacture of Electric Motors, Generators, Transformers and Electricity Distribution and Control Apparatus",4-digit,9394956,₹ lakhs
2008,2018-19,All India,Combined,Total Inputs,3030,Manufacture of Air and Spacecraft and Related Machinery,4-digit,605264,₹ lakhs
2008,2018-19,All India,Combined,Total Inputs,2733,Manufacture of Wiring Devices,4-digit,810183,₹ lakhs
2008,2018-19,All India,Combined,Total Inputs,2732,Manufacture of Other Electronic and Electric Wires and Cables,4-digit,6269765,₹ lakhs
2008,2018-19,All India,Combined,Total Inputs,27,Manufacture of Electrical Equipment,2-digit,27109465,₹ lakhs
2008,2018-19,All India,Combined,Total Inputs,25,"Manufacture of Fabricated Metal Products, Except Machinery and Equipment",2-digit,18180567,₹ lakhs
2008,2018-19,All India,Combined,Total Inputs,24,Manufacture of Basic Metals,2-digit,113002022,₹ lakhs
2008,2018-19,All India,Combined,Total Inputs,30,Manufacture of Other Transport Equipment,2-digit,17569660,₹ lakhs
2008,2018-19,All India,Combined,Total Inputs,273,Manufacture of Wiring and Wiring Devices,3-digit,8162971,₹ lakhs
2008,2018-19,All India,Combined,Total Inputs,303,Manufacture of Air and Spacecraft and Related Machinery,3-digit,605264,₹ lakhs
2008,2018-19,All India,Combined,Total Inputs,242,Manufacture of Basic Precious and Other Non-ferrous Metals,3-digit,22650741,₹ lakhs
2008,2018-19,All India,Combined,Total Inputs,243,Casting of Metals,3-digit,11318952,₹ lakhs
2008,2018-19,All India,Combined,Total Inputs,251,"Manufacture of Structural Metal Products, Tanks, Reservoirs and Steam Generators",3-digit,8361191,₹ lakhs
2008,2018-19,All India,Combined,Total Inputs,259,Manufacture of Other Fabricated Metal Products; Metalworking Service Activities,3-digit,9758917,₹ lakhs
2008,2018-19,All India,Combined,Total Inputs,271,"Manufacture of Electric Motors, Generators, Transformers and Electricity Distribution and Control Apparatus",3-digit,9394956,₹ lakhs
2008,2018-19,All India,Combined,Gross Value Added,251,"Manufacture of Structural Metal Products, Tanks, Reservoirs and Steam Generators",3-digit,1796608,₹ lakhs
2008,2018-19,All India,Combined,Gross Value Added,273,Manufacture of Wiring and Wiring Devices,3-digit,1271774,₹ lakhs
2008,2018-19,All India,Combined,Gross Value Added,303,Manufacture of Air and Spacecraft and Related Machinery,3-digit,311351,₹ lakhs
2008,2018-19,All India,Combined,Gross Value Added,24,Manufacture of Basic Metals,2-digit,16914048,₹ lakhs
2008,2018-19,All India,Combined,Gross Value Added,25,"Manufacture of Fabricated Metal Products, Except Machinery and Equipment",2-digit,4635914,₹ lakhs
2008,2018-19,All India,Combined,Gross Value Added,27,Manufacture of Electrical Equipment,2-digit,5769254,₹ lakhs
2008,2018-19,All India,Combined,Gross Value Added,30,Manufacture of Other Transport Equipment,2-digit,4785275,₹ lakhs
2008,2018-19,All India,Combined,Gross Value Added,3030,Manufacture of Air and Spacecraft and Related Machinery,4-digit,311351,₹ lakhs
2008,2018-19,All India,Combined,Gross Value Added,242,Manufacture of Basic Precious and Other Non-ferrous Metals,3-digit,2951612,₹ lakhs
2008,2018-19,All India,Combined,Gross Value Added,243,Casting of Metals,3-digit,1848471,₹ lakhs
2008,2018-19,All India,Combined,Gross Value Added,271,"Manufacture of Electric Motors, Generators, Transformers and Electricity Distribution and Control Apparatus",3-digit,2223099,₹ lakhs
2008,2018-19,All India,Combined,Gross Value Added,259,Manufacture of Other Fabricated Metal Products; Metalworking Service Activities,3-digit,2792730,₹ lakhs
2008,2018-19,All India,Combined,Gross Value Added,2420,Manufacture of Basic Precious and Other Non-ferrous Metals,4-digit,2951612,₹ lakhs
2008,2018-19,All India,Combined,Gross Value Added,2432,Casting of Non-ferrous Metals,4-digit,246659,₹ lakhs
2008,2018-19,All India,Combined,Gross Value Added,2511,Manufacture of Structural Metal Products,4-digit,975833,₹ lakhs
2008,2018-19,All India,Combined,Gross Value Added,2599,Manufacture of Other Fabricated Metal Products N.e.c.,4-digit,1614076,₹ lakhs
2008,2018-19,All India,Combined,Gross Value Added,2710,"Manufacture of Electric Motors, Generators, Transformers and Electricity Distribution and Control Apparatus",4-digit,2223099,₹ lakhs
2008,2018-19,All India,Combined,Gross Value Added,2732,Manufacture of Other Electronic and Electric Wires and Cables,4-digit,771497,₹ lakhs
2008,2018-19,All India,Combined,Gross Value Added,2733,Manufacture of Wiring Devices,4-digit,240174,₹ lakhs
2008,2018-19,All India,Combined,Net Value Added,30,Manufacture of Other Transport Equipment,2-digit,4290680,₹ lakhs
2008,2018-19,All India,Combined,Net Value Added,27,Manufacture of Electrical Equipment,2-digit,5064078,₹ lakhs
2008,2018-19,All India,Combined,Net Value Added,303,Manufacture of Air and Spacecraft and Related Machinery,3-digit,267117,₹ lakhs
2008,2018-19,All India,Combined,Net Value Added,273,Manufacture of Wiring and Wiring Devices,3-digit,1144601,₹ lakhs
2008,2018-19,All India,Combined,Net Value Added,271,"Manufacture of Electric Motors, Generators, Transformers and Electricity Distribution and Control Apparatus",3-digit,1977819,₹ lakhs
2008,2018-19,All India,Combined,Net Value Added,259,Manufacture of Other Fabricated Metal Products; Metalworking Service Activities,3-digit,2422022,₹ lakhs
2008,2018-19,All India,Combined,Net Value Added,2420,Manufacture of Basic Precious and Other Non-ferrous Metals,4-digit,2419625,₹ lakhs
2008,2018-19,All India,Combined,Net Value Added,2432,Casting of Non-ferrous Metals,4-digit,201278,₹ lakhs
2008,2018-19,All India,Combined,Net Value Added,242,Manufacture of Basic Precious and Other Non-ferrous Metals,3-digit,2419625,₹ lakhs
2008,2018-19,All India,Combined,Net Value Added,2511,Manufacture of Structural Metal Products,4-digit,832946,₹ lakhs
2008,2018-19,All India,Combined,Net Value Added,2599,Manufacture of Other Fabricated Metal Products N.e.c.,4-digit,1431595,₹ lakhs
2008,2018-19,All India,Combined,Net Value Added,2710,"Manufacture of Electric Motors, Generators, Transformers and Electricity Distribution and Control Apparatus",4-digit,1977819,₹ lakhs
2008,2018-19,All India,Combined,Net Value Added,2732,Manufacture of Other Electronic and Electric Wires and Cables,4-digit,692577,₹ lakhs
2008,2018-19,All India,Combined,Net Value Added,243,Casting of Metals,3-digit,1536765,₹ lakhs
2008,2018-19,All India,Combined,Net Value Added,25,"Manufacture of Fabricated Metal Products, Except Machinery and Equipment",2-digit,4045031,₹ lakhs
2008,2018-19,All India,Combined,Net Value Added,24,Manufacture of Basic Metals,2-digit,13168672,₹ lakhs
2008,2018-19,All India,Combined,Net Value Added,2733,Manufacture of Wiring Devices,4-digit,215553,₹ lakhs
2008,2018-19,All India,Combined,Net Value Added,3030,Manufacture of Air and Spacecraft and Related Machinery,4-digit,267117,₹ lakhs
2008,2018-19,All India,Combined,Net Value Added,251,"Manufacture of Structural Metal Products, Tanks, Reservoirs and Steam Generators",3-digit,1579807,₹ lakhs
2008,2018-19,All India,Combined,Net Income,30,Manufacture of Other Transport Equipment,2-digit,3961231,₹ lakhs
2008,2018-19,All India,Combined,Net Income,2420,Manufacture of Basic Precious and Other Non-ferrous Metals,4-digit,1760789,₹ lakhs
2008,2018-19,All India,Combined,Net Income,3030,Manufacture of Air and Spacecraft and Related Machinery,4-digit,251488,₹ lakhs
2008,2018-19,All India,Combined,Net Income,242,Manufacture of Basic Precious and Other Non-ferrous Metals,3-digit,1760789,₹ lakhs
2008,2018-19,All India,Combined,Net Income,243,Casting of Metals,3-digit,1297887,₹ lakhs
2008,2018-19,All India,Combined,Net Income,251,"Manufacture of Structural Metal Products, Tanks, Reservoirs and Steam Generators",3-digit,1250750,₹ lakhs
2008,2018-19,All India,Combined,Net Income,259,Manufacture of Other Fabricated Metal Products; Metalworking Service Activities,3-digit,2166233,₹ lakhs
2008,2018-19,All India,Combined,Net Income,271,"Manufacture of Electric Motors, Generators, Transformers and Electricity Distribution and Control Apparatus",3-digit,1787700,₹ lakhs
2008,2018-19,All India,Combined,Net Income,2710,"Manufacture of Electric Motors, Generators, Transformers and Electricity Distribution and Control Apparatus",4-digit,1787700,₹ lakhs
2008,2018-19,All India,Combined,Net Income,2732,Manufacture of Other Electronic and Electric Wires and Cables,4-digit,589498,₹ lakhs
2008,2018-19,All India,Combined,Net Income,2733,Manufacture of Wiring Devices,4-digit,202758,₹ lakhs
2008,2018-19,All India,Combined,Net Income,273,Manufacture of Wiring and Wiring Devices,3-digit,1012180,₹ lakhs
2008,2018-19,All India,Combined,Net Income,303,Manufacture of Air and Spacecraft and Related Machinery,3-digit,251488,₹ lakhs
2008,2018-19,All India,Combined,Net Income,2432,Casting of Non-ferrous Metals,4-digit,167467,₹ lakhs
2008,2018-19,All India,Combined,Net Income,2511,Manufacture of Structural Metal Products,4-digit,580744,₹ lakhs
2008,2018-19,All India,Combined,Net Income,2599,Manufacture of Other Fabricated Metal Products N.e.c.,4-digit,1278417,₹ lakhs
2008,2018-19,All India,Combined,Net Income,24,Manufacture of Basic Metals,2-digit,9008736,₹ lakhs
2008,2018-19,All India,Combined,Net Income,25,"Manufacture of Fabricated Metal Products, Except Machinery and Equipment",2-digit,3457791,₹ lakhs
2008,2018-19,All India,Combined,Net Income,27,Manufacture of Electrical Equipment,2-digit,4512192,₹ lakhs
2008,2018-19,All India,Combined,Net Profit,2733,Manufacture of Wiring Devices,4-digit,100910,₹ lakhs
2008,2018-19,All India,Combined,Net Profit,2732,Manufacture of Other Electronic and Electric Wires and Cables,4-digit,337101,₹ lakhs
2008,2018-19,All India,Combined,Net Profit,2710,"Manufacture of Electric Motors, Generators, Transformers and Electricity Distribution and Control Apparatus",4-digit,680182,₹ lakhs
2008,2018-19,All India,Combined,Net Profit,2511,Manufacture of Structural Metal Products,4-digit,99814,₹ lakhs
2008,2018-19,All India,Combined,Net Profit,2599,Manufacture of Other Fabricated Metal Products N.e.c.,4-digit,581561,₹ lakhs
2008,2018-19,All India,Combined,Net Profit,2420,Manufacture of Basic Precious and Other Non-ferrous Metals,4-digit,1022664,₹ lakhs
2008,2018-19,All India,Combined,Net Profit,2432,Casting of Non-ferrous Metals,4-digit,56938,₹ lakhs
2008,2018-19,All India,Combined,Net Profit,259,Manufacture of Other Fabricated Metal Products; Metalworking Service Activities,3-digit,920716,₹ lakhs
2008,2018-19,All India,Combined,Net Profit,251,"Manufacture of Structural Metal Products, Tanks, Reservoirs and Steam Generators",3-digit,297904,₹ lakhs
2008,2018-19,All India,Combined,Net Profit,243,Casting of Metals,3-digit,585273,₹ lakhs
2008,2018-19,All India,Combined,Net Profit,242,Manufacture of Basic Precious and Other Non-ferrous Metals,3-digit,1022664,₹ lakhs
2008,2018-19,All India,Combined,Net Profit,27,Manufacture of Electrical Equipment,2-digit,2106733,₹ lakhs
2008,2018-19,All India,Combined,Net Profit,25,"Manufacture of Fabricated Metal Products, Except Machinery and Equipment",2-digit,1245135,₹ lakhs
2008,2018-19,All India,Combined,Net Profit,24,Manufacture of Basic Metals,2-digit,4249026,₹ lakhs
2008,2018-19,All India,Combined,Net Profit,3030,Manufacture of Air and Spacecraft and Related Machinery,4-digit,124484,₹ lakhs
2008,2018-19,All India,Combined,Net Profit,303,Manufacture of Air and Spacecraft and Related Machinery,3-digit,124484,₹ lakhs
2008,2018-19,All India,Combined,Net Profit,273,Manufacture of Wiring and Wiring Devices,3-digit,606758,₹ lakhs
2008,2018-19,All India,Combined,Net Profit,271,"Manufacture of Electric Motors, Generators, Transformers and Electricity Distribution and Control Apparatus",3-digit,680182,₹ lakhs
2008,2018-19,All India,Combined,Net Profit,30,Manufacture of Other Transport Equipment,2-digit,2539585,₹ lakhs
2008,2018-19,All India,Combined,Total Number of Persons Engaged,27,Manufacture of Electrical Equipment,2-digit,607944,-
2008,2018-19,All India,Combined,Total Number of Persons Engaged,25,"Manufacture of Fabricated Metal Products, Except Machinery and Equipment",2-digit,681921,-
2008,2018-19,All India,Combined,Total Number of Persons Engaged,2733,Manufacture of Wiring Devices,4-digit,36754,-
2008,2018-19,All India,Combined,Total Number of Persons Engaged,2732,Manufacture of Other Electronic and Electric Wires and Cables,4-digit,78685,-
2008,2018-19,All India,Combined,Total Number of Persons Engaged,2432,Casting of Non-ferrous Metals,4-digit,36960,-
2008,2018-19,All India,Combined,Total Number of Persons Engaged,2710,"Manufacture of Electric Motors, Generators, Transformers and Electricity Distribution and Control Apparatus",4-digit,226867,-
2008,2018-19,All India,Combined,Total Number of Persons Engaged,2511,Manufacture of Structural Metal Products,4-digit,140644,-
2008,2018-19,All India,Combined,Total Number of Persons Engaged,2599,Manufacture of Other Fabricated Metal Products N.e.c.,4-digit,240389,-
2008,2018-19,All India,Combined,Total Number of Persons Engaged,242,Manufacture of Basic Precious and Other Non-ferrous Metals,3-digit,137054,-
2008,2018-19,All India,Combined,Total Number of Persons Engaged,243,Casting of Metals,3-digit,261531,-
2008,2018-19,All India,Combined,Total Number of Persons Engaged,251,"Manufacture of Structural Metal Products, Tanks, Reservoirs and Steam Generators",3-digit,251892,-
2008,2018-19,All India,Combined,Total Number of Persons Engaged,259,Manufacture of Other Fabricated Metal Products; Metalworking Service Activities,3-digit,425880,-
2008,2018-19,All India,Combined,Total Number of Persons Engaged,271,"Manufacture of Electric Motors, Generators, Transformers and Electricity Distribution and Control Apparatus",3-digit,226867,-
2008,2018-19,All India,Combined,Total Number of Persons Engaged,273,Manufacture of Wiring and Wiring Devices,3-digit,126169,-
2008,2018-19,All India,Combined,Total Number of Persons Engaged,303,Manufacture of Air and Spacecraft and Related Machinery,3-digit,24650,-
2008,2018-19,All India,Combined,Total Number of Persons Engaged,24,Manufacture of Basic Metals,2-digit,1149215,-
2008,2018-19,All India,Combined,Total Number of Persons Engaged,2420,Manufacture of Basic Precious and Other Non-ferrous Metals,4-digit,137054,-
2008,2018-19,All India,Combined,Total Number of Persons Engaged,30,Manufacture of Other Transport Equipment,2-digit,370776,-
2008,2018-19,All India,Combined,Total Number of Persons Engaged,3030,Manufacture of Air and Spacecraft and Related Machinery,4-digit,24650,-
2008,2018-19,All India,Combined,Total Number of Workers,2733,Manufacture of Wiring Devices,4-digit,29602,-
2008,2018-19,All India,Combined,Total Number of Workers,2710,"Manufacture of Electric Motors, Generators, Transformers and Electricity Distribution and Control Apparatus",4-digit,166714,-
2008,2018-19,All India,Combined,Total Number of Workers,2599,Manufacture of Other Fabricated Metal Products N.e.c.,4-digit,190274,-
2008,2018-19,All India,Combined,Total Number of Workers,271,"Manufacture of Electric Motors, Generators, Transformers and Electricity Distribution and Control Apparatus",3-digit,166714,-
2008,2018-19,All India,Combined,Total Number of Workers,242,Manufacture of Basic Precious and Other Non-ferrous Metals,3-digit,106510,-
2008,2018-19,All India,Combined,Total Number of Workers,3030,Manufacture of Air and Spacecraft and Related Machinery,4-digit,17325,-
2008,2018-19,All India,Combined,Total Number of Workers,243,Casting of Metals,3-digit,207920,-
2008,2018-19,All India,Combined,Total Number of Workers,273,Manufacture of Wiring and Wiring Devices,3-digit,100460,-
2008,2018-19,All India,Combined,Total Number of Workers,303,Manufacture of Air and Spacecraft and Related Machinery,3-digit,17325,-
2008,2018-19,All India,Combined,Total Number of Workers,24,Manufacture of Basic Metals,2-digit,924754,-
2008,2018-19,All India,Combined,Total Number of Workers,251,"Manufacture of Structural Metal Products, Tanks, Reservoirs and Steam Generators",3-digit,192919,-
2008,2018-19,All India,Combined,Total Number of Workers,259,Manufacture of Other Fabricated Metal Products; Metalworking Service Activities,3-digit,335509,-
2008,2018-19,All India,Combined,Total Number of Workers,25,"Manufacture of Fabricated Metal Products, Except Machinery and Equipment",2-digit,531064,-
2008,2018-19,All India,Combined,Total Number of Workers,27,Manufacture of Electrical Equipment,2-digit,466896,-
2008,2018-19,All India,Combined,Total Number of Workers,30,Manufacture of Other Transport Equipment,2-digit,294230,-
2008,2018-19,All India,Combined,Total Number of Workers,2420,Manufacture of Basic Precious and Other Non-ferrous Metals,4-digit,106510,-
2008,2018-19,All India,Combined,Total Number of Workers,2432,Casting of Non-ferrous Metals,4-digit,28945,-
2008,2018-19,All India,Combined,Total Number of Workers,2511,Manufacture of Structural Metal Products,4-digit,107487,-
2008,2018-19,All India,Combined,Total Number of Workers,2732,Manufacture of Other Electronic and Electric Wires and Cables,4-digit,62523,-
2008,2018-19,All India,Combined,No. of Directly Employed  Workers,27,Manufacture of Electrical Equipment,2-digit,249894,-
2008,2018-19,All India,Combined,No. of Directly Employed  Workers,24,Manufacture of Basic Metals,2-digit,457862,-
2008,2018-19,All India,Combined,No. of Directly Employed  Workers,3030,Manufacture of Air and Spacecraft and Related Machinery,4-digit,11551,-
2008,2018-19,All India,Combined,No. of Directly Employed  Workers,2420,Manufacture of Basic Precious and Other Non-ferrous Metals,4-digit,57395,-
2008,2018-19,All India,Combined,No. of Directly Employed  Workers,2432,Casting of Non-ferrous Metals,4-digit,13223,-
2008,2018-19,All India,Combined,No. of Directly Employed  Workers,2511,Manufacture of Structural Metal Products,4-digit,52499,-
2008,2018-19,All India,Combined,No. of Directly Employed  Workers,2599,Manufacture of Other Fabricated Metal Products N.e.c.,4-digit,123857,-
2008,2018-19,All India,Combined,No. of Directly Employed  Workers,2710,"Manufacture of Electric Motors, Generators, Transformers and Electricity Distribution and Control Apparatus",4-digit,101049,-
2008,2018-19,All India,Combined,No. of Directly Employed  Workers,303,Manufacture of Air and Spacecraft and Related Machinery,3-digit,11551,-
2008,2018-19,All India,Combined,No. of Directly Employed  Workers,273,Manufacture of Wiring and Wiring Devices,3-digit,43406,-
2008,2018-19,All India,Combined,No. of Directly Employed  Workers,271,"Manufacture of Electric Motors, Generators, Transformers and Electricity Distribution and Control Apparatus",3-digit,101049,-
2008,2018-19,All India,Combined,No. of Directly Employed  Workers,259,Manufacture of Other Fabricated Metal Products; Metalworking Service Activities,3-digit,211118,-
2008,2018-19,All India,Combined,No. of Directly Employed  Workers,251,"Manufacture of Structural Metal Products, Tanks, Reservoirs and Steam Generators",3-digit,93101,-
2008,2018-19,All India,Combined,No. of Directly Employed  Workers,243,Casting of Metals,3-digit,105661,-
2008,2018-19,All India,Combined,No. of Directly Employed  Workers,242,Manufacture of Basic Precious and Other Non-ferrous Metals,3-digit,57395,-
2008,2018-19,All India,Combined,No. of Directly Employed  Workers,2732,Manufacture of Other Electronic and Electric Wires and Cables,4-digit,25883,-
2008,2018-19,All India,Combined,No. of Directly Employed  Workers,2733,Manufacture of Wiring Devices,4-digit,13475,-
2008,2018-19,All India,Combined,No. of Directly Employed  Workers,25,"Manufacture of Fabricated Metal Products, Except Machinery and Equipment",2-digit,306196,-
2008,2018-19,All India,Combined,No. of Directly Employed  Workers,30,Manufacture of Other Transport Equipment,2-digit,133295,-
2008,2018-19,All India,Combined,No. of Workers employed Through Contractors,273,Manufacture of Wiring and Wiring Devices,3-digit,57055,-
2008,2018-19,All India,Combined,No. of Workers employed Through Contractors,24,Manufacture of Basic Metals,2-digit,466892,-
2008,2018-19,All India,Combined,No. of Workers employed Through Contractors,25,"Manufacture of Fabricated Metal Products, Except Machinery and Equipment",2-digit,224868,-
2008,2018-19,All India,Combined,No. of Workers employed Through Contractors,2420,Manufacture of Basic Precious and Other Non-ferrous Metals,4-digit,49114,-
2008,2018-19,All India,Combined,No. of Workers employed Through Contractors,2432,Casting of Non-ferrous Metals,4-digit,15722,-
2008,2018-19,All India,Combined,No. of Workers employed Through Contractors,2511,Manufacture of Structural Metal Products,4-digit,54988,-
2008,2018-19,All India,Combined,No. of Workers employed Through Contractors,2599,Manufacture of Other Fabricated Metal Products N.e.c.,4-digit,66416,-
2008,2018-19,All India,Combined,No. of Workers employed Through Contractors,2710,"Manufacture of Electric Motors, Generators, Transformers and Electricity Distribution and Control Apparatus",4-digit,65666,-
2008,2018-19,All India,Combined,No. of Workers employed Through Contractors,2732,Manufacture of Other Electronic and Electric Wires and Cables,4-digit,36640,-
2008,2018-19,All India,Combined,No. of Workers employed Through Contractors,2733,Manufacture of Wiring Devices,4-digit,16128,-
2008,2018-19,All India,Combined,No. of Workers employed Through Contractors,3030,Manufacture of Air and Spacecraft and Related Machinery,4-digit,5774,-
2008,2018-19,All India,Combined,No. of Workers employed Through Contractors,30,Manufacture of Other Transport Equipment,2-digit,160935,-
2008,2018-19,All India,Combined,No. of Workers employed Through Contractors,242,Manufacture of Basic Precious and Other Non-ferrous Metals,3-digit,49114,-
2008,2018-19,All India,Combined,No. of Workers employed Through Contractors,27,Manufacture of Electrical Equipment,2-digit,217002,-
2008,2018-19,All India,Combined,No. of Workers employed Through Contractors,243,Casting of Metals,3-digit,102258,-
2008,2018-19,All India,Combined,No. of Workers employed Through Contractors,303,Manufacture of Air and Spacecraft and Related Machinery,3-digit,5774,-
2008,2018-19,All India,Combined,No. of Workers employed Through Contractors,251,"Manufacture of Structural Metal Products, Tanks, Reservoirs and Steam Generators",3-digit,99817,-
2008,2018-19,All India,Combined,No. of Workers employed Through Contractors,259,Manufacture of Other Fabricated Metal Products; Metalworking Service Activities,3-digit,124391,-
2008,2018-19,All India,Combined,No. of Workers employed Through Contractors,271,"Manufacture of Electric Motors, Generators, Transformers and Electricity Distribution and Control Apparatus",3-digit,65666,-
2008,2018-19,All India,Combined,No. of Employees Other Than Workers,2432,Casting of Non-ferrous Metals,4-digit,7825,-
2008,2018-19,All India,Combined,No. of Employees Other Than Workers,2733,Manufacture of Wiring Devices,4-digit,7110,-
2008,2018-19,All India,Combined,No. of Employees Other Than Workers,2732,Manufacture of Other Electronic and Electric Wires and Cables,4-digit,16097,-
2008,2018-19,All India,Combined,No. of Employees Other Than Workers,2710,"Manufacture of Electric Motors, Generators, Transformers and Electricity Distribution and Control Apparatus",4-digit,59634,-
2008,2018-19,All India,Combined,No. of Employees Other Than Workers,303,Manufacture of Air and Spacecraft and Related Machinery,3-digit,7323,-
2008,2018-19,All India,Combined,No. of Employees Other Than Workers,273,Manufacture of Wiring and Wiring Devices,3-digit,25597,-
2008,2018-19,All India,Combined,No. of Employees Other Than Workers,271,"Manufacture of Electric Motors, Generators, Transformers and Electricity Distribution and Control Apparatus",3-digit,59634,-
2008,2018-19,All India,Combined,No. of Employees Other Than Workers,259,Manufacture of Other Fabricated Metal Products; Metalworking Service Activities,3-digit,87497,-
2008,2018-19,All India,Combined,No. of Employees Other Than Workers,251,"Manufacture of Structural Metal Products, Tanks, Reservoirs and Steam Generators",3-digit,57943,-
2008,2018-19,All India,Combined,No. of Employees Other Than Workers,243,Casting of Metals,3-digit,52606,-
2008,2018-19,All India,Combined,No. of Employees Other Than Workers,3030,Manufacture of Air and Spacecraft and Related Machinery,4-digit,7323,-
2008,2018-19,All India,Combined,No. of Employees Other Than Workers,242,Manufacture of Basic Precious and Other Non-ferrous Metals,3-digit,30135,-
2008,2018-19,All India,Combined,No. of Employees Other Than Workers,30,Manufacture of Other Transport Equipment,2-digit,76011,-
2008,2018-19,All India,Combined,No. of Employees Other Than Workers,2599,Manufacture of Other Fabricated Metal Products N.e.c.,4-digit,48277,-
2008,2018-19,All India,Combined,No. of Employees Other Than Workers,2511,Manufacture of Structural Metal Products,4-digit,32437,-
2008,2018-19,All India,Combined,No. of Employees Other Than Workers,2420,Manufacture of Basic Precious and Other Non-ferrous Metals,4-digit,30135,-
2008,2018-19,All India,Combined,No. of Employees Other Than Workers,27,Manufacture of Electrical Equipment,2-digit,139799,-
2008,2018-19,All India,Combined,No. of Employees Other Than Workers,25,"Manufacture of Fabricated Metal Products, Except Machinery and Equipment",2-digit,146895,-
2008,2018-19,All India,Combined,No. of Employees Other Than Workers,24,Manufacture of Basic Metals,2-digit,222312,-
2008,2018-19,All India,Combined,No. of Employees Other Than Workers -Supervisory and Managerial,2710,"Manufacture of Electric Motors, Generators, Transformers and Electricity Distribution and Control Apparatus",4-digit,31767,-
2008,2018-19,All India,Combined,No. of Employees Other Than Workers -Supervisory and Managerial,2599,Manufacture of Other Fabricated Metal Products N.e.c.,4-digit,23150,-
2008,2018-19,All India,Combined,No. of Employees Other Than Workers -Supervisory and Managerial,2511,Manufacture of Structural Metal Products,4-digit,17140,-
2008,2018-19,All India,Combined,No. of Employees Other Than Workers -Supervisory and Managerial,2432,Casting of Non-ferrous Metals,4-digit,3584,-
2008,2018-19,All India,Combined,No. of Employees Other Than Workers -Supervisory and Managerial,2420,Manufacture of Basic Precious and Other Non-ferrous Metals,4-digit,15213,-
2008,2018-19,All India,Combined,No. of Employees Other Than Workers -Supervisory and Managerial,3030,Manufacture of Air and Spacecraft and Related Machinery,4-digit,4549,-
2008,2018-19,All India,Combined,No. of Employees Other Than Workers -Supervisory and Managerial,24,Manufacture of Basic Metals,2-digit,118474,-
2008,2018-19,All India,Combined,No. of Employees Other Than Workers -Supervisory and Managerial,259,Manufacture of Other Fabricated Metal Products; Metalworking Service Activities,3-digit,41345,-
2008,2018-19,All India,Combined,No. of Employees Other Than Workers -Supervisory and Managerial,243,Casting of Metals,3-digit,27561,-
2008,2018-19,All India,Combined,No. of Employees Other Than Workers -Supervisory and Managerial,242,Manufacture of Basic Precious and Other Non-ferrous Metals,3-digit,15213,-
2008,2018-19,All India,Combined,No. of Employees Other Than Workers -Supervisory and Managerial,303,Manufacture of Air and Spacecraft and Related Machinery,3-digit,4549,-
2008,2018-19,All India,Combined,No. of Employees Other Than Workers -Supervisory and Managerial,2733,Manufacture of Wiring Devices,4-digit,3334,-
2008,2018-19,All India,Combined,No. of Employees Other Than Workers -Supervisory and Managerial,25,"Manufacture of Fabricated Metal Products, Except Machinery and Equipment",2-digit,70335,-
2008,2018-19,All India,Combined,No. of Employees Other Than Workers -Supervisory and Managerial,27,Manufacture of Electrical Equipment,2-digit,70187,-
2008,2018-19,All India,Combined,No. of Employees Other Than Workers -Supervisory and Managerial,30,Manufacture of Other Transport Equipment,2-digit,37265,-
2008,2018-19,All India,Combined,No. of Employees Other Than Workers -Supervisory and Managerial,251,"Manufacture of Structural Metal Products, Tanks, Reservoirs and Steam Generators",3-digit,28272,-
2008,2018-19,All India,Combined,No. of Employees Other Than Workers -Supervisory and Managerial,273,Manufacture of Wiring and Wiring Devices,3-digit,12724,-
2008,2018-19,All India,Combined,No. of Employees Other Than Workers -Supervisory and Managerial,271,"Manufacture of Electric Motors, Generators, Transformers and Electricity Distribution and Control Apparatus",3-digit,31767,-
2008,2018-19,All India,Combined,No. of Employees Other Than Workers -Supervisory and Managerial,2732,Manufacture of Other Electronic and Electric Wires and Cables,4-digit,8229,-
2008,2018-19,All India,Combined,No. of Employees Other Than Workers -Other Employees,303,Manufacture of Air and Spacecraft and Related Machinery,3-digit,2774,-
2008,2018-19,All India,Combined,No. of Employees Other Than Workers -Other Employees,3030,Manufacture of Air and Spacecraft and Related Machinery,4-digit,2774,-
2008,2018-19,All India,Combined,No. of Employees Other Than Workers -Other Employees,24,Manufacture of Basic Metals,2-digit,103838,-
2008,2018-19,All India,Combined,No. of Employees Other Than Workers -Other Employees,25,"Manufacture of Fabricated Metal Products, Except Machinery and Equipment",2-digit,76560,-
2008,2018-19,All India,Combined,No. of Employees Other Than Workers -Other Employees,27,Manufacture of Electrical Equipment,2-digit,69612,-
2008,2018-19,All India,Combined,No. of Employees Other Than Workers -Other Employees,30,Manufacture of Other Transport Equipment,2-digit,38746,-
2008,2018-19,All India,Combined,No. of Employees Other Than Workers -Other Employees,2733,Manufacture of Wiring Devices,4-digit,3776,-
2008,2018-19,All India,Combined,No. of Employees Other Than Workers -Other Employees,2732,Manufacture of Other Electronic and Electric Wires and Cables,4-digit,7868,-
2008,2018-19,All India,Combined,No. of Employees Other Than Workers -Other Employees,2710,"Manufacture of Electric Motors, Generators, Transformers and Electricity Distribution and Control Apparatus",4-digit,27867,-
2008,2018-19,All India,Combined,No. of Employees Other Than Workers -Other Employees,2599,Manufacture of Other Fabricated Metal Products N.e.c.,4-digit,25127,-
2008,2018-19,All India,Combined,No. of Employees Other Than Workers -Other Employees,2511,Manufacture of Structural Metal Products,4-digit,15297,-
2008,2018-19,All India,Combined,No. of Employees Other Than Workers -Other Employees,2432,Casting of Non-ferrous Metals,4-digit,4241,-
2008,2018-19,All India,Combined,No. of Employees Other Than Workers -Other Employees,2420,Manufacture of Basic Precious and Other Non-ferrous Metals,4-digit,14922,-
2008,2018-19,All India,Combined,No. of Employees Other Than Workers -Other Employees,242,Manufacture of Basic Precious and Other Non-ferrous Metals,3-digit,14922,-
2008,2018-19,All India,Combined,No. of Employees Other Than Workers -Other Employees,243,Casting of Metals,3-digit,25045,-
2008,2018-19,All India,Combined,No. of Employees Other Than Workers -Other Employees,251,"Manufacture of Structural Metal Products, Tanks, Reservoirs and Steam Generators",3-digit,29671,-
2008,2018-19,All India,Combined,No. of Employees Other Than Workers -Other Employees,259,Manufacture of Other Fabricated Metal Products; Metalworking Service Activities,3-digit,46152,-
2008,2018-19,All India,Combined,No. of Employees Other Than Workers -Other Employees,271,"Manufacture of Electric Motors, Generators, Transformers and Electricity Distribution and Control Apparatus",3-digit,27867,-
2008,2018-19,All India,Combined,No. of Employees Other Than Workers -Other Employees,273,Manufacture of Wiring and Wiring Devices,3-digit,12873,-
2008,2018-19,All India,Combined,Unpaid family members-proprietor etc,251,"Manufacture of Structural Metal Products, Tanks, Reservoirs and Steam Generators",3-digit,1030,-
2008,2018-19,All India,Combined,Unpaid family members-proprietor etc,259,Manufacture of Other Fabricated Metal Products; Metalworking Service Activities,3-digit,2874,-
2008,2018-19,All India,Combined,Unpaid family members-proprietor etc,271,"Manufacture of Electric Motors, Generators, Transformers and Electricity Distribution and Control Apparatus",3-digit,519,-
2008,2018-19,All India,Combined,Unpaid family members-proprietor etc,273,Manufacture of Wiring and Wiring Devices,3-digit,112,-
2008,2018-19,All India,Combined,Unpaid family members-proprietor etc,2511,Manufacture of Structural Metal Products,4-digit,720,-
2008,2018-19,All India,Combined,Unpaid family members-proprietor etc,2432,Casting of Non-ferrous Metals,4-digit,190,-
2008,2018-19,All India,Combined,Unpaid family members-proprietor etc,2732,Manufacture of Other Electronic and Electric Wires and Cables,4-digit,65,-
2008,2018-19,All India,Combined,Unpaid family members-proprietor etc,2733,Manufacture of Wiring Devices,4-digit,42,-
2008,2018-19,All India,Combined,Unpaid family members-proprietor etc,3030,Manufacture of Air and Spacecraft and Related Machinery,4-digit,2,-
2008,2018-19,All India,Combined,Unpaid family members-proprietor etc,24,Manufacture of Basic Metals,2-digit,2150,-
2008,2018-19,All India,Combined,Unpaid family members-proprietor etc,303,Manufacture of Air and Spacecraft and Related Machinery,3-digit,2,-
2008,2018-19,All India,Combined,Unpaid family members-proprietor etc,25,"Manufacture of Fabricated Metal Products, Except Machinery and Equipment",2-digit,3962,-
2008,2018-19,All India,Combined,Unpaid family members-proprietor etc,2420,Manufacture of Basic Precious and Other Non-ferrous Metals,4-digit,410,-
2008,2018-19,All India,Combined,Unpaid family members-proprietor etc,242,Manufacture of Basic Precious and Other Non-ferrous Metals,3-digit,410,-
2008,2018-19,All India,Combined,Unpaid family members-proprietor etc,2599,Manufacture of Other Fabricated Metal Products N.e.c.,4-digit,1837,-
2008,2018-19,All India,Combined,Unpaid family members-proprietor etc,2710,"Manufacture of Electric Motors, Generators, Transformers and Electricity Distribution and Control Apparatus",4-digit,519,-
2008,2018-19,All India,Combined,Unpaid family members-proprietor etc,27,Manufacture of Electrical Equipment,2-digit,1249,-
2008,2018-19,All India,Combined,Unpaid family members-proprietor etc,30,Manufacture of Other Transport Equipment,2-digit,535,-
2008,2018-19,All India,Combined,Unpaid family members-proprietor etc,243,Casting of Metals,3-digit,1006,-
2008,2018-19,All India,Combined,Wages and Salaries,25,"Manufacture of Fabricated Metal Products, Except Machinery and Equipment",2-digit,1913956,₹ lakhs
2008,2018-19,All India,Combined,Wages and Salaries,303,Manufacture of Air and Spacecraft and Related Machinery,3-digit,109074,₹ lakhs
2008,2018-19,All India,Combined,Wages and Salaries,273,Manufacture of Wiring and Wiring Devices,3-digit,352341,₹ lakhs
2008,2018-19,All India,Combined,Wages and Salaries,271,"Manufacture of Electric Motors, Generators, Transformers and Electricity Distribution and Control Apparatus",3-digit,929375,₹ lakhs
2008,2018-19,All India,Combined,Wages and Salaries,2511,Manufacture of Structural Metal Products,4-digit,418140,₹ lakhs
2008,2018-19,All India,Combined,Wages and Salaries,259,Manufacture of Other Fabricated Metal Products; Metalworking Service Activities,3-digit,1075565,₹ lakhs
2008,2018-19,All India,Combined,Wages and Salaries,251,"Manufacture of Structural Metal Products, Tanks, Reservoirs and Steam Generators",3-digit,825609,₹ lakhs
2008,2018-19,All India,Combined,Wages and Salaries,243,Casting of Metals,3-digit,618440,₹ lakhs
2008,2018-19,All India,Combined,Wages and Salaries,242,Manufacture of Basic Precious and Other Non-ferrous Metals,3-digit,613991,₹ lakhs
2008,2018-19,All India,Combined,Wages and Salaries,30,Manufacture of Other Transport Equipment,2-digit,1206705,₹ lakhs
2008,2018-19,All India,Combined,Wages and Salaries,2599,Manufacture of Other Fabricated Metal Products N.e.c.,4-digit,600580,₹ lakhs
2008,2018-19,All India,Combined,Wages and Salaries,2710,"Manufacture of Electric Motors, Generators, Transformers and Electricity Distribution and Control Apparatus",4-digit,929375,₹ lakhs
2008,2018-19,All India,Combined,Wages and Salaries,2732,Manufacture of Other Electronic and Electric Wires and Cables,4-digit,221893,₹ lakhs
2008,2018-19,All India,Combined,Wages and Salaries,2733,Manufacture of Wiring Devices,4-digit,86298,₹ lakhs
2008,2018-19,All India,Combined,Wages and Salaries,3030,Manufacture of Air and Spacecraft and Related Machinery,4-digit,109074,₹ lakhs
2008,2018-19,All India,Combined,Wages and Salaries,27,Manufacture of Electrical Equipment,2-digit,2039776,₹ lakhs
2008,2018-19,All India,Combined,Wages and Salaries,24,Manufacture of Basic Metals,2-digit,4020335,₹ lakhs
2008,2018-19,All India,Combined,Wages and Salaries,2432,Casting of Non-ferrous Metals,4-digit,96728,₹ lakhs
2008,2018-19,All India,Combined,Wages and Salaries,2420,Manufacture of Basic Precious and Other Non-ferrous Metals,4-digit,613991,₹ lakhs
2008,2017-18,All India,Combined,Total Output,271,"Manufacture of Electric Motors, Generators, Transformers and Electricity Distribution and Control Apparatus",3-digit,9732339,₹ lakhs
2008,2017-18,All India,Combined,Total Output,273,Manufacture of Wiring and Wiring Devices,3-digit,9502373,₹ lakhs
2008,2017-18,All India,Combined,Total Output,2733,Manufacture of Wiring Devices,4-digit,810739,₹ lakhs
2008,2017-18,All India,Combined,Total Output,2732,Manufacture of Other Electronic and Electric Wires and Cables,4-digit,7776632,₹ lakhs
2008,2017-18,All India,Combined,Total Output,2710,"Manufacture of Electric Motors, Generators, Transformers and Electricity Distribution and Control Apparatus",4-digit,9732339,₹ lakhs
2008,2017-18,All India,Combined,Total Output,242,Manufacture of Basic Precious and Other Non-ferrous Metals,3-digit,26496192,₹ lakhs
2008,2017-18,All India,Combined,Total Output,3030,Manufacture of Air and Spacecraft and Related Machinery,4-digit,565151,₹ lakhs
2008,2017-18,All India,Combined,Total Output,2420,Manufacture of Basic Precious and Other Non-ferrous Metals,4-digit,26496192,₹ lakhs
2008,2017-18,All India,Combined,Total Output,24,Manufacture of Basic Metals,2-digit,104670455,₹ lakhs
2008,2017-18,All India,Combined,Total Output,303,Manufacture of Air and Spacecraft and Related Machinery,3-digit,565151,₹ lakhs
2008,2017-18,All India,Combined,Total Output,25,"Manufacture of Fabricated Metal Products, Except Machinery and Equipment",2-digit,21146384,₹ lakhs
2008,2017-18,All India,Combined,Total Output,2599,Manufacture of Other Fabricated Metal Products N.e.c.,4-digit,6834763,₹ lakhs
2008,2017-18,All India,Combined,Total Output,2432,Casting of Non-ferrous Metals,4-digit,916990,₹ lakhs
2008,2017-18,All India,Combined,Total Output,2511,Manufacture of Structural Metal Products,4-digit,5797352,₹ lakhs
2008,2017-18,All India,Combined,Total Output,30,Manufacture of Other Transport Equipment,2-digit,19656447,₹ lakhs
2008,2017-18,All India,Combined,Total Output,27,Manufacture of Electrical Equipment,2-digit,30738609,₹ lakhs
2008,2017-18,All India,Combined,Total Output,243,Casting of Metals,3-digit,9325186,₹ lakhs
2008,2017-18,All India,Combined,Total Output,251,"Manufacture of Structural Metal Products, Tanks, Reservoirs and Steam Generators",3-digit,9102915,₹ lakhs
2008,2017-18,All India,Combined,Total Output,259,Manufacture of Other Fabricated Metal Products; Metalworking Service Activities,3-digit,11960022,₹ lakhs
2008,2017-18,All India,Combined,Total Inputs,2420,Manufacture of Basic Precious and Other Non-ferrous Metals,4-digit,22778101,₹ lakhs
2008,2017-18,All India,Combined,Total Inputs,2432,Casting of Non-ferrous Metals,4-digit,762081,₹ lakhs
2008,2017-18,All India,Combined,Total Inputs,2511,Manufacture of Structural Metal Products,4-digit,4726699,₹ lakhs
2008,2017-18,All India,Combined,Total Inputs,24,Manufacture of Basic Metals,2-digit,90113743,₹ lakhs
2008,2017-18,All India,Combined,Total Inputs,30,Manufacture of Other Transport Equipment,2-digit,15751851,₹ lakhs
2008,2017-18,All India,Combined,Total Inputs,27,Manufacture of Electrical Equipment,2-digit,25375413,₹ lakhs
2008,2017-18,All India,Combined,Total Inputs,242,Manufacture of Basic Precious and Other Non-ferrous Metals,3-digit,22778101,₹ lakhs
2008,2017-18,All India,Combined,Total Inputs,243,Casting of Metals,3-digit,7948293,₹ lakhs
2008,2017-18,All India,Combined,Total Inputs,251,"Manufacture of Structural Metal Products, Tanks, Reservoirs and Steam Generators",3-digit,7281465,₹ lakhs
2008,2017-18,All India,Combined,Total Inputs,259,Manufacture of Other Fabricated Metal Products; Metalworking Service Activities,3-digit,9432653,₹ lakhs
2008,2017-18,All India,Combined,Total Inputs,271,"Manufacture of Electric Motors, Generators, Transformers and Electricity Distribution and Control Apparatus",3-digit,7723078,₹ lakhs
2008,2017-18,All India,Combined,Total Inputs,273,Manufacture of Wiring and Wiring Devices,3-digit,8258095,₹ lakhs
2008,2017-18,All India,Combined,Total Inputs,303,Manufacture of Air and Spacecraft and Related Machinery,3-digit,364296,₹ lakhs
2008,2017-18,All India,Combined,Total Inputs,25,"Manufacture of Fabricated Metal Products, Except Machinery and Equipment",2-digit,16765608,₹ lakhs
2008,2017-18,All India,Combined,Total Inputs,3030,Manufacture of Air and Spacecraft and Related Machinery,4-digit,364296,₹ lakhs
2008,2017-18,All India,Combined,Total Inputs,2710,"Manufacture of Electric Motors, Generators, Transformers and Electricity Distribution and Control Apparatus",4-digit,7723078,₹ lakhs
2008,2017-18,All India,Combined,Total Inputs,2732,Manufacture of Other Electronic and Electric Wires and Cables,4-digit,6909603,₹ lakhs
2008,2017-18,All India,Combined,Total Inputs,2733,Manufacture of Wiring Devices,4-digit,614644,₹ lakhs
2008,2017-18,All India,Combined,Total Inputs,2599,Manufacture of Other Fabricated Metal Products N.e.c.,4-digit,5423098,₹ lakhs
2008,2017-18,All India,Combined,Gross Value Added,2432,Casting of Non-ferrous Metals,4-digit,154909,₹ lakhs
2008,2017-18,All India,Combined,Gross Value Added,25,"Manufacture of Fabricated Metal Products, Except Machinery and Equipment",2-digit,4380776,₹ lakhs
2008,2017-18,All India,Combined,Gross Value Added,27,Manufacture of Electrical Equipment,2-digit,5363196,₹ lakhs
2008,2017-18,All India,Combined,Gross Value Added,24,Manufacture of Basic Metals,2-digit,14556712,₹ lakhs
2008,2017-18,All India,Combined,Gross Value Added,251,"Manufacture of Structural Metal Products, Tanks, Reservoirs and Steam Generators",3-digit,1821450,₹ lakhs
2008,2017-18,All India,Combined,Gross Value Added,30,Manufacture of Other Transport Equipment,2-digit,3904596,₹ lakhs
2008,2017-18,All India,Combined,Gross Value Added,242,Manufacture of Basic Precious and Other Non-ferrous Metals,3-digit,3718091,₹ lakhs
2008,2017-18,All India,Combined,Gross Value Added,2420,Manufacture of Basic Precious and Other Non-ferrous Metals,4-digit,3718091,₹ lakhs
2008,2017-18,All India,Combined,Gross Value Added,273,Manufacture of Wiring and Wiring Devices,3-digit,1244278,₹ lakhs
2008,2017-18,All India,Combined,Gross Value Added,271,"Manufacture of Electric Motors, Generators, Transformers and Electricity Distribution and Control Apparatus",3-digit,2009261,₹ lakhs
2008,2017-18,All India,Combined,Gross Value Added,243,Casting of Metals,3-digit,1376893,₹ lakhs
2008,2017-18,All India,Combined,Gross Value Added,259,Manufacture of Other Fabricated Metal Products; Metalworking Service Activities,3-digit,2527369,₹ lakhs
2008,2017-18,All India,Combined,Gross Value Added,2599,Manufacture of Other Fabricated Metal Products N.e.c.,4-digit,1411665,₹ lakhs
2008,2017-18,All India,Combined,Gross Value Added,303,Manufacture of Air and Spacecraft and Related Machinery,3-digit,200855,₹ lakhs
2008,2017-18,All India,Combined,Gross Value Added,2733,Manufacture of Wiring Devices,4-digit,196095,₹ lakhs
2008,2017-18,All India,Combined,Gross Value Added,2511,Manufacture of Structural Metal Products,4-digit,1070653,₹ lakhs
2008,2017-18,All India,Combined,Gross Value Added,3030,Manufacture of Air and Spacecraft and Related Machinery,4-digit,200855,₹ lakhs
2008,2017-18,All India,Combined,Gross Value Added,2710,"Manufacture of Electric Motors, Generators, Transformers and Electricity Distribution and Control Apparatus",4-digit,2009261,₹ lakhs
2008,2017-18,All India,Combined,Gross Value Added,2732,Manufacture of Other Electronic and Electric Wires and Cables,4-digit,867029,₹ lakhs
2008,2017-18,All India,Combined,Net Value Added,27,Manufacture of Electrical Equipment,2-digit,4743665,₹ lakhs
2008,2017-18,All India,Combined,Net Value Added,24,Manufacture of Basic Metals,2-digit,11072814,₹ lakhs
2008,2017-18,All India,Combined,Net Value Added,2733,Manufacture of Wiring Devices,4-digit,177300,₹ lakhs
2008,2017-18,All India,Combined,Net Value Added,2732,Manufacture of Other Electronic and Electric Wires and Cables,4-digit,778301,₹ lakhs
2008,2017-18,All India,Combined,Net Value Added,2710,"Manufacture of Electric Motors, Generators, Transformers and Electricity Distribution and Control Apparatus",4-digit,1789286,₹ lakhs
2008,2017-18,All India,Combined,Net Value Added,2599,Manufacture of Other Fabricated Metal Products N.e.c.,4-digit,1232968,₹ lakhs
2008,2017-18,All India,Combined,Net Value Added,2511,Manufacture of Structural Metal Products,4-digit,918586,₹ lakhs
2008,2017-18,All India,Combined,Net Value Added,2432,Casting of Non-ferrous Metals,4-digit,111987,₹ lakhs
2008,2017-18,All India,Combined,Net Value Added,2420,Manufacture of Basic Precious and Other Non-ferrous Metals,4-digit,3243611,₹ lakhs
2008,2017-18,All India,Combined,Net Value Added,3030,Manufacture of Air and Spacecraft and Related Machinery,4-digit,173387,₹ lakhs
2008,2017-18,All India,Combined,Net Value Added,303,Manufacture of Air and Spacecraft and Related Machinery,3-digit,173387,₹ lakhs
2008,2017-18,All India,Combined,Net Value Added,273,Manufacture of Wiring and Wiring Devices,3-digit,1116288,₹ lakhs
2008,2017-18,All India,Combined,Net Value Added,271,"Manufacture of Electric Motors, Generators, Transformers and Electricity Distribution and Control Apparatus",3-digit,1789286,₹ lakhs
2008,2017-18,All India,Combined,Net Value Added,259,Manufacture of Other Fabricated Metal Products; Metalworking Service Activities,3-digit,2166024,₹ lakhs
2008,2017-18,All India,Combined,Net Value Added,251,"Manufacture of Structural Metal Products, Tanks, Reservoirs and Steam Generators",3-digit,1592245,₹ lakhs
2008,2017-18,All India,Combined,Net Value Added,243,Casting of Metals,3-digit,1054516,₹ lakhs
2008,2017-18,All India,Combined,Net Value Added,242,Manufacture of Basic Precious and Other Non-ferrous Metals,3-digit,3243611,₹ lakhs
2008,2017-18,All India,Combined,Net Value Added,30,Manufacture of Other Transport Equipment,2-digit,3431632,₹ lakhs
2008,2017-18,All India,Combined,Net Value Added,25,"Manufacture of Fabricated Metal Products, Except Machinery and Equipment",2-digit,3784719,₹ lakhs
2008,2017-18,All India,Combined,Net Income,271,"Manufacture of Electric Motors, Generators, Transformers and Electricity Distribution and Control Apparatus",3-digit,1625099,₹ lakhs
2008,2017-18,All India,Combined,Net Income,259,Manufacture of Other Fabricated Metal Products; Metalworking Service Activities,3-digit,1910383,₹ lakhs
2008,2017-18,All India,Combined,Net Income,2432,Casting of Non-ferrous Metals,4-digit,92075,₹ lakhs
2008,2017-18,All India,Combined,Net Income,2511,Manufacture of Structural Metal Products,4-digit,721594,₹ lakhs
2008,2017-18,All India,Combined,Net Income,2599,Manufacture of Other Fabricated Metal Products N.e.c.,4-digit,1087845,₹ lakhs
2008,2017-18,All India,Combined,Net Income,2710,"Manufacture of Electric Motors, Generators, Transformers and Electricity Distribution and Control Apparatus",4-digit,1625099,₹ lakhs
2008,2017-18,All India,Combined,Net Income,2733,Manufacture of Wiring Devices,4-digit,168774,₹ lakhs
2008,2017-18,All India,Combined,Net Income,2732,Manufacture of Other Electronic and Electric Wires and Cables,4-digit,655000,₹ lakhs
2008,2017-18,All India,Combined,Net Income,2420,Manufacture of Basic Precious and Other Non-ferrous Metals,4-digit,2739994,₹ lakhs
2008,2017-18,All India,Combined,Net Income,3030,Manufacture of Air and Spacecraft and Related Machinery,4-digit,162311,₹ lakhs
2008,2017-18,All India,Combined,Net Income,242,Manufacture of Basic Precious and Other Non-ferrous Metals,3-digit,2739994,₹ lakhs
2008,2017-18,All India,Combined,Net Income,243,Casting of Metals,3-digit,839648,₹ lakhs
2008,2017-18,All India,Combined,Net Income,251,"Manufacture of Structural Metal Products, Tanks, Reservoirs and Steam Generators",3-digit,1360874,₹ lakhs
2008,2017-18,All India,Combined,Net Income,24,Manufacture of Basic Metals,2-digit,6937691,₹ lakhs
2008,2017-18,All India,Combined,Net Income,25,"Manufacture of Fabricated Metal Products, Except Machinery and Equipment",2-digit,3296153,₹ lakhs
2008,2017-18,All India,Combined,Net Income,27,Manufacture of Electrical Equipment,2-digit,4267676,₹ lakhs
2008,2017-18,All India,Combined,Net Income,30,Manufacture of Other Transport Equipment,2-digit,3233366,₹ lakhs
2008,2017-18,All India,Combined,Net Income,303,Manufacture of Air and Spacecraft and Related Machinery,3-digit,162311,₹ lakhs
2008,2017-18,All India,Combined,Net Income,273,Manufacture of Wiring and Wiring Devices,3-digit,970324,₹ lakhs
2008,2017-18,All India,Combined,Net Profit,2710,"Manufacture of Electric Motors, Generators, Transformers and Electricity Distribution and Control Apparatus",4-digit,610003,₹ lakhs
2008,2017-18,All India,Combined,Net Profit,2420,Manufacture of Basic Precious and Other Non-ferrous Metals,4-digit,2049407,₹ lakhs
2008,2017-18,All India,Combined,Net Profit,2733,Manufacture of Wiring Devices,4-digit,90191,₹ lakhs
2008,2017-18,All India,Combined,Net Profit,251,"Manufacture of Structural Metal Products, Tanks, Reservoirs and Steam Generators",3-digit,422951,₹ lakhs
2008,2017-18,All India,Combined,Net Profit,259,Manufacture of Other Fabricated Metal Products; Metalworking Service Activities,3-digit,759165,₹ lakhs
2008,2017-18,All India,Combined,Net Profit,271,"Manufacture of Electric Motors, Generators, Transformers and Electricity Distribution and Control Apparatus",3-digit,610003,₹ lakhs
2008,2017-18,All India,Combined,Net Profit,273,Manufacture of Wiring and Wiring Devices,3-digit,579787,₹ lakhs
2008,2017-18,All India,Combined,Net Profit,303,Manufacture of Air and Spacecraft and Related Machinery,3-digit,63587,₹ lakhs
2008,2017-18,All India,Combined,Net Profit,243,Casting of Metals,3-digit,228518,₹ lakhs
2008,2017-18,All India,Combined,Net Profit,2599,Manufacture of Other Fabricated Metal Products N.e.c.,4-digit,431972,₹ lakhs
2008,2017-18,All India,Combined,Net Profit,242,Manufacture of Basic Precious and Other Non-ferrous Metals,3-digit,2049407,₹ lakhs
2008,2017-18,All India,Combined,Net Profit,2432,Casting of Non-ferrous Metals,4-digit,9224,₹ lakhs
2008,2017-18,All India,Combined,Net Profit,2511,Manufacture of Structural Metal Products,4-digit,193770,₹ lakhs
2008,2017-18,All India,Combined,Net Profit,30,Manufacture of Other Transport Equipment,2-digit,1935469,₹ lakhs
2008,2017-18,All India,Combined,Net Profit,2732,Manufacture of Other Electronic and Electric Wires and Cables,4-digit,377247,₹ lakhs
2008,2017-18,All India,Combined,Net Profit,24,Manufacture of Basic Metals,2-digit,2661733,₹ lakhs
2008,2017-18,All India,Combined,Net Profit,25,"Manufacture of Fabricated Metal Products, Except Machinery and Equipment",2-digit,1193865,₹ lakhs
2008,2017-18,All India,Combined,Net Profit,3030,Manufacture of Air and Spacecraft and Related Machinery,4-digit,63587,₹ lakhs
2008,2017-18,All India,Combined,Net Profit,27,Manufacture of Electrical Equipment,2-digit,2057952,₹ lakhs
2008,2017-18,All India,Combined,Total Number of Persons Engaged,27,Manufacture of Electrical Equipment,2-digit,598477,-
2008,2017-18,All India,Combined,Total Number of Persons Engaged,25,"Manufacture of Fabricated Metal Products, Except Machinery and Equipment",2-digit,691567,-
2008,2017-18,All India,Combined,Total Number of Persons Engaged,3030,Manufacture of Air and Spacecraft and Related Machinery,4-digit,19434,-
2008,2017-18,All India,Combined,Total Number of Persons Engaged,242,Manufacture of Basic Precious and Other Non-ferrous Metals,3-digit,127189,-
2008,2017-18,All India,Combined,Total Number of Persons Engaged,243,Casting of Metals,3-digit,233467,-
2008,2017-18,All India,Combined,Total Number of Persons Engaged,251,"Manufacture of Structural Metal Products, Tanks, Reservoirs and Steam Generators",3-digit,263014,-
2008,2017-18,All India,Combined,Total Number of Persons Engaged,2710,"Manufacture of Electric Motors, Generators, Transformers and Electricity Distribution and Control Apparatus",4-digit,226603,-
2008,2017-18,All India,Combined,Total Number of Persons Engaged,2733,Manufacture of Wiring Devices,4-digit,30611,-
2008,2017-18,All India,Combined,Total Number of Persons Engaged,2732,Manufacture of Other Electronic and Electric Wires and Cables,4-digit,89157,-
2008,2017-18,All India,Combined,Total Number of Persons Engaged,2599,Manufacture of Other Fabricated Metal Products N.e.c.,4-digit,255164,-
2008,2017-18,All India,Combined,Total Number of Persons Engaged,24,Manufacture of Basic Metals,2-digit,1032613,-
2008,2017-18,All India,Combined,Total Number of Persons Engaged,2420,Manufacture of Basic Precious and Other Non-ferrous Metals,4-digit,127189,-
2008,2017-18,All India,Combined,Total Number of Persons Engaged,30,Manufacture of Other Transport Equipment,2-digit,347825,-
2008,2017-18,All India,Combined,Total Number of Persons Engaged,303,Manufacture of Air and Spacecraft and Related Machinery,3-digit,19434,-
2008,2017-18,All India,Combined,Total Number of Persons Engaged,2511,Manufacture of Structural Metal Products,4-digit,168527,-
2008,2017-18,All India,Combined,Total Number of Persons Engaged,259,Manufacture of Other Fabricated Metal Products; Metalworking Service Activities,3-digit,425004,-
2008,2017-18,All India,Combined,Total Number of Persons Engaged,271,"Manufacture of Electric Motors, Generators, Transformers and Electricity Distribution and Control Apparatus",3-digit,226603,-
2008,2017-18,All India,Combined,Total Number of Persons Engaged,273,Manufacture of Wiring and Wiring Devices,3-digit,127857,-
2008,2017-18,All India,Combined,Total Number of Persons Engaged,2432,Casting of Non-ferrous Metals,4-digit,28768,-
2008,2017-18,All India,Combined,Total Number of Workers,2599,Manufacture of Other Fabricated Metal Products N.e.c.,4-digit,202050,-
2008,2017-18,All India,Combined,Total Number of Workers,2432,Casting of Non-ferrous Metals,4-digit,21278,-
2008,2017-18,All India,Combined,Total Number of Workers,2511,Manufacture of Structural Metal Products,4-digit,128545,-
2008,2017-18,All India,Combined,Total Number of Workers,2420,Manufacture of Basic Precious and Other Non-ferrous Metals,4-digit,96915,-
2008,2017-18,All India,Combined,Total Number of Workers,3030,Manufacture of Air and Spacecraft and Related Machinery,4-digit,14316,-
2008,2017-18,All India,Combined,Total Number of Workers,2733,Manufacture of Wiring Devices,4-digit,24973,-
2008,2017-18,All India,Combined,Total Number of Workers,2732,Manufacture of Other Electronic and Electric Wires and Cables,4-digit,69274,-
2008,2017-18,All India,Combined,Total Number of Workers,2710,"Manufacture of Electric Motors, Generators, Transformers and Electricity Distribution and Control Apparatus",4-digit,162115,-
2008,2017-18,All India,Combined,Total Number of Workers,24,Manufacture of Basic Metals,2-digit,814855,-
2008,2017-18,All India,Combined,Total Number of Workers,25,"Manufacture of Fabricated Metal Products, Except Machinery and Equipment",2-digit,533291,-
2008,2017-18,All India,Combined,Total Number of Workers,27,Manufacture of Electrical Equipment,2-digit,453428,-
2008,2017-18,All India,Combined,Total Number of Workers,30,Manufacture of Other Transport Equipment,2-digit,275050,-
2008,2017-18,All India,Combined,Total Number of Workers,242,Manufacture of Basic Precious and Other Non-ferrous Metals,3-digit,96915,-
2008,2017-18,All India,Combined,Total Number of Workers,243,Casting of Metals,3-digit,180960,-
2008,2017-18,All India,Combined,Total Number of Workers,251,"Manufacture of Structural Metal Products, Tanks, Reservoirs and Steam Generators",3-digit,198380,-
2008,2017-18,All India,Combined,Total Number of Workers,259,Manufacture of Other Fabricated Metal Products; Metalworking Service Activities,3-digit,332296,-
2008,2017-18,All India,Combined,Total Number of Workers,271,"Manufacture of Electric Motors, Generators, Transformers and Electricity Distribution and Control Apparatus",3-digit,162115,-
2008,2017-18,All India,Combined,Total Number of Workers,273,Manufacture of Wiring and Wiring Devices,3-digit,100303,-
2008,2017-18,All India,Combined,Total Number of Workers,303,Manufacture of Air and Spacecraft and Related Machinery,3-digit,14316,-
2008,2017-18,All India,Combined,No. of Directly Employed  Workers,259,Manufacture of Other Fabricated Metal Products; Metalworking Service Activities,3-digit,216570,-
2008,2017-18,All India,Combined,No. of Directly Employed  Workers,2710,"Manufacture of Electric Motors, Generators, Transformers and Electricity Distribution and Control Apparatus",4-digit,91359,-
2008,2017-18,All India,Combined,No. of Directly Employed  Workers,2732,Manufacture of Other Electronic and Electric Wires and Cables,4-digit,26163,-
2008,2017-18,All India,Combined,No. of Directly Employed  Workers,2733,Manufacture of Wiring Devices,4-digit,11729,-
2008,2017-18,All India,Combined,No. of Directly Employed  Workers,2599,Manufacture of Other Fabricated Metal Products N.e.c.,4-digit,129628,-
2008,2017-18,All India,Combined,No. of Directly Employed  Workers,3030,Manufacture of Air and Spacecraft and Related Machinery,4-digit,10306,-
2008,2017-18,All India,Combined,No. of Directly Employed  Workers,2511,Manufacture of Structural Metal Products,4-digit,64914,-
2008,2017-18,All India,Combined,No. of Directly Employed  Workers,303,Manufacture of Air and Spacecraft and Related Machinery,3-digit,10306,-
2008,2017-18,All India,Combined,No. of Directly Employed  Workers,273,Manufacture of Wiring and Wiring Devices,3-digit,40697,-
2008,2017-18,All India,Combined,No. of Directly Employed  Workers,271,"Manufacture of Electric Motors, Generators, Transformers and Electricity Distribution and Control Apparatus",3-digit,91359,-
2008,2017-18,All India,Combined,No. of Directly Employed  Workers,243,Casting of Metals,3-digit,102164,-
2008,2017-18,All India,Combined,No. of Directly Employed  Workers,2432,Casting of Non-ferrous Metals,4-digit,11405,-
2008,2017-18,All India,Combined,No. of Directly Employed  Workers,2420,Manufacture of Basic Precious and Other Non-ferrous Metals,4-digit,55582,-
2008,2017-18,All India,Combined,No. of Directly Employed  Workers,242,Manufacture of Basic Precious and Other Non-ferrous Metals,3-digit,55582,-
2008,2017-18,All India,Combined,No. of Directly Employed  Workers,24,Manufacture of Basic Metals,2-digit,430673,-
2008,2017-18,All India,Combined,No. of Directly Employed  Workers,25,"Manufacture of Fabricated Metal Products, Except Machinery and Equipment",2-digit,320288,-
2008,2017-18,All India,Combined,No. of Directly Employed  Workers,30,Manufacture of Other Transport Equipment,2-digit,142089,-
2008,2017-18,All India,Combined,No. of Directly Employed  Workers,251,"Manufacture of Structural Metal Products, Tanks, Reservoirs and Steam Generators",3-digit,101825,-
2008,2017-18,All India,Combined,No. of Directly Employed  Workers,27,Manufacture of Electrical Equipment,2-digit,235730,-
2008,2017-18,All India,Combined,No. of Workers employed Through Contractors,2420,Manufacture of Basic Precious and Other Non-ferrous Metals,4-digit,41332,-
2008,2017-18,All India,Combined,No. of Workers employed Through Contractors,3030,Manufacture of Air and Spacecraft and Related Machinery,4-digit,4009,-
2008,2017-18,All India,Combined,No. of Workers employed Through Contractors,24,Manufacture of Basic Metals,2-digit,384182,-
2008,2017-18,All India,Combined,No. of Workers employed Through Contractors,25,"Manufacture of Fabricated Metal Products, Except Machinery and Equipment",2-digit,213004,-
2008,2017-18,All India,Combined,No. of Workers employed Through Contractors,27,Manufacture of Electrical Equipment,2-digit,217697,-
2008,2017-18,All India,Combined,No. of Workers employed Through Contractors,30,Manufacture of Other Transport Equipment,2-digit,132961,-
2008,2017-18,All India,Combined,No. of Workers employed Through Contractors,2732,Manufacture of Other Electronic and Electric Wires and Cables,4-digit,43111,-
2008,2017-18,All India,Combined,No. of Workers employed Through Contractors,2733,Manufacture of Wiring Devices,4-digit,13244,-
2008,2017-18,All India,Combined,No. of Workers employed Through Contractors,2710,"Manufacture of Electric Motors, Generators, Transformers and Electricity Distribution and Control Apparatus",4-digit,70755,-
2008,2017-18,All India,Combined,No. of Workers employed Through Contractors,303,Manufacture of Air and Spacecraft and Related Machinery,3-digit,4009,-
2008,2017-18,All India,Combined,No. of Workers employed Through Contractors,273,Manufacture of Wiring and Wiring Devices,3-digit,59606,-
2008,2017-18,All India,Combined,No. of Workers employed Through Contractors,271,"Manufacture of Electric Motors, Generators, Transformers and Electricity Distribution and Control Apparatus",3-digit,70755,-
2008,2017-18,All India,Combined,No. of Workers employed Through Contractors,259,Manufacture of Other Fabricated Metal Products; Metalworking Service Activities,3-digit,115725,-
2008,2017-18,All India,Combined,No. of Workers employed Through Contractors,251,"Manufacture of Structural Metal Products, Tanks, Reservoirs and Steam Generators",3-digit,96555,-
2008,2017-18,All India,Combined,No. of Workers employed Through Contractors,243,Casting of Metals,3-digit,78796,-
2008,2017-18,All India,Combined,No. of Workers employed Through Contractors,2599,Manufacture of Other Fabricated Metal Products N.e.c.,4-digit,72422,-
2008,2017-18,All India,Combined,No. of Workers employed Through Contractors,242,Manufacture of Basic Precious and Other Non-ferrous Metals,3-digit,41332,-
2008,2017-18,All India,Combined,No. of Workers employed Through Contractors,2511,Manufacture of Structural Metal Products,4-digit,63631,-
2008,2017-18,All India,Combined,No. of Workers employed Through Contractors,2432,Casting of Non-ferrous Metals,4-digit,9873,-
2008,2017-18,All India,Combined,No. of Employees Other Than Workers,2432,Casting of Non-ferrous Metals,4-digit,7285,-
2008,2017-18,All India,Combined,No. of Employees Other Than Workers,2511,Manufacture of Structural Metal Products,4-digit,39204,-
2008,2017-18,All India,Combined,No. of Employees Other Than Workers,2599,Manufacture of Other Fabricated Metal Products N.e.c.,4-digit,50880,-
2008,2017-18,All India,Combined,No. of Employees Other Than Workers,2710,"Manufacture of Electric Motors, Generators, Transformers and Electricity Distribution and Control Apparatus",4-digit,63990,-
2008,2017-18,All India,Combined,No. of Employees Other Than Workers,2732,Manufacture of Other Electronic and Electric Wires and Cables,4-digit,19744,-
2008,2017-18,All India,Combined,No. of Employees Other Than Workers,2733,Manufacture of Wiring Devices,4-digit,5591,-
2008,2017-18,All India,Combined,No. of Employees Other Than Workers,2420,Manufacture of Basic Precious and Other Non-ferrous Metals,4-digit,29933,-
2008,2017-18,All India,Combined,No. of Employees Other Than Workers,242,Manufacture of Basic Precious and Other Non-ferrous Metals,3-digit,29933,-
2008,2017-18,All India,Combined,No. of Employees Other Than Workers,243,Casting of Metals,3-digit,51143,-
2008,2017-18,All India,Combined,No. of Employees Other Than Workers,251,"Manufacture of Structural Metal Products, Tanks, Reservoirs and Steam Generators",3-digit,63509,-
2008,2017-18,All India,Combined,No. of Employees Other Than Workers,259,Manufacture of Other Fabricated Metal Products; Metalworking Service Activities,3-digit,89284,-
2008,2017-18,All India,Combined,No. of Employees Other Than Workers,27,Manufacture of Electrical Equipment,2-digit,143755,-
2008,2017-18,All India,Combined,No. of Employees Other Than Workers,24,Manufacture of Basic Metals,2-digit,215038,-
2008,2017-18,All India,Combined,No. of Employees Other Than Workers,303,Manufacture of Air and Spacecraft and Related Machinery,3-digit,5081,-
2008,2017-18,All India,Combined,No. of Employees Other Than Workers,273,Manufacture of Wiring and Wiring Devices,3-digit,27367,-
2008,2017-18,All India,Combined,No. of Employees Other Than Workers,271,"Manufacture of Electric Motors, Generators, Transformers and Electricity Distribution and Control Apparatus",3-digit,63990,-
2008,2017-18,All India,Combined,No. of Employees Other Than Workers,25,"Manufacture of Fabricated Metal Products, Except Machinery and Equipment",2-digit,153661,-
2008,2017-18,All India,Combined,No. of Employees Other Than Workers,3030,Manufacture of Air and Spacecraft and Related Machinery,4-digit,5081,-
2008,2017-18,All India,Combined,No. of Employees Other Than Workers,30,Manufacture of Other Transport Equipment,2-digit,72236,-
2008,2017-18,All India,Combined,No. of Employees Other Than Workers -Supervisory and Managerial,24,Manufacture of Basic Metals,2-digit,115002,-
2008,2017-18,All India,Combined,No. of Employees Other Than Workers -Supervisory and Managerial,25,"Manufacture of Fabricated Metal Products, Except Machinery and Equipment",2-digit,75512,-
2008,2017-18,All India,Combined,No. of Employees Other Than Workers -Supervisory and Managerial,271,"Manufacture of Electric Motors, Generators, Transformers and Electricity Distribution and Control Apparatus",3-digit,31689,-
2008,2017-18,All India,Combined,No. of Employees Other Than Workers -Supervisory and Managerial,273,Manufacture of Wiring and Wiring Devices,3-digit,12290,-
2008,2017-18,All India,Combined,No. of Employees Other Than Workers -Supervisory and Managerial,243,Casting of Metals,3-digit,25348,-
2008,2017-18,All India,Combined,No. of Employees Other Than Workers -Supervisory and Managerial,242,Manufacture of Basic Precious and Other Non-ferrous Metals,3-digit,14650,-
2008,2017-18,All India,Combined,No. of Employees Other Than Workers -Supervisory and Managerial,2733,Manufacture of Wiring Devices,4-digit,2421,-
2008,2017-18,All India,Combined,No. of Employees Other Than Workers -Supervisory and Managerial,2732,Manufacture of Other Electronic and Electric Wires and Cables,4-digit,8946,-
2008,2017-18,All India,Combined,No. of Employees Other Than Workers -Supervisory and Managerial,2710,"Manufacture of Electric Motors, Generators, Transformers and Electricity Distribution and Control Apparatus",4-digit,31689,-
2008,2017-18,All India,Combined,No. of Employees Other Than Workers -Supervisory and Managerial,2599,Manufacture of Other Fabricated Metal Products N.e.c.,4-digit,24424,-
2008,2017-18,All India,Combined,No. of Employees Other Than Workers -Supervisory and Managerial,2511,Manufacture of Structural Metal Products,4-digit,20792,-
2008,2017-18,All India,Combined,No. of Employees Other Than Workers -Supervisory and Managerial,2420,Manufacture of Basic Precious and Other Non-ferrous Metals,4-digit,14650,-
2008,2017-18,All India,Combined,No. of Employees Other Than Workers -Supervisory and Managerial,2432,Casting of Non-ferrous Metals,4-digit,3114,-
2008,2017-18,All India,Combined,No. of Employees Other Than Workers -Supervisory and Managerial,251,"Manufacture of Structural Metal Products, Tanks, Reservoirs and Steam Generators",3-digit,32327,-
2008,2017-18,All India,Combined,No. of Employees Other Than Workers -Supervisory and Managerial,3030,Manufacture of Air and Spacecraft and Related Machinery,4-digit,3705,-
2008,2017-18,All India,Combined,No. of Employees Other Than Workers -Supervisory and Managerial,30,Manufacture of Other Transport Equipment,2-digit,36020,-
2008,2017-18,All India,Combined,No. of Employees Other Than Workers -Supervisory and Managerial,259,Manufacture of Other Fabricated Metal Products; Metalworking Service Activities,3-digit,42693,-
2008,2017-18,All India,Combined,No. of Employees Other Than Workers -Supervisory and Managerial,27,Manufacture of Electrical Equipment,2-digit,69588,-
2008,2017-18,All India,Combined,No. of Employees Other Than Workers -Supervisory and Managerial,303,Manufacture of Air and Spacecraft and Related Machinery,3-digit,3705,-
2008,2017-18,All India,Combined,No. of Employees Other Than Workers -Other Employees,2511,Manufacture of Structural Metal Products,4-digit,18412,-
2008,2017-18,All India,Combined,No. of Employees Other Than Workers -Other Employees,2420,Manufacture of Basic Precious and Other Non-ferrous Metals,4-digit,15283,-
2008,2017-18,All India,Combined,No. of Employees Other Than Workers -Other Employees,242,Manufacture of Basic Precious and Other Non-ferrous Metals,3-digit,15283,-
2008,2017-18,All India,Combined,No. of Employees Other Than Workers -Other Employees,243,Casting of Metals,3-digit,25795,-
2008,2017-18,All India,Combined,No. of Employees Other Than Workers -Other Employees,251,"Manufacture of Structural Metal Products, Tanks, Reservoirs and Steam Generators",3-digit,31182,-
2008,2017-18,All India,Combined,No. of Employees Other Than Workers -Other Employees,259,Manufacture of Other Fabricated Metal Products; Metalworking Service Activities,3-digit,46591,-
2008,2017-18,All India,Combined,No. of Employees Other Than Workers -Other Employees,271,"Manufacture of Electric Motors, Generators, Transformers and Electricity Distribution and Control Apparatus",3-digit,32301,-
2008,2017-18,All India,Combined,No. of Employees Other Than Workers -Other Employees,273,Manufacture of Wiring and Wiring Devices,3-digit,15077,-
2008,2017-18,All India,Combined,No. of Employees Other Than Workers -Other Employees,303,Manufacture of Air and Spacecraft and Related Machinery,3-digit,1376,-
2008,2017-18,All India,Combined,No. of Employees Other Than Workers -Other Employees,24,Manufacture of Basic Metals,2-digit,100036,-
2008,2017-18,All India,Combined,No. of Employees Other Than Workers -Other Employees,25,"Manufacture of Fabricated Metal Products, Except Machinery and Equipment",2-digit,78149,-
2008,2017-18,All India,Combined,No. of Employees Other Than Workers -Other Employees,27,Manufacture of Electrical Equipment,2-digit,74167,-
2008,2017-18,All India,Combined,No. of Employees Other Than Workers -Other Employees,30,Manufacture of Other Transport Equipment,2-digit,36216,-
2008,2017-18,All India,Combined,No. of Employees Other Than Workers -Other Employees,3030,Manufacture of Air and Spacecraft and Related Machinery,4-digit,1376,-
2008,2017-18,All India,Combined,No. of Employees Other Than Workers -Other Employees,2733,Manufacture of Wiring Devices,4-digit,3170,-
2008,2017-18,All India,Combined,No. of Employees Other Than Workers -Other Employees,2732,Manufacture of Other Electronic and Electric Wires and Cables,4-digit,10798,-
2008,2017-18,All India,Combined,No. of Employees Other Than Workers -Other Employees,2710,"Manufacture of Electric Motors, Generators, Transformers and Electricity Distribution and Control Apparatus",4-digit,32301,-
2008,2017-18,All India,Combined,No. of Employees Other Than Workers -Other Employees,2599,Manufacture of Other Fabricated Metal Products N.e.c.,4-digit,26456,-
2008,2017-18,All India,Combined,No. of Employees Other Than Workers -Other Employees,2432,Casting of Non-ferrous Metals,4-digit,4171,-
2008,2017-18,All India,Combined,Unpaid family members-proprietor etc,259,Manufacture of Other Fabricated Metal Products; Metalworking Service Activities,3-digit,3425,-
2008,2017-18,All India,Combined,Unpaid family members-proprietor etc,251,"Manufacture of Structural Metal Products, Tanks, Reservoirs and Steam Generators",3-digit,1125,-
2008,2017-18,All India,Combined,Unpaid family members-proprietor etc,243,Casting of Metals,3-digit,1364,-
2008,2017-18,All India,Combined,Unpaid family members-proprietor etc,2710,"Manufacture of Electric Motors, Generators, Transformers and Electricity Distribution and Control Apparatus",4-digit,499,-
2008,2017-18,All India,Combined,Unpaid family members-proprietor etc,2420,Manufacture of Basic Precious and Other Non-ferrous Metals,4-digit,342,-
2008,2017-18,All India,Combined,Unpaid family members-proprietor etc,2432,Casting of Non-ferrous Metals,4-digit,206,-
2008,2017-18,All India,Combined,Unpaid family members-proprietor etc,2511,Manufacture of Structural Metal Products,4-digit,779,-
2008,2017-18,All India,Combined,Unpaid family members-proprietor etc,2732,Manufacture of Other Electronic and Electric Wires and Cables,4-digit,139,-
2008,2017-18,All India,Combined,Unpaid family members-proprietor etc,242,Manufacture of Basic Precious and Other Non-ferrous Metals,3-digit,342,-
2008,2017-18,All India,Combined,Unpaid family members-proprietor etc,2733,Manufacture of Wiring Devices,4-digit,47,-
2008,2017-18,All India,Combined,Unpaid family members-proprietor etc,303,Manufacture of Air and Spacecraft and Related Machinery,3-digit,37,-
2008,2017-18,All India,Combined,Unpaid family members-proprietor etc,24,Manufacture of Basic Metals,2-digit,2720,-
2008,2017-18,All India,Combined,Unpaid family members-proprietor etc,25,"Manufacture of Fabricated Metal Products, Except Machinery and Equipment",2-digit,4615,-
2008,2017-18,All India,Combined,Unpaid family members-proprietor etc,27,Manufacture of Electrical Equipment,2-digit,1295,-
2008,2017-18,All India,Combined,Unpaid family members-proprietor etc,30,Manufacture of Other Transport Equipment,2-digit,540,-
2008,2017-18,All India,Combined,Unpaid family members-proprietor etc,2599,Manufacture of Other Fabricated Metal Products N.e.c.,4-digit,2234,-
2008,2017-18,All India,Combined,Unpaid family members-proprietor etc,3030,Manufacture of Air and Spacecraft and Related Machinery,4-digit,37,-
2008,2017-18,All India,Combined,Unpaid family members-proprietor etc,273,Manufacture of Wiring and Wiring Devices,3-digit,187,-
2008,2017-18,All India,Combined,Unpaid family members-proprietor etc,271,"Manufacture of Electric Motors, Generators, Transformers and Electricity Distribution and Control Apparatus",3-digit,499,-
2008,2017-18,All India,Combined,Wages and Salaries,2599,Manufacture of Other Fabricated Metal Products N.e.c.,4-digit,571566,₹ lakhs
2008,2017-18,All India,Combined,Wages and Salaries,2511,Manufacture of Structural Metal Products,4-digit,452485,₹ lakhs
2008,2017-18,All India,Combined,Wages and Salaries,251,"Manufacture of Structural Metal Products, Tanks, Reservoirs and Steam Generators",3-digit,800442,₹ lakhs
2008,2017-18,All India,Combined,Wages and Salaries,243,Casting of Metals,3-digit,528172,₹ lakhs
2008,2017-18,All India,Combined,Wages and Salaries,242,Manufacture of Basic Precious and Other Non-ferrous Metals,3-digit,550285,₹ lakhs
2008,2017-18,All India,Combined,Wages and Salaries,303,Manufacture of Air and Spacecraft and Related Machinery,3-digit,84577,₹ lakhs
2008,2017-18,All India,Combined,Wages and Salaries,271,"Manufacture of Electric Motors, Generators, Transformers and Electricity Distribution and Control Apparatus",3-digit,863008,₹ lakhs
2008,2017-18,All India,Combined,Wages and Salaries,3030,Manufacture of Air and Spacecraft and Related Machinery,4-digit,84577,₹ lakhs
2008,2017-18,All India,Combined,Wages and Salaries,2733,Manufacture of Wiring Devices,4-digit,65501,₹ lakhs
2008,2017-18,All India,Combined,Wages and Salaries,273,Manufacture of Wiring and Wiring Devices,3-digit,339848,₹ lakhs
2008,2017-18,All India,Combined,Wages and Salaries,259,Manufacture of Other Fabricated Metal Products; Metalworking Service Activities,3-digit,997518,₹ lakhs
2008,2017-18,All India,Combined,Wages and Salaries,2420,Manufacture of Basic Precious and Other Non-ferrous Metals,4-digit,550285,₹ lakhs
2008,2017-18,All India,Combined,Wages and Salaries,2432,Casting of Non-ferrous Metals,4-digit,71832,₹ lakhs
2008,2017-18,All India,Combined,Wages and Salaries,24,Manufacture of Basic Metals,2-digit,3543531,₹ lakhs
2008,2017-18,All India,Combined,Wages and Salaries,25,"Manufacture of Fabricated Metal Products, Except Machinery and Equipment",2-digit,1809669,₹ lakhs
2008,2017-18,All India,Combined,Wages and Salaries,27,Manufacture of Electrical Equipment,2-digit,1877993,₹ lakhs
2008,2017-18,All India,Combined,Wages and Salaries,30,Manufacture of Other Transport Equipment,2-digit,1093629,₹ lakhs
2008,2017-18,All India,Combined,Wages and Salaries,2732,Manufacture of Other Electronic and Electric Wires and Cables,4-digit,245454,₹ lakhs
2008,2017-18,All India,Combined,Wages and Salaries,2710,"Manufacture of Electric Motors, Generators, Transformers and Electricity Distribution and Control Apparatus",4-digit,863008,₹ lakhs
2008,2016-17,All India,Combined,Total Output,25,"Manufacture of Fabricated Metal Products, Except Machinery and Equipment",2-digit,20402267,₹ lakhs
2008,2016-17,All India,Combined,Total Output,30,Manufacture of Other Transport Equipment,2-digit,16037915,₹ lakhs
2008,2016-17,All India,Combined,Total Output,2420,Manufacture of Basic Precious and Other Non-ferrous Metals,4-digit,19325607,₹ lakhs
2008,2016-17,All India,Combined,Total Output,2432,Casting of Non-ferrous Metals,4-digit,1111072,₹ lakhs
2008,2016-17,All India,Combined,Total Output,2511,Manufacture of Structural Metal Products,4-digit,5820077,₹ lakhs
2008,2016-17,All India,Combined,Total Output,2599,Manufacture of Other Fabricated Metal Products N.e.c.,4-digit,6679203,₹ lakhs
2008,2016-17,All India,Combined,Total Output,2710,"Manufacture of Electric Motors, Generators, Transformers and Electricity Distribution and Control Apparatus",4-digit,9125753,₹ lakhs
2008,2016-17,All India,Combined,Total Output,2732,Manufacture of Other Electronic and Electric Wires and Cables,4-digit,5900335,₹ lakhs
2008,2016-17,All India,Combined,Total Output,2733,Manufacture of Wiring Devices,4-digit,868944,₹ lakhs
2008,2016-17,All India,Combined,Total Output,242,Manufacture of Basic Precious and Other Non-ferrous Metals,3-digit,19325607,₹ lakhs
2008,2016-17,All India,Combined,Total Output,303,Manufacture of Air and Spacecraft and Related Machinery,3-digit,472524,₹ lakhs
2008,2016-17,All India,Combined,Total Output,273,Manufacture of Wiring and Wiring Devices,3-digit,7559722,₹ lakhs
2008,2016-17,All India,Combined,Total Output,271,"Manufacture of Electric Motors, Generators, Transformers and Electricity Distribution and Control Apparatus",3-digit,9125753,₹ lakhs
2008,2016-17,All India,Combined,Total Output,259,Manufacture of Other Fabricated Metal Products; Metalworking Service Activities,3-digit,11385857,₹ lakhs
2008,2016-17,All India,Combined,Total Output,3030,Manufacture of Air and Spacecraft and Related Machinery,4-digit,472524,₹ lakhs
2008,2016-17,All India,Combined,Total Output,251,"Manufacture of Structural Metal Products, Tanks, Reservoirs and Steam Generators",3-digit,8895924,₹ lakhs
2008,2016-17,All India,Combined,Total Output,243,Casting of Metals,3-digit,8161585,₹ lakhs
2008,2016-17,All India,Combined,Total Output,24,Manufacture of Basic Metals,2-digit,83762775,₹ lakhs
2008,2016-17,All India,Combined,Total Output,27,Manufacture of Electrical Equipment,2-digit,27860902,₹ lakhs
2008,2016-17,All India,Combined,Total Inputs,2733,Manufacture of Wiring Devices,4-digit,658069,₹ lakhs
2008,2016-17,All India,Combined,Total Inputs,2732,Manufacture of Other Electronic and Electric Wires and Cables,4-digit,5308953,₹ lakhs
2008,2016-17,All India,Combined,Total Inputs,2710,"Manufacture of Electric Motors, Generators, Transformers and Electricity Distribution and Control Apparatus",4-digit,7197443,₹ lakhs
2008,2016-17,All India,Combined,Total Inputs,2599,Manufacture of Other Fabricated Metal Products N.e.c.,4-digit,5327368,₹ lakhs
2008,2016-17,All India,Combined,Total Inputs,2511,Manufacture of Structural Metal Products,4-digit,4702311,₹ lakhs
2008,2016-17,All India,Combined,Total Inputs,2432,Casting of Non-ferrous Metals,4-digit,920379,₹ lakhs
2008,2016-17,All India,Combined,Total Inputs,24,Manufacture of Basic Metals,2-digit,72652392,₹ lakhs
2008,2016-17,All India,Combined,Total Inputs,25,"Manufacture of Fabricated Metal Products, Except Machinery and Equipment",2-digit,16259915,₹ lakhs
2008,2016-17,All India,Combined,Total Inputs,243,Casting of Metals,3-digit,6849819,₹ lakhs
2008,2016-17,All India,Combined,Total Inputs,242,Manufacture of Basic Precious and Other Non-ferrous Metals,3-digit,16883808,₹ lakhs
2008,2016-17,All India,Combined,Total Inputs,303,Manufacture of Air and Spacecraft and Related Machinery,3-digit,305549,₹ lakhs
2008,2016-17,All India,Combined,Total Inputs,273,Manufacture of Wiring and Wiring Devices,3-digit,6627174,₹ lakhs
2008,2016-17,All India,Combined,Total Inputs,271,"Manufacture of Electric Motors, Generators, Transformers and Electricity Distribution and Control Apparatus",3-digit,7197443,₹ lakhs
2008,2016-17,All India,Combined,Total Inputs,259,Manufacture of Other Fabricated Metal Products; Metalworking Service Activities,3-digit,9017587,₹ lakhs
2008,2016-17,All India,Combined,Total Inputs,251,"Manufacture of Structural Metal Products, Tanks, Reservoirs and Steam Generators",3-digit,7163471,₹ lakhs
2008,2016-17,All India,Combined,Total Inputs,2420,Manufacture of Basic Precious and Other Non-ferrous Metals,4-digit,16883808,₹ lakhs
2008,2016-17,All India,Combined,Total Inputs,30,Manufacture of Other Transport Equipment,2-digit,12702956,₹ lakhs
2008,2016-17,All India,Combined,Total Inputs,27,Manufacture of Electrical Equipment,2-digit,22673424,₹ lakhs
2008,2016-17,All India,Combined,Total Inputs,3030,Manufacture of Air and Spacecraft and Related Machinery,4-digit,305549,₹ lakhs
2008,2016-17,All India,Combined,Gross Value Added,2432,Casting of Non-ferrous Metals,4-digit,190693,₹ lakhs
2008,2016-17,All India,Combined,Gross Value Added,24,Manufacture of Basic Metals,2-digit,11110383,₹ lakhs
2008,2016-17,All India,Combined,Gross Value Added,30,Manufacture of Other Transport Equipment,2-digit,3334959,₹ lakhs
2008,2016-17,All India,Combined,Gross Value Added,27,Manufacture of Electrical Equipment,2-digit,5187478,₹ lakhs
2008,2016-17,All India,Combined,Gross Value Added,25,"Manufacture of Fabricated Metal Products, Except Machinery and Equipment",2-digit,4142352,₹ lakhs
2008,2016-17,All India,Combined,Gross Value Added,3030,Manufacture of Air and Spacecraft and Related Machinery,4-digit,166975,₹ lakhs
2008,2016-17,All India,Combined,Gross Value Added,2733,Manufacture of Wiring Devices,4-digit,210875,₹ lakhs
2008,2016-17,All India,Combined,Gross Value Added,2732,Manufacture of Other Electronic and Electric Wires and Cables,4-digit,591382,₹ lakhs
2008,2016-17,All India,Combined,Gross Value Added,2710,"Manufacture of Electric Motors, Generators, Transformers and Electricity Distribution and Control Apparatus",4-digit,1928310,₹ lakhs
2008,2016-17,All India,Combined,Gross Value Added,2599,Manufacture of Other Fabricated Metal Products N.e.c.,4-digit,1351835,₹ lakhs
2008,2016-17,All India,Combined,Gross Value Added,259,Manufacture of Other Fabricated Metal Products; Metalworking Service Activities,3-digit,2368270,₹ lakhs
2008,2016-17,All India,Combined,Gross Value Added,251,"Manufacture of Structural Metal Products, Tanks, Reservoirs and Steam Generators",3-digit,1732453,₹ lakhs
2008,2016-17,All India,Combined,Gross Value Added,243,Casting of Metals,3-digit,1311766,₹ lakhs
2008,2016-17,All India,Combined,Gross Value Added,242,Manufacture of Basic Precious and Other Non-ferrous Metals,3-digit,2441799,₹ lakhs
2008,2016-17,All India,Combined,Gross Value Added,271,"Manufacture of Electric Motors, Generators, Transformers and Electricity Distribution and Control Apparatus",3-digit,1928310,₹ lakhs
2008,2016-17,All India,Combined,Gross Value Added,273,Manufacture of Wiring and Wiring Devices,3-digit,932548,₹ lakhs
2008,2016-17,All India,Combined,Gross Value Added,303,Manufacture of Air and Spacecraft and Related Machinery,3-digit,166975,₹ lakhs
2008,2016-17,All India,Combined,Gross Value Added,2511,Manufacture of Structural Metal Products,4-digit,1117766,₹ lakhs
2008,2016-17,All India,Combined,Gross Value Added,2420,Manufacture of Basic Precious and Other Non-ferrous Metals,4-digit,2441799,₹ lakhs
2008,2016-17,All India,Combined,Net Value Added,2599,Manufacture of Other Fabricated Metal Products N.e.c.,4-digit,1162663,₹ lakhs
2008,2016-17,All India,Combined,Net Value Added,2432,Casting of Non-ferrous Metals,4-digit,158787,₹ lakhs
2008,2016-17,All India,Combined,Net Value Added,2420,Manufacture of Basic Precious and Other Non-ferrous Metals,4-digit,1970952,₹ lakhs
2008,2016-17,All India,Combined,Net Value Added,303,Manufacture of Air and Spacecraft and Related Machinery,3-digit,145808,₹ lakhs
2008,2016-17,All India,Combined,Net Value Added,3030,Manufacture of Air and Spacecraft and Related Machinery,4-digit,145808,₹ lakhs
2008,2016-17,All India,Combined,Net Value Added,2733,Manufacture of Wiring Devices,4-digit,190820,₹ lakhs
2008,2016-17,All India,Combined,Net Value Added,2732,Manufacture of Other Electronic and Electric Wires and Cables,4-digit,524908,₹ lakhs
2008,2016-17,All India,Combined,Net Value Added,2710,"Manufacture of Electric Motors, Generators, Transformers and Electricity Distribution and Control Apparatus",4-digit,1710695,₹ lakhs
2008,2016-17,All India,Combined,Net Value Added,24,Manufacture of Basic Metals,2-digit,7847214,₹ lakhs
2008,2016-17,All India,Combined,Net Value Added,25,"Manufacture of Fabricated Metal Products, Except Machinery and Equipment",2-digit,3507782,₹ lakhs
2008,2016-17,All India,Combined,Net Value Added,27,Manufacture of Electrical Equipment,2-digit,4578531,₹ lakhs
2008,2016-17,All India,Combined,Net Value Added,30,Manufacture of Other Transport Equipment,2-digit,2938397,₹ lakhs
2008,2016-17,All India,Combined,Net Value Added,259,Manufacture of Other Fabricated Metal Products; Metalworking Service Activities,3-digit,1983138,₹ lakhs
2008,2016-17,All India,Combined,Net Value Added,271,"Manufacture of Electric Motors, Generators, Transformers and Electricity Distribution and Control Apparatus",3-digit,1710695,₹ lakhs
2008,2016-17,All India,Combined,Net Value Added,273,Manufacture of Wiring and Wiring Devices,3-digit,816935,₹ lakhs
2008,2016-17,All India,Combined,Net Value Added,251,"Manufacture of Structural Metal Products, Tanks, Reservoirs and Steam Generators",3-digit,1487171,₹ lakhs
2008,2016-17,All India,Combined,Net Value Added,242,Manufacture of Basic Precious and Other Non-ferrous Metals,3-digit,1970952,₹ lakhs
2008,2016-17,All India,Combined,Net Value Added,243,Casting of Metals,3-digit,1047535,₹ lakhs
2008,2016-17,All India,Combined,Net Value Added,2511,Manufacture of Structural Metal Products,4-digit,947894,₹ lakhs
2008,2016-17,All India,Combined,Net Income,3030,Manufacture of Air and Spacecraft and Related Machinery,4-digit,135065,₹ lakhs
2008,2016-17,All India,Combined,Net Income,2733,Manufacture of Wiring Devices,4-digit,170439,₹ lakhs
2008,2016-17,All India,Combined,Net Income,2732,Manufacture of Other Electronic and Electric Wires and Cables,4-digit,403757,₹ lakhs
2008,2016-17,All India,Combined,Net Income,2710,"Manufacture of Electric Motors, Generators, Transformers and Electricity Distribution and Control Apparatus",4-digit,1561690,₹ lakhs
2008,2016-17,All India,Combined,Net Income,259,Manufacture of Other Fabricated Metal Products; Metalworking Service Activities,3-digit,1708380,₹ lakhs
2008,2016-17,All India,Combined,Net Income,251,"Manufacture of Structural Metal Products, Tanks, Reservoirs and Steam Generators",3-digit,1284364,₹ lakhs
2008,2016-17,All India,Combined,Net Income,303,Manufacture of Air and Spacecraft and Related Machinery,3-digit,135065,₹ lakhs
2008,2016-17,All India,Combined,Net Income,273,Manufacture of Wiring and Wiring Devices,3-digit,653697,₹ lakhs
2008,2016-17,All India,Combined,Net Income,271,"Manufacture of Electric Motors, Generators, Transformers and Electricity Distribution and Control Apparatus",3-digit,1561690,₹ lakhs
2008,2016-17,All India,Combined,Net Income,24,Manufacture of Basic Metals,2-digit,4249281,₹ lakhs
2008,2016-17,All India,Combined,Net Income,2599,Manufacture of Other Fabricated Metal Products N.e.c.,4-digit,1007681,₹ lakhs
2008,2016-17,All India,Combined,Net Income,2511,Manufacture of Structural Metal Products,4-digit,789509,₹ lakhs
2008,2016-17,All India,Combined,Net Income,2432,Casting of Non-ferrous Metals,4-digit,138424,₹ lakhs
2008,2016-17,All India,Combined,Net Income,2420,Manufacture of Basic Precious and Other Non-ferrous Metals,4-digit,1453543,₹ lakhs
2008,2016-17,All India,Combined,Net Income,27,Manufacture of Electrical Equipment,2-digit,4095503,₹ lakhs
2008,2016-17,All India,Combined,Net Income,25,"Manufacture of Fabricated Metal Products, Except Machinery and Equipment",2-digit,3028816,₹ lakhs
2008,2016-17,All India,Combined,Net Income,242,Manufacture of Basic Precious and Other Non-ferrous Metals,3-digit,1453543,₹ lakhs
2008,2016-17,All India,Combined,Net Income,243,Casting of Metals,3-digit,813545,₹ lakhs
2008,2016-17,All India,Combined,Net Income,30,Manufacture of Other Transport Equipment,2-digit,2691447,₹ lakhs
2008,2016-17,All India,Combined,Net Profit,2733,Manufacture of Wiring Devices,4-digit,98535,₹ lakhs
2008,2016-17,All India,Combined,Net Profit,30,Manufacture of Other Transport Equipment,2-digit,1554778,₹ lakhs
2008,2016-17,All India,Combined,Net Profit,27,Manufacture of Electrical Equipment,2-digit,2148552,₹ lakhs
2008,2016-17,All India,Combined,Net Profit,25,"Manufacture of Fabricated Metal Products, Except Machinery and Equipment",2-digit,1092312,₹ lakhs
2008,2016-17,All India,Combined,Net Profit,24,Manufacture of Basic Metals,2-digit,413196,₹ lakhs
2008,2016-17,All India,Combined,Net Profit,259,Manufacture of Other Fabricated Metal Products; Metalworking Service Activities,3-digit,621339,₹ lakhs
2008,2016-17,All India,Combined,Net Profit,303,Manufacture of Air and Spacecraft and Related Machinery,3-digit,55701,₹ lakhs
2008,2016-17,All India,Combined,Net Profit,273,Manufacture of Wiring and Wiring Devices,3-digit,353576,₹ lakhs
2008,2016-17,All India,Combined,Net Profit,271,"Manufacture of Electric Motors, Generators, Transformers and Electricity Distribution and Control Apparatus",3-digit,650550,₹ lakhs
2008,2016-17,All India,Combined,Net Profit,242,Manufacture of Basic Precious and Other Non-ferrous Metals,3-digit,897321,₹ lakhs
2008,2016-17,All India,Combined,Net Profit,2599,Manufacture of Other Fabricated Metal Products N.e.c.,4-digit,409910,₹ lakhs
2008,2016-17,All India,Combined,Net Profit,2511,Manufacture of Structural Metal Products,4-digit,314702,₹ lakhs
2008,2016-17,All India,Combined,Net Profit,2432,Casting of Non-ferrous Metals,4-digit,45947,₹ lakhs
2008,2016-17,All India,Combined,Net Profit,2420,Manufacture of Basic Precious and Other Non-ferrous Metals,4-digit,897321,₹ lakhs
2008,2016-17,All India,Combined,Net Profit,2710,"Manufacture of Electric Motors, Generators, Transformers and Electricity Distribution and Control Apparatus",4-digit,650550,₹ lakhs
2008,2016-17,All India,Combined,Net Profit,3030,Manufacture of Air and Spacecraft and Related Machinery,4-digit,55701,₹ lakhs
2008,2016-17,All India,Combined,Net Profit,251,"Manufacture of Structural Metal Products, Tanks, Reservoirs and Steam Generators",3-digit,450190,₹ lakhs
2008,2016-17,All India,Combined,Net Profit,2732,Manufacture of Other Electronic and Electric Wires and Cables,4-digit,211953,₹ lakhs
2008,2016-17,All India,Combined,Net Profit,243,Casting of Metals,3-digit,225184,₹ lakhs
2008,2016-17,All India,Combined,Total Number of Persons Engaged,273,Manufacture of Wiring and Wiring Devices,3-digit,103839,-
2008,2016-17,All India,Combined,Total Number of Persons Engaged,3030,Manufacture of Air and Spacecraft and Related Machinery,4-digit,14710,-
2008,2016-17,All India,Combined,Total Number of Persons Engaged,2733,Manufacture of Wiring Devices,4-digit,30017,-
2008,2016-17,All India,Combined,Total Number of Persons Engaged,2732,Manufacture of Other Electronic and Electric Wires and Cables,4-digit,65539,-
2008,2016-17,All India,Combined,Total Number of Persons Engaged,2710,"Manufacture of Electric Motors, Generators, Transformers and Electricity Distribution and Control Apparatus",4-digit,200804,-
2008,2016-17,All India,Combined,Total Number of Persons Engaged,2599,Manufacture of Other Fabricated Metal Products N.e.c.,4-digit,256572,-
2008,2016-17,All India,Combined,Total Number of Persons Engaged,2511,Manufacture of Structural Metal Products,4-digit,169540,-
2008,2016-17,All India,Combined,Total Number of Persons Engaged,2432,Casting of Non-ferrous Metals,4-digit,28292,-
2008,2016-17,All India,Combined,Total Number of Persons Engaged,2420,Manufacture of Basic Precious and Other Non-ferrous Metals,4-digit,112293,-
2008,2016-17,All India,Combined,Total Number of Persons Engaged,24,Manufacture of Basic Metals,2-digit,986991,-
2008,2016-17,All India,Combined,Total Number of Persons Engaged,25,"Manufacture of Fabricated Metal Products, Except Machinery and Equipment",2-digit,708827,-
2008,2016-17,All India,Combined,Total Number of Persons Engaged,27,Manufacture of Electrical Equipment,2-digit,540432,-
2008,2016-17,All India,Combined,Total Number of Persons Engaged,30,Manufacture of Other Transport Equipment,2-digit,316391,-
2008,2016-17,All India,Combined,Total Number of Persons Engaged,242,Manufacture of Basic Precious and Other Non-ferrous Metals,3-digit,112293,-
2008,2016-17,All India,Combined,Total Number of Persons Engaged,243,Casting of Metals,3-digit,228338,-
2008,2016-17,All India,Combined,Total Number of Persons Engaged,251,"Manufacture of Structural Metal Products, Tanks, Reservoirs and Steam Generators",3-digit,260507,-
2008,2016-17,All India,Combined,Total Number of Persons Engaged,259,Manufacture of Other Fabricated Metal Products; Metalworking Service Activities,3-digit,443898,-
2008,2016-17,All India,Combined,Total Number of Persons Engaged,271,"Manufacture of Electric Motors, Generators, Transformers and Electricity Distribution and Control Apparatus",3-digit,200804,-
2008,2016-17,All India,Combined,Total Number of Persons Engaged,303,Manufacture of Air and Spacecraft and Related Machinery,3-digit,14710,-
2008,2016-17,All India,Combined,Total Number of Workers,273,Manufacture of Wiring and Wiring Devices,3-digit,79252,-
2008,2016-17,All India,Combined,Total Number of Workers,243,Casting of Metals,3-digit,174749,-
2008,2016-17,All India,Combined,Total Number of Workers,3030,Manufacture of Air and Spacecraft and Related Machinery,4-digit,10198,-
2008,2016-17,All India,Combined,Total Number of Workers,303,Manufacture of Air and Spacecraft and Related Machinery,3-digit,10198,-
2008,2016-17,All India,Combined,Total Number of Workers,30,Manufacture of Other Transport Equipment,2-digit,246226,-
2008,2016-17,All India,Combined,Total Number of Workers,259,Manufacture of Other Fabricated Metal Products; Metalworking Service Activities,3-digit,347587,-
2008,2016-17,All India,Combined,Total Number of Workers,2432,Casting of Non-ferrous Metals,4-digit,20486,-
2008,2016-17,All India,Combined,Total Number of Workers,271,"Manufacture of Electric Motors, Generators, Transformers and Electricity Distribution and Control Apparatus",3-digit,142104,-
2008,2016-17,All India,Combined,Total Number of Workers,2420,Manufacture of Basic Precious and Other Non-ferrous Metals,4-digit,86747,-
2008,2016-17,All India,Combined,Total Number of Workers,27,Manufacture of Electrical Equipment,2-digit,402907,-
2008,2016-17,All India,Combined,Total Number of Workers,25,"Manufacture of Fabricated Metal Products, Except Machinery and Equipment",2-digit,549366,-
2008,2016-17,All India,Combined,Total Number of Workers,24,Manufacture of Basic Metals,2-digit,772981,-
2008,2016-17,All India,Combined,Total Number of Workers,2599,Manufacture of Other Fabricated Metal Products N.e.c.,4-digit,202445,-
2008,2016-17,All India,Combined,Total Number of Workers,2710,"Manufacture of Electric Motors, Generators, Transformers and Electricity Distribution and Control Apparatus",4-digit,142104,-
2008,2016-17,All India,Combined,Total Number of Workers,2732,Manufacture of Other Electronic and Electric Wires and Cables,4-digit,49420,-
2008,2016-17,All India,Combined,Total Number of Workers,2733,Manufacture of Wiring Devices,4-digit,23940,-
2008,2016-17,All India,Combined,Total Number of Workers,2511,Manufacture of Structural Metal Products,4-digit,130577,-
2008,2016-17,All India,Combined,Total Number of Workers,251,"Manufacture of Structural Metal Products, Tanks, Reservoirs and Steam Generators",3-digit,198522,-
2008,2016-17,All India,Combined,Total Number of Workers,242,Manufacture of Basic Precious and Other Non-ferrous Metals,3-digit,86747,-
2008,2016-17,All India,Combined,No. of Directly Employed  Workers,3030,Manufacture of Air and Spacecraft and Related Machinery,4-digit,7783,-
2008,2016-17,All India,Combined,No. of Directly Employed  Workers,2732,Manufacture of Other Electronic and Electric Wires and Cables,4-digit,25372,-
2008,2016-17,All India,Combined,No. of Directly Employed  Workers,2710,"Manufacture of Electric Motors, Generators, Transformers and Electricity Distribution and Control Apparatus",4-digit,90717,-
2008,2016-17,All India,Combined,No. of Directly Employed  Workers,2420,Manufacture of Basic Precious and Other Non-ferrous Metals,4-digit,49228,-
2008,2016-17,All India,Combined,No. of Directly Employed  Workers,303,Manufacture of Air and Spacecraft and Related Machinery,3-digit,7783,-
2008,2016-17,All India,Combined,No. of Directly Employed  Workers,273,Manufacture of Wiring and Wiring Devices,3-digit,42203,-
2008,2016-17,All India,Combined,No. of Directly Employed  Workers,271,"Manufacture of Electric Motors, Generators, Transformers and Electricity Distribution and Control Apparatus",3-digit,90717,-
2008,2016-17,All India,Combined,No. of Directly Employed  Workers,259,Manufacture of Other Fabricated Metal Products; Metalworking Service Activities,3-digit,219786,-
2008,2016-17,All India,Combined,No. of Directly Employed  Workers,24,Manufacture of Basic Metals,2-digit,411768,-
2008,2016-17,All India,Combined,No. of Directly Employed  Workers,25,"Manufacture of Fabricated Metal Products, Except Machinery and Equipment",2-digit,331329,-
2008,2016-17,All India,Combined,No. of Directly Employed  Workers,27,Manufacture of Electrical Equipment,2-digit,232834,-
2008,2016-17,All India,Combined,No. of Directly Employed  Workers,30,Manufacture of Other Transport Equipment,2-digit,120789,-
2008,2016-17,All India,Combined,No. of Directly Employed  Workers,243,Casting of Metals,3-digit,99212,-
2008,2016-17,All India,Combined,No. of Directly Employed  Workers,242,Manufacture of Basic Precious and Other Non-ferrous Metals,3-digit,49228,-
2008,2016-17,All India,Combined,No. of Directly Employed  Workers,2432,Casting of Non-ferrous Metals,4-digit,11449,-
2008,2016-17,All India,Combined,No. of Directly Employed  Workers,2511,Manufacture of Structural Metal Products,4-digit,71822,-
2008,2016-17,All India,Combined,No. of Directly Employed  Workers,2599,Manufacture of Other Fabricated Metal Products N.e.c.,4-digit,127072,-
2008,2016-17,All India,Combined,No. of Directly Employed  Workers,251,"Manufacture of Structural Metal Products, Tanks, Reservoirs and Steam Generators",3-digit,110095,-
2008,2016-17,All India,Combined,No. of Directly Employed  Workers,2733,Manufacture of Wiring Devices,4-digit,13749,-
2008,2016-17,All India,Combined,No. of Workers employed Through Contractors,259,Manufacture of Other Fabricated Metal Products; Metalworking Service Activities,3-digit,127801,-
2008,2016-17,All India,Combined,No. of Workers employed Through Contractors,27,Manufacture of Electrical Equipment,2-digit,170073,-
2008,2016-17,All India,Combined,No. of Workers employed Through Contractors,30,Manufacture of Other Transport Equipment,2-digit,125437,-
2008,2016-17,All India,Combined,No. of Workers employed Through Contractors,25,"Manufacture of Fabricated Metal Products, Except Machinery and Equipment",2-digit,218037,-
2008,2016-17,All India,Combined,No. of Workers employed Through Contractors,24,Manufacture of Basic Metals,2-digit,361213,-
2008,2016-17,All India,Combined,No. of Workers employed Through Contractors,3030,Manufacture of Air and Spacecraft and Related Machinery,4-digit,2415,-
2008,2016-17,All India,Combined,No. of Workers employed Through Contractors,2511,Manufacture of Structural Metal Products,4-digit,58755,-
2008,2016-17,All India,Combined,No. of Workers employed Through Contractors,2599,Manufacture of Other Fabricated Metal Products N.e.c.,4-digit,75373,-
2008,2016-17,All India,Combined,No. of Workers employed Through Contractors,2710,"Manufacture of Electric Motors, Generators, Transformers and Electricity Distribution and Control Apparatus",4-digit,51387,-
2008,2016-17,All India,Combined,No. of Workers employed Through Contractors,2732,Manufacture of Other Electronic and Electric Wires and Cables,4-digit,24048,-
2008,2016-17,All India,Combined,No. of Workers employed Through Contractors,2733,Manufacture of Wiring Devices,4-digit,10190,-
2008,2016-17,All India,Combined,No. of Workers employed Through Contractors,2432,Casting of Non-ferrous Metals,4-digit,9038,-
2008,2016-17,All India,Combined,No. of Workers employed Through Contractors,2420,Manufacture of Basic Precious and Other Non-ferrous Metals,4-digit,37519,-
2008,2016-17,All India,Combined,No. of Workers employed Through Contractors,303,Manufacture of Air and Spacecraft and Related Machinery,3-digit,2415,-
2008,2016-17,All India,Combined,No. of Workers employed Through Contractors,273,Manufacture of Wiring and Wiring Devices,3-digit,37050,-
2008,2016-17,All India,Combined,No. of Workers employed Through Contractors,271,"Manufacture of Electric Motors, Generators, Transformers and Electricity Distribution and Control Apparatus",3-digit,51387,-
2008,2016-17,All India,Combined,No. of Workers employed Through Contractors,251,"Manufacture of Structural Metal Products, Tanks, Reservoirs and Steam Generators",3-digit,88427,-
2008,2016-17,All India,Combined,No. of Workers employed Through Contractors,243,Casting of Metals,3-digit,75537,-
2008,2016-17,All India,Combined,No. of Workers employed Through Contractors,242,Manufacture of Basic Precious and Other Non-ferrous Metals,3-digit,37519,-
2008,2016-17,All India,Combined,No. of Employees Other Than Workers,251,"Manufacture of Structural Metal Products, Tanks, Reservoirs and Steam Generators",3-digit,60717,-
2008,2016-17,All India,Combined,No. of Employees Other Than Workers,243,Casting of Metals,3-digit,52471,-
2008,2016-17,All India,Combined,No. of Employees Other Than Workers,242,Manufacture of Basic Precious and Other Non-ferrous Metals,3-digit,25068,-
2008,2016-17,All India,Combined,No. of Employees Other Than Workers,2511,Manufacture of Structural Metal Products,4-digit,38058,-
2008,2016-17,All India,Combined,No. of Employees Other Than Workers,27,Manufacture of Electrical Equipment,2-digit,136251,-
2008,2016-17,All India,Combined,No. of Employees Other Than Workers,25,"Manufacture of Fabricated Metal Products, Except Machinery and Equipment",2-digit,154343,-
2008,2016-17,All India,Combined,No. of Employees Other Than Workers,273,Manufacture of Wiring and Wiring Devices,3-digit,24330,-
2008,2016-17,All India,Combined,No. of Employees Other Than Workers,24,Manufacture of Basic Metals,2-digit,211483,-
2008,2016-17,All India,Combined,No. of Employees Other Than Workers,30,Manufacture of Other Transport Equipment,2-digit,69522,-
2008,2016-17,All India,Combined,No. of Employees Other Than Workers,3030,Manufacture of Air and Spacecraft and Related Machinery,4-digit,4510,-
2008,2016-17,All India,Combined,No. of Employees Other Than Workers,2733,Manufacture of Wiring Devices,4-digit,5971,-
2008,2016-17,All India,Combined,No. of Employees Other Than Workers,2732,Manufacture of Other Electronic and Electric Wires and Cables,4-digit,15971,-
2008,2016-17,All India,Combined,No. of Employees Other Than Workers,2710,"Manufacture of Electric Motors, Generators, Transformers and Electricity Distribution and Control Apparatus",4-digit,58217,-
2008,2016-17,All India,Combined,No. of Employees Other Than Workers,2599,Manufacture of Other Fabricated Metal Products N.e.c.,4-digit,51761,-
2008,2016-17,All India,Combined,No. of Employees Other Than Workers,2432,Casting of Non-ferrous Metals,4-digit,7680,-
2008,2016-17,All India,Combined,No. of Employees Other Than Workers,2420,Manufacture of Basic Precious and Other Non-ferrous Metals,4-digit,25068,-
2008,2016-17,All India,Combined,No. of Employees Other Than Workers,303,Manufacture of Air and Spacecraft and Related Machinery,3-digit,4510,-
2008,2016-17,All India,Combined,No. of Employees Other Than Workers,271,"Manufacture of Electric Motors, Generators, Transformers and Electricity Distribution and Control Apparatus",3-digit,58217,-
2008,2016-17,All India,Combined,No. of Employees Other Than Workers,259,Manufacture of Other Fabricated Metal Products; Metalworking Service Activities,3-digit,92517,-
2008,2016-17,All India,Combined,No. of Employees Other Than Workers -Supervisory and Managerial,251,"Manufacture of Structural Metal Products, Tanks, Reservoirs and Steam Generators",3-digit,28813,-
2008,2016-17,All India,Combined,No. of Employees Other Than Workers -Supervisory and Managerial,271,"Manufacture of Electric Motors, Generators, Transformers and Electricity Distribution and Control Apparatus",3-digit,28895,-
2008,2016-17,All India,Combined,No. of Employees Other Than Workers -Supervisory and Managerial,273,Manufacture of Wiring and Wiring Devices,3-digit,11716,-
2008,2016-17,All India,Combined,No. of Employees Other Than Workers -Supervisory and Managerial,303,Manufacture of Air and Spacecraft and Related Machinery,3-digit,2385,-
2008,2016-17,All India,Combined,No. of Employees Other Than Workers -Supervisory and Managerial,3030,Manufacture of Air and Spacecraft and Related Machinery,4-digit,2385,-
2008,2016-17,All India,Combined,No. of Employees Other Than Workers -Supervisory and Managerial,2420,Manufacture of Basic Precious and Other Non-ferrous Metals,4-digit,13674,-
2008,2016-17,All India,Combined,No. of Employees Other Than Workers -Supervisory and Managerial,2432,Casting of Non-ferrous Metals,4-digit,3558,-
2008,2016-17,All India,Combined,No. of Employees Other Than Workers -Supervisory and Managerial,2511,Manufacture of Structural Metal Products,4-digit,18110,-
2008,2016-17,All India,Combined,No. of Employees Other Than Workers -Supervisory and Managerial,2599,Manufacture of Other Fabricated Metal Products N.e.c.,4-digit,23706,-
2008,2016-17,All India,Combined,No. of Employees Other Than Workers -Supervisory and Managerial,30,Manufacture of Other Transport Equipment,2-digit,33346,-
2008,2016-17,All India,Combined,No. of Employees Other Than Workers -Supervisory and Managerial,27,Manufacture of Electrical Equipment,2-digit,66328,-
2008,2016-17,All India,Combined,No. of Employees Other Than Workers -Supervisory and Managerial,25,"Manufacture of Fabricated Metal Products, Except Machinery and Equipment",2-digit,72652,-
2008,2016-17,All India,Combined,No. of Employees Other Than Workers -Supervisory and Managerial,24,Manufacture of Basic Metals,2-digit,118259,-
2008,2016-17,All India,Combined,No. of Employees Other Than Workers -Supervisory and Managerial,242,Manufacture of Basic Precious and Other Non-ferrous Metals,3-digit,13674,-
2008,2016-17,All India,Combined,No. of Employees Other Than Workers -Supervisory and Managerial,243,Casting of Metals,3-digit,26447,-
2008,2016-17,All India,Combined,No. of Employees Other Than Workers -Supervisory and Managerial,2710,"Manufacture of Electric Motors, Generators, Transformers and Electricity Distribution and Control Apparatus",4-digit,28895,-
2008,2016-17,All India,Combined,No. of Employees Other Than Workers -Supervisory and Managerial,2732,Manufacture of Other Electronic and Electric Wires and Cables,4-digit,7961,-
2008,2016-17,All India,Combined,No. of Employees Other Than Workers -Supervisory and Managerial,2733,Manufacture of Wiring Devices,4-digit,2844,-
2008,2016-17,All India,Combined,No. of Employees Other Than Workers -Supervisory and Managerial,259,Manufacture of Other Fabricated Metal Products; Metalworking Service Activities,3-digit,43191,-
2008,2016-17,All India,Combined,No. of Employees Other Than Workers -Other Employees,24,Manufacture of Basic Metals,2-digit,93224,-
2008,2016-17,All India,Combined,No. of Employees Other Than Workers -Other Employees,25,"Manufacture of Fabricated Metal Products, Except Machinery and Equipment",2-digit,81691,-
2008,2016-17,All India,Combined,No. of Employees Other Than Workers -Other Employees,27,Manufacture of Electrical Equipment,2-digit,69923,-
2008,2016-17,All India,Combined,No. of Employees Other Than Workers -Other Employees,30,Manufacture of Other Transport Equipment,2-digit,36176,-
2008,2016-17,All India,Combined,No. of Employees Other Than Workers -Other Employees,2432,Casting of Non-ferrous Metals,4-digit,4122,-
2008,2016-17,All India,Combined,No. of Employees Other Than Workers -Other Employees,2511,Manufacture of Structural Metal Products,4-digit,19948,-
2008,2016-17,All India,Combined,No. of Employees Other Than Workers -Other Employees,2599,Manufacture of Other Fabricated Metal Products N.e.c.,4-digit,28055,-
2008,2016-17,All India,Combined,No. of Employees Other Than Workers -Other Employees,2710,"Manufacture of Electric Motors, Generators, Transformers and Electricity Distribution and Control Apparatus",4-digit,29322,-
2008,2016-17,All India,Combined,No. of Employees Other Than Workers -Other Employees,2732,Manufacture of Other Electronic and Electric Wires and Cables,4-digit,8010,-
2008,2016-17,All India,Combined,No. of Employees Other Than Workers -Other Employees,242,Manufacture of Basic Precious and Other Non-ferrous Metals,3-digit,11394,-
2008,2016-17,All India,Combined,No. of Employees Other Than Workers -Other Employees,271,"Manufacture of Electric Motors, Generators, Transformers and Electricity Distribution and Control Apparatus",3-digit,29322,-
2008,2016-17,All India,Combined,No. of Employees Other Than Workers -Other Employees,273,Manufacture of Wiring and Wiring Devices,3-digit,12614,-
2008,2016-17,All India,Combined,No. of Employees Other Than Workers -Other Employees,303,Manufacture of Air and Spacecraft and Related Machinery,3-digit,2125,-
2008,2016-17,All India,Combined,No. of Employees Other Than Workers -Other Employees,251,"Manufacture of Structural Metal Products, Tanks, Reservoirs and Steam Generators",3-digit,31904,-
2008,2016-17,All India,Combined,No. of Employees Other Than Workers -Other Employees,259,Manufacture of Other Fabricated Metal Products; Metalworking Service Activities,3-digit,49326,-
2008,2016-17,All India,Combined,No. of Employees Other Than Workers -Other Employees,2733,Manufacture of Wiring Devices,4-digit,3127,-
2008,2016-17,All India,Combined,No. of Employees Other Than Workers -Other Employees,2420,Manufacture of Basic Precious and Other Non-ferrous Metals,4-digit,11394,-
2008,2016-17,All India,Combined,No. of Employees Other Than Workers -Other Employees,243,Casting of Metals,3-digit,26024,-
2008,2016-17,All India,Combined,No. of Employees Other Than Workers -Other Employees,3030,Manufacture of Air and Spacecraft and Related Machinery,4-digit,2125,-
2008,2016-17,All India,Combined,Unpaid family members-proprietor etc,25,"Manufacture of Fabricated Metal Products, Except Machinery and Equipment",2-digit,5118,-
2008,2016-17,All India,Combined,Unpaid family members-proprietor etc,30,Manufacture of Other Transport Equipment,2-digit,643,-
2008,2016-17,All India,Combined,Unpaid family members-proprietor etc,303,Manufacture of Air and Spacecraft and Related Machinery,3-digit,2,-
2008,2016-17,All India,Combined,Unpaid family members-proprietor etc,2432,Casting of Non-ferrous Metals,4-digit,125,-
2008,2016-17,All India,Combined,Unpaid family members-proprietor etc,242,Manufacture of Basic Precious and Other Non-ferrous Metals,3-digit,478,-
2008,2016-17,All India,Combined,Unpaid family members-proprietor etc,243,Casting of Metals,3-digit,1119,-
2008,2016-17,All India,Combined,Unpaid family members-proprietor etc,2511,Manufacture of Structural Metal Products,4-digit,905,-
2008,2016-17,All India,Combined,Unpaid family members-proprietor etc,2599,Manufacture of Other Fabricated Metal Products N.e.c.,4-digit,2365,-
2008,2016-17,All India,Combined,Unpaid family members-proprietor etc,2710,"Manufacture of Electric Motors, Generators, Transformers and Electricity Distribution and Control Apparatus",4-digit,483,-
2008,2016-17,All India,Combined,Unpaid family members-proprietor etc,2732,Manufacture of Other Electronic and Electric Wires and Cables,4-digit,148,-
2008,2016-17,All India,Combined,Unpaid family members-proprietor etc,2733,Manufacture of Wiring Devices,4-digit,105,-
2008,2016-17,All India,Combined,Unpaid family members-proprietor etc,251,"Manufacture of Structural Metal Products, Tanks, Reservoirs and Steam Generators",3-digit,1268,-
2008,2016-17,All India,Combined,Unpaid family members-proprietor etc,3030,Manufacture of Air and Spacecraft and Related Machinery,4-digit,2,-
2008,2016-17,All India,Combined,Unpaid family members-proprietor etc,259,Manufacture of Other Fabricated Metal Products; Metalworking Service Activities,3-digit,3794,-
2008,2016-17,All India,Combined,Unpaid family members-proprietor etc,271,"Manufacture of Electric Motors, Generators, Transformers and Electricity Distribution and Control Apparatus",3-digit,483,-
2008,2016-17,All India,Combined,Unpaid family members-proprietor etc,273,Manufacture of Wiring and Wiring Devices,3-digit,258,-
2008,2016-17,All India,Combined,Unpaid family members-proprietor etc,2420,Manufacture of Basic Precious and Other Non-ferrous Metals,4-digit,478,-
2008,2016-17,All India,Combined,Unpaid family members-proprietor etc,24,Manufacture of Basic Metals,2-digit,2527,-
2008,2016-17,All India,Combined,Unpaid family members-proprietor etc,27,Manufacture of Electrical Equipment,2-digit,1275,-
2008,2016-17,All India,Combined,Wages and Salaries,273,Manufacture of Wiring and Wiring Devices,3-digit,256514,₹ lakhs
2008,2016-17,All India,Combined,Wages and Salaries,2420,Manufacture of Basic Precious and Other Non-ferrous Metals,4-digit,452861,₹ lakhs
2008,2016-17,All India,Combined,Wages and Salaries,242,Manufacture of Basic Precious and Other Non-ferrous Metals,3-digit,452861,₹ lakhs
2008,2016-17,All India,Combined,Wages and Salaries,303,Manufacture of Air and Spacecraft and Related Machinery,3-digit,67151,₹ lakhs
2008,2016-17,All India,Combined,Wages and Salaries,271,"Manufacture of Electric Motors, Generators, Transformers and Electricity Distribution and Control Apparatus",3-digit,755394,₹ lakhs
2008,2016-17,All India,Combined,Wages and Salaries,27,Manufacture of Electrical Equipment,2-digit,1626879,₹ lakhs
2008,2016-17,All India,Combined,Wages and Salaries,25,"Manufacture of Fabricated Metal Products, Except Machinery and Equipment",2-digit,1660789,₹ lakhs
2008,2016-17,All India,Combined,Wages and Salaries,24,Manufacture of Basic Metals,2-digit,3197349,₹ lakhs
2008,2016-17,All India,Combined,Wages and Salaries,30,Manufacture of Other Transport Equipment,2-digit,960230,₹ lakhs
2008,2016-17,All India,Combined,Wages and Salaries,2432,Casting of Non-ferrous Metals,4-digit,79359,₹ lakhs
2008,2016-17,All India,Combined,Wages and Salaries,2511,Manufacture of Structural Metal Products,4-digit,409106,₹ lakhs
2008,2016-17,All India,Combined,Wages and Salaries,2599,Manufacture of Other Fabricated Metal Products N.e.c.,4-digit,517311,₹ lakhs
2008,2016-17,All India,Combined,Wages and Salaries,2710,"Manufacture of Electric Motors, Generators, Transformers and Electricity Distribution and Control Apparatus",4-digit,755394,₹ lakhs
2008,2016-17,All India,Combined,Wages and Salaries,2732,Manufacture of Other Electronic and Electric Wires and Cables,4-digit,166241,₹ lakhs
2008,2016-17,All India,Combined,Wages and Salaries,2733,Manufacture of Wiring Devices,4-digit,60670,₹ lakhs
2008,2016-17,All India,Combined,Wages and Salaries,3030,Manufacture of Air and Spacecraft and Related Machinery,4-digit,67151,₹ lakhs
2008,2016-17,All India,Combined,Wages and Salaries,243,Casting of Metals,3-digit,506752,₹ lakhs
2008,2016-17,All India,Combined,Wages and Salaries,251,"Manufacture of Structural Metal Products, Tanks, Reservoirs and Steam Generators",3-digit,715653,₹ lakhs
2008,2016-17,All India,Combined,Wages and Salaries,259,Manufacture of Other Fabricated Metal Products; Metalworking Service Activities,3-digit,931902,₹ lakhs
2008,2015-16,All India,Combined,Total Output,25,"Manufacture of Fabricated Metal Products, Except Machinery and Equipment",2-digit,19101287,₹ lakhs
2008,2015-16,All India,Combined,Total Output,27,Manufacture of Electrical Equipment,2-digit,24751859,₹ lakhs
2008,2015-16,All India,Combined,Total Output,30,Manufacture of Other Transport Equipment,2-digit,16195035,₹ lakhs
2008,2015-16,All India,Combined,Total Output,303,Manufacture of Air and Spacecraft and Related Machinery,3-digit,390968,₹ lakhs
2008,2015-16,All India,Combined,Total Output,243,Casting of Metals,3-digit,9040223,₹ lakhs
2008,2015-16,All India,Combined,Total Output,2710,"Manufacture of Electric Motors, Generators, Transformers and Electricity Distribution and Control Apparatus",4-digit,8945517,₹ lakhs
2008,2015-16,All India,Combined,Total Output,3030,Manufacture of Air and Spacecraft and Related Machinery,4-digit,390968,₹ lakhs
2008,2015-16,All India,Combined,Total Output,2599,Manufacture of Other Fabricated Metal Products N.e.c.,4-digit,6327837,₹ lakhs
2008,2015-16,All India,Combined,Total Output,259,Manufacture of Other Fabricated Metal Products; Metalworking Service Activities,3-digit,11063401,₹ lakhs
2008,2015-16,All India,Combined,Total Output,251,"Manufacture of Structural Metal Products, Tanks, Reservoirs and Steam Generators",3-digit,7940101,₹ lakhs
2008,2015-16,All India,Combined,Total Output,242,Manufacture of Basic Precious and Other Non-ferrous Metals,3-digit,22635411,₹ lakhs
2008,2015-16,All India,Combined,Total Output,273,Manufacture of Wiring and Wiring Devices,3-digit,6311686,₹ lakhs
2008,2015-16,All India,Combined,Total Output,2733,Manufacture of Wiring Devices,4-digit,699534,₹ lakhs
2008,2015-16,All India,Combined,Total Output,2511,Manufacture of Structural Metal Products,4-digit,5556459,₹ lakhs
2008,2015-16,All India,Combined,Total Output,2420,Manufacture of Basic Precious and Other Non-ferrous Metals,4-digit,22635411,₹ lakhs
2008,2015-16,All India,Combined,Total Output,2432,Casting of Non-ferrous Metals,4-digit,858440,₹ lakhs
2008,2015-16,All India,Combined,Total Output,2732,Manufacture of Other Electronic and Electric Wires and Cables,4-digit,4767966,₹ lakhs
2008,2015-16,All India,Combined,Total Output,271,"Manufacture of Electric Motors, Generators, Transformers and Electricity Distribution and Control Apparatus",3-digit,8945517,₹ lakhs
2008,2015-16,All India,Combined,Total Output,24,Manufacture of Basic Metals,2-digit,83475313,₹ lakhs
2008,2015-16,All India,Combined,Total Inputs,2710,"Manufacture of Electric Motors, Generators, Transformers and Electricity Distribution and Control Apparatus",4-digit,6870149,₹ lakhs
2008,2015-16,All India,Combined,Total Inputs,242,Manufacture of Basic Precious and Other Non-ferrous Metals,3-digit,19614742,₹ lakhs
2008,2015-16,All India,Combined,Total Inputs,243,Casting of Metals,3-digit,7782389,₹ lakhs
2008,2015-16,All India,Combined,Total Inputs,251,"Manufacture of Structural Metal Products, Tanks, Reservoirs and Steam Generators",3-digit,6197129,₹ lakhs
2008,2015-16,All India,Combined,Total Inputs,273,Manufacture of Wiring and Wiring Devices,3-digit,5503212,₹ lakhs
2008,2015-16,All India,Combined,Total Inputs,30,Manufacture of Other Transport Equipment,2-digit,13099144,₹ lakhs
2008,2015-16,All India,Combined,Total Inputs,303,Manufacture of Air and Spacecraft and Related Machinery,3-digit,261023,₹ lakhs
2008,2015-16,All India,Combined,Total Inputs,259,Manufacture of Other Fabricated Metal Products; Metalworking Service Activities,3-digit,8865372,₹ lakhs
2008,2015-16,All India,Combined,Total Inputs,271,"Manufacture of Electric Motors, Generators, Transformers and Electricity Distribution and Control Apparatus",3-digit,6870149,₹ lakhs
2008,2015-16,All India,Combined,Total Inputs,27,Manufacture of Electrical Equipment,2-digit,19873839,₹ lakhs
2008,2015-16,All India,Combined,Total Inputs,25,"Manufacture of Fabricated Metal Products, Except Machinery and Equipment",2-digit,15133559,₹ lakhs
2008,2015-16,All India,Combined,Total Inputs,24,Manufacture of Basic Metals,2-digit,73986192,₹ lakhs
2008,2015-16,All India,Combined,Total Inputs,2733,Manufacture of Wiring Devices,4-digit,511235,₹ lakhs
2008,2015-16,All India,Combined,Total Inputs,2732,Manufacture of Other Electronic and Electric Wires and Cables,4-digit,4301053,₹ lakhs
2008,2015-16,All India,Combined,Total Inputs,3030,Manufacture of Air and Spacecraft and Related Machinery,4-digit,261023,₹ lakhs
2008,2015-16,All India,Combined,Total Inputs,2599,Manufacture of Other Fabricated Metal Products N.e.c.,4-digit,5155961,₹ lakhs
2008,2015-16,All India,Combined,Total Inputs,2511,Manufacture of Structural Metal Products,4-digit,4269226,₹ lakhs
2008,2015-16,All India,Combined,Total Inputs,2432,Casting of Non-ferrous Metals,4-digit,712457,₹ lakhs
2008,2015-16,All India,Combined,Total Inputs,2420,Manufacture of Basic Precious and Other Non-ferrous Metals,4-digit,19614742,₹ lakhs
2008,2015-16,All India,Combined,Gross Value Added,2710,"Manufacture of Electric Motors, Generators, Transformers and Electricity Distribution and Control Apparatus",4-digit,2075368,₹ lakhs
2008,2015-16,All India,Combined,Gross Value Added,2732,Manufacture of Other Electronic and Electric Wires and Cables,4-digit,466913,₹ lakhs
2008,2015-16,All India,Combined,Gross Value Added,2733,Manufacture of Wiring Devices,4-digit,188299,₹ lakhs
2008,2015-16,All India,Combined,Gross Value Added,27,Manufacture of Electrical Equipment,2-digit,4878020,₹ lakhs
2008,2015-16,All India,Combined,Gross Value Added,251,"Manufacture of Structural Metal Products, Tanks, Reservoirs and Steam Generators",3-digit,1742972,₹ lakhs
2008,2015-16,All India,Combined,Gross Value Added,2420,Manufacture of Basic Precious and Other Non-ferrous Metals,4-digit,3020669,₹ lakhs
2008,2015-16,All India,Combined,Gross Value Added,3030,Manufacture of Air and Spacecraft and Related Machinery,4-digit,129945,₹ lakhs
2008,2015-16,All India,Combined,Gross Value Added,25,"Manufacture of Fabricated Metal Products, Except Machinery and Equipment",2-digit,3967728,₹ lakhs
2008,2015-16,All India,Combined,Gross Value Added,24,Manufacture of Basic Metals,2-digit,9489121,₹ lakhs
2008,2015-16,All India,Combined,Gross Value Added,259,Manufacture of Other Fabricated Metal Products; Metalworking Service Activities,3-digit,2198029,₹ lakhs
2008,2015-16,All India,Combined,Gross Value Added,271,"Manufacture of Electric Motors, Generators, Transformers and Electricity Distribution and Control Apparatus",3-digit,2075368,₹ lakhs
2008,2015-16,All India,Combined,Gross Value Added,273,Manufacture of Wiring and Wiring Devices,3-digit,808474,₹ lakhs
2008,2015-16,All India,Combined,Gross Value Added,303,Manufacture of Air and Spacecraft and Related Machinery,3-digit,129945,₹ lakhs
2008,2015-16,All India,Combined,Gross Value Added,2432,Casting of Non-ferrous Metals,4-digit,145983,₹ lakhs
2008,2015-16,All India,Combined,Gross Value Added,242,Manufacture of Basic Precious and Other Non-ferrous Metals,3-digit,3020669,₹ lakhs
2008,2015-16,All India,Combined,Gross Value Added,30,Manufacture of Other Transport Equipment,2-digit,3095891,₹ lakhs
2008,2015-16,All India,Combined,Gross Value Added,243,Casting of Metals,3-digit,1257834,₹ lakhs
2008,2015-16,All India,Combined,Gross Value Added,2511,Manufacture of Structural Metal Products,4-digit,1287233,₹ lakhs
2008,2015-16,All India,Combined,Gross Value Added,2599,Manufacture of Other Fabricated Metal Products N.e.c.,4-digit,1171876,₹ lakhs
2008,2015-16,All India,Combined,Net Value Added,2511,Manufacture of Structural Metal Products,4-digit,1127393,₹ lakhs
2008,2015-16,All India,Combined,Net Value Added,3030,Manufacture of Air and Spacecraft and Related Machinery,4-digit,114706,₹ lakhs
2008,2015-16,All India,Combined,Net Value Added,2733,Manufacture of Wiring Devices,4-digit,171079,₹ lakhs
2008,2015-16,All India,Combined,Net Value Added,2732,Manufacture of Other Electronic and Electric Wires and Cables,4-digit,411023,₹ lakhs
2008,2015-16,All India,Combined,Net Value Added,2710,"Manufacture of Electric Motors, Generators, Transformers and Electricity Distribution and Control Apparatus",4-digit,1829045,₹ lakhs
2008,2015-16,All India,Combined,Net Value Added,27,Manufacture of Electrical Equipment,2-digit,4321733,₹ lakhs
2008,2015-16,All India,Combined,Net Value Added,25,"Manufacture of Fabricated Metal Products, Except Machinery and Equipment",2-digit,3401893,₹ lakhs
2008,2015-16,All India,Combined,Net Value Added,30,Manufacture of Other Transport Equipment,2-digit,2654732,₹ lakhs
2008,2015-16,All India,Combined,Net Value Added,24,Manufacture of Basic Metals,2-digit,6697894,₹ lakhs
2008,2015-16,All India,Combined,Net Value Added,242,Manufacture of Basic Precious and Other Non-ferrous Metals,3-digit,2622853,₹ lakhs
2008,2015-16,All India,Combined,Net Value Added,243,Casting of Metals,3-digit,1001040,₹ lakhs
2008,2015-16,All India,Combined,Net Value Added,251,"Manufacture of Structural Metal Products, Tanks, Reservoirs and Steam Generators",3-digit,1513572,₹ lakhs
2008,2015-16,All India,Combined,Net Value Added,259,Manufacture of Other Fabricated Metal Products; Metalworking Service Activities,3-digit,1865021,₹ lakhs
2008,2015-16,All India,Combined,Net Value Added,271,"Manufacture of Electric Motors, Generators, Transformers and Electricity Distribution and Control Apparatus",3-digit,1829045,₹ lakhs
2008,2015-16,All India,Combined,Net Value Added,273,Manufacture of Wiring and Wiring Devices,3-digit,715675,₹ lakhs
2008,2015-16,All India,Combined,Net Value Added,303,Manufacture of Air and Spacecraft and Related Machinery,3-digit,114706,₹ lakhs
2008,2015-16,All India,Combined,Net Value Added,2599,Manufacture of Other Fabricated Metal Products N.e.c.,4-digit,999235,₹ lakhs
2008,2015-16,All India,Combined,Net Value Added,2420,Manufacture of Basic Precious and Other Non-ferrous Metals,4-digit,2622853,₹ lakhs
2008,2015-16,All India,Combined,Net Value Added,2432,Casting of Non-ferrous Metals,4-digit,114839,₹ lakhs
2008,2015-16,All India,Combined,Net Income,2733,Manufacture of Wiring Devices,4-digit,158569,₹ lakhs
2008,2015-16,All India,Combined,Net Income,30,Manufacture of Other Transport Equipment,2-digit,2413853,₹ lakhs
2008,2015-16,All India,Combined,Net Income,2710,"Manufacture of Electric Motors, Generators, Transformers and Electricity Distribution and Control Apparatus",4-digit,1706793,₹ lakhs
2008,2015-16,All India,Combined,Net Income,2599,Manufacture of Other Fabricated Metal Products N.e.c.,4-digit,830906,₹ lakhs
2008,2015-16,All India,Combined,Net Income,2511,Manufacture of Structural Metal Products,4-digit,1003049,₹ lakhs
2008,2015-16,All India,Combined,Net Income,303,Manufacture of Air and Spacecraft and Related Machinery,3-digit,104574,₹ lakhs
2008,2015-16,All India,Combined,Net Income,27,Manufacture of Electrical Equipment,2-digit,3889270,₹ lakhs
2008,2015-16,All India,Combined,Net Income,25,"Manufacture of Fabricated Metal Products, Except Machinery and Equipment",2-digit,2980183,₹ lakhs
2008,2015-16,All India,Combined,Net Income,24,Manufacture of Basic Metals,2-digit,2656888,₹ lakhs
2008,2015-16,All India,Combined,Net Income,2432,Casting of Non-ferrous Metals,4-digit,90276,₹ lakhs
2008,2015-16,All India,Combined,Net Income,271,"Manufacture of Electric Motors, Generators, Transformers and Electricity Distribution and Control Apparatus",3-digit,1706793,₹ lakhs
2008,2015-16,All India,Combined,Net Income,259,Manufacture of Other Fabricated Metal Products; Metalworking Service Activities,3-digit,1600366,₹ lakhs
2008,2015-16,All India,Combined,Net Income,251,"Manufacture of Structural Metal Products, Tanks, Reservoirs and Steam Generators",3-digit,1358646,₹ lakhs
2008,2015-16,All India,Combined,Net Income,243,Casting of Metals,3-digit,735627,₹ lakhs
2008,2015-16,All India,Combined,Net Income,242,Manufacture of Basic Precious and Other Non-ferrous Metals,3-digit,2030902,₹ lakhs
2008,2015-16,All India,Combined,Net Income,273,Manufacture of Wiring and Wiring Devices,3-digit,564419,₹ lakhs
2008,2015-16,All India,Combined,Net Income,3030,Manufacture of Air and Spacecraft and Related Machinery,4-digit,104574,₹ lakhs
2008,2015-16,All India,Combined,Net Income,2732,Manufacture of Other Electronic and Electric Wires and Cables,4-digit,303106,₹ lakhs
2008,2015-16,All India,Combined,Net Income,2420,Manufacture of Basic Precious and Other Non-ferrous Metals,4-digit,2030902,₹ lakhs
2008,2015-16,All India,Combined,Net Profit,24,Manufacture of Basic Metals,2-digit,-987774,₹ lakhs
2008,2015-16,All India,Combined,Net Profit,273,Manufacture of Wiring and Wiring Devices,3-digit,324925,₹ lakhs
2008,2015-16,All India,Combined,Net Profit,271,"Manufacture of Electric Motors, Generators, Transformers and Electricity Distribution and Control Apparatus",3-digit,831593,₹ lakhs
2008,2015-16,All India,Combined,Net Profit,259,Manufacture of Other Fabricated Metal Products; Metalworking Service Activities,3-digit,643551,₹ lakhs
2008,2015-16,All India,Combined,Net Profit,251,"Manufacture of Structural Metal Products, Tanks, Reservoirs and Steam Generators",3-digit,631126,₹ lakhs
2008,2015-16,All India,Combined,Net Profit,243,Casting of Metals,3-digit,182510,₹ lakhs
2008,2015-16,All India,Combined,Net Profit,242,Manufacture of Basic Precious and Other Non-ferrous Metals,3-digit,1524034,₹ lakhs
2008,2015-16,All India,Combined,Net Profit,2599,Manufacture of Other Fabricated Metal Products N.e.c.,4-digit,316112,₹ lakhs
2008,2015-16,All India,Combined,Net Profit,2710,"Manufacture of Electric Motors, Generators, Transformers and Electricity Distribution and Control Apparatus",4-digit,831593,₹ lakhs
2008,2015-16,All India,Combined,Net Profit,2732,Manufacture of Other Electronic and Electric Wires and Cables,4-digit,155772,₹ lakhs
2008,2015-16,All India,Combined,Net Profit,2733,Manufacture of Wiring Devices,4-digit,99526,₹ lakhs
2008,2015-16,All India,Combined,Net Profit,3030,Manufacture of Air and Spacecraft and Related Machinery,4-digit,35735,₹ lakhs
2008,2015-16,All India,Combined,Net Profit,27,Manufacture of Electrical Equipment,2-digit,2185877,₹ lakhs
2008,2015-16,All India,Combined,Net Profit,2420,Manufacture of Basic Precious and Other Non-ferrous Metals,4-digit,1524034,₹ lakhs
2008,2015-16,All India,Combined,Net Profit,2432,Casting of Non-ferrous Metals,4-digit,17194,₹ lakhs
2008,2015-16,All India,Combined,Net Profit,2511,Manufacture of Structural Metal Products,4-digit,573420,₹ lakhs
2008,2015-16,All India,Combined,Net Profit,30,Manufacture of Other Transport Equipment,2-digit,1395289,₹ lakhs
2008,2015-16,All India,Combined,Net Profit,303,Manufacture of Air and Spacecraft and Related Machinery,3-digit,35735,₹ lakhs
2008,2015-16,All India,Combined,Net Profit,25,"Manufacture of Fabricated Metal Products, Except Machinery and Equipment",2-digit,1284606,₹ lakhs
2008,2015-16,All India,Combined,Total Number of Persons Engaged,2733,Manufacture of Wiring Devices,4-digit,27860,-
2008,2015-16,All India,Combined,Total Number of Persons Engaged,27,Manufacture of Electrical Equipment,2-digit,500896,-
2008,2015-16,All India,Combined,Total Number of Persons Engaged,30,Manufacture of Other Transport Equipment,2-digit,308549,-
2008,2015-16,All India,Combined,Total Number of Persons Engaged,2511,Manufacture of Structural Metal Products,4-digit,166810,-
2008,2015-16,All India,Combined,Total Number of Persons Engaged,2420,Manufacture of Basic Precious and Other Non-ferrous Metals,4-digit,117690,-
2008,2015-16,All India,Combined,Total Number of Persons Engaged,2432,Casting of Non-ferrous Metals,4-digit,27368,-
2008,2015-16,All India,Combined,Total Number of Persons Engaged,303,Manufacture of Air and Spacecraft and Related Machinery,3-digit,13108,-
2008,2015-16,All India,Combined,Total Number of Persons Engaged,273,Manufacture of Wiring and Wiring Devices,3-digit,94585,-
2008,2015-16,All India,Combined,Total Number of Persons Engaged,271,"Manufacture of Electric Motors, Generators, Transformers and Electricity Distribution and Control Apparatus",3-digit,202790,-
2008,2015-16,All India,Combined,Total Number of Persons Engaged,259,Manufacture of Other Fabricated Metal Products; Metalworking Service Activities,3-digit,412754,-
2008,2015-16,All India,Combined,Total Number of Persons Engaged,251,"Manufacture of Structural Metal Products, Tanks, Reservoirs and Steam Generators",3-digit,244361,-
2008,2015-16,All India,Combined,Total Number of Persons Engaged,243,Casting of Metals,3-digit,220909,-
2008,2015-16,All India,Combined,Total Number of Persons Engaged,242,Manufacture of Basic Precious and Other Non-ferrous Metals,3-digit,117690,-
2008,2015-16,All India,Combined,Total Number of Persons Engaged,2732,Manufacture of Other Electronic and Electric Wires and Cables,4-digit,57127,-
2008,2015-16,All India,Combined,Total Number of Persons Engaged,2710,"Manufacture of Electric Motors, Generators, Transformers and Electricity Distribution and Control Apparatus",4-digit,202790,-
2008,2015-16,All India,Combined,Total Number of Persons Engaged,2599,Manufacture of Other Fabricated Metal Products N.e.c.,4-digit,236544,-
2008,2015-16,All India,Combined,Total Number of Persons Engaged,25,"Manufacture of Fabricated Metal Products, Except Machinery and Equipment",2-digit,660993,-
2008,2015-16,All India,Combined,Total Number of Persons Engaged,24,Manufacture of Basic Metals,2-digit,947944,-
2008,2015-16,All India,Combined,Total Number of Persons Engaged,3030,Manufacture of Air and Spacecraft and Related Machinery,4-digit,13108,-
2008,2015-16,All India,Combined,Total Number of Workers,3030,Manufacture of Air and Spacecraft and Related Machinery,4-digit,8946,-
2008,2015-16,All India,Combined,Total Number of Workers,242,Manufacture of Basic Precious and Other Non-ferrous Metals,3-digit,89932,-
2008,2015-16,All India,Combined,Total Number of Workers,243,Casting of Metals,3-digit,170887,-
2008,2015-16,All India,Combined,Total Number of Workers,251,"Manufacture of Structural Metal Products, Tanks, Reservoirs and Steam Generators",3-digit,183763,-
2008,2015-16,All India,Combined,Total Number of Workers,259,Manufacture of Other Fabricated Metal Products; Metalworking Service Activities,3-digit,323478,-
2008,2015-16,All India,Combined,Total Number of Workers,271,"Manufacture of Electric Motors, Generators, Transformers and Electricity Distribution and Control Apparatus",3-digit,140527,-
2008,2015-16,All India,Combined,Total Number of Workers,273,Manufacture of Wiring and Wiring Devices,3-digit,74927,-
2008,2015-16,All India,Combined,Total Number of Workers,2733,Manufacture of Wiring Devices,4-digit,22852,-
2008,2015-16,All India,Combined,Total Number of Workers,2732,Manufacture of Other Electronic and Electric Wires and Cables,4-digit,45111,-
2008,2015-16,All India,Combined,Total Number of Workers,2710,"Manufacture of Electric Motors, Generators, Transformers and Electricity Distribution and Control Apparatus",4-digit,140527,-
2008,2015-16,All India,Combined,Total Number of Workers,2599,Manufacture of Other Fabricated Metal Products N.e.c.,4-digit,186414,-
2008,2015-16,All India,Combined,Total Number of Workers,30,Manufacture of Other Transport Equipment,2-digit,239321,-
2008,2015-16,All India,Combined,Total Number of Workers,27,Manufacture of Electrical Equipment,2-digit,373303,-
2008,2015-16,All India,Combined,Total Number of Workers,25,"Manufacture of Fabricated Metal Products, Except Machinery and Equipment",2-digit,510085,-
2008,2015-16,All India,Combined,Total Number of Workers,24,Manufacture of Basic Metals,2-digit,742831,-
2008,2015-16,All India,Combined,Total Number of Workers,2511,Manufacture of Structural Metal Products,4-digit,127731,-
2008,2015-16,All India,Combined,Total Number of Workers,2432,Casting of Non-ferrous Metals,4-digit,20364,-
2008,2015-16,All India,Combined,Total Number of Workers,2420,Manufacture of Basic Precious and Other Non-ferrous Metals,4-digit,89932,-
2008,2015-16,All India,Combined,Total Number of Workers,303,Manufacture of Air and Spacecraft and Related Machinery,3-digit,8946,-
2008,2015-16,All India,Combined,No. of Directly Employed  Workers,273,Manufacture of Wiring and Wiring Devices,3-digit,36873,-
2008,2015-16,All India,Combined,No. of Directly Employed  Workers,271,"Manufacture of Electric Motors, Generators, Transformers and Electricity Distribution and Control Apparatus",3-digit,90089,-
2008,2015-16,All India,Combined,No. of Directly Employed  Workers,259,Manufacture of Other Fabricated Metal Products; Metalworking Service Activities,3-digit,203357,-
2008,2015-16,All India,Combined,No. of Directly Employed  Workers,251,"Manufacture of Structural Metal Products, Tanks, Reservoirs and Steam Generators",3-digit,91873,-
2008,2015-16,All India,Combined,No. of Directly Employed  Workers,243,Casting of Metals,3-digit,97490,-
2008,2015-16,All India,Combined,No. of Directly Employed  Workers,2432,Casting of Non-ferrous Metals,4-digit,11745,-
2008,2015-16,All India,Combined,No. of Directly Employed  Workers,2420,Manufacture of Basic Precious and Other Non-ferrous Metals,4-digit,50613,-
2008,2015-16,All India,Combined,No. of Directly Employed  Workers,25,"Manufacture of Fabricated Metal Products, Except Machinery and Equipment",2-digit,296218,-
2008,2015-16,All India,Combined,No. of Directly Employed  Workers,30,Manufacture of Other Transport Equipment,2-digit,120563,-
2008,2015-16,All India,Combined,No. of Directly Employed  Workers,27,Manufacture of Electrical Equipment,2-digit,219125,-
2008,2015-16,All India,Combined,No. of Directly Employed  Workers,24,Manufacture of Basic Metals,2-digit,407425,-
2008,2015-16,All India,Combined,No. of Directly Employed  Workers,3030,Manufacture of Air and Spacecraft and Related Machinery,4-digit,7170,-
2008,2015-16,All India,Combined,No. of Directly Employed  Workers,2733,Manufacture of Wiring Devices,4-digit,11201,-
2008,2015-16,All India,Combined,No. of Directly Employed  Workers,2732,Manufacture of Other Electronic and Electric Wires and Cables,4-digit,21688,-
2008,2015-16,All India,Combined,No. of Directly Employed  Workers,2710,"Manufacture of Electric Motors, Generators, Transformers and Electricity Distribution and Control Apparatus",4-digit,90089,-
2008,2015-16,All India,Combined,No. of Directly Employed  Workers,2599,Manufacture of Other Fabricated Metal Products N.e.c.,4-digit,114720,-
2008,2015-16,All India,Combined,No. of Directly Employed  Workers,242,Manufacture of Basic Precious and Other Non-ferrous Metals,3-digit,50613,-
2008,2015-16,All India,Combined,No. of Directly Employed  Workers,2511,Manufacture of Structural Metal Products,4-digit,60689,-
2008,2015-16,All India,Combined,No. of Directly Employed  Workers,303,Manufacture of Air and Spacecraft and Related Machinery,3-digit,7170,-
2008,2015-16,All India,Combined,No. of Workers employed Through Contractors,3030,Manufacture of Air and Spacecraft and Related Machinery,4-digit,1776,-
2008,2015-16,All India,Combined,No. of Workers employed Through Contractors,2432,Casting of Non-ferrous Metals,4-digit,8619,-
2008,2015-16,All India,Combined,No. of Workers employed Through Contractors,2511,Manufacture of Structural Metal Products,4-digit,67042,-
2008,2015-16,All India,Combined,No. of Workers employed Through Contractors,2599,Manufacture of Other Fabricated Metal Products N.e.c.,4-digit,71694,-
2008,2015-16,All India,Combined,No. of Workers employed Through Contractors,2710,"Manufacture of Electric Motors, Generators, Transformers and Electricity Distribution and Control Apparatus",4-digit,50438,-
2008,2015-16,All India,Combined,No. of Workers employed Through Contractors,2732,Manufacture of Other Electronic and Electric Wires and Cables,4-digit,23423,-
2008,2015-16,All India,Combined,No. of Workers employed Through Contractors,2733,Manufacture of Wiring Devices,4-digit,11650,-
2008,2015-16,All India,Combined,No. of Workers employed Through Contractors,273,Manufacture of Wiring and Wiring Devices,3-digit,38055,-
2008,2015-16,All India,Combined,No. of Workers employed Through Contractors,271,"Manufacture of Electric Motors, Generators, Transformers and Electricity Distribution and Control Apparatus",3-digit,50438,-
2008,2015-16,All India,Combined,No. of Workers employed Through Contractors,251,"Manufacture of Structural Metal Products, Tanks, Reservoirs and Steam Generators",3-digit,91890,-
2008,2015-16,All India,Combined,No. of Workers employed Through Contractors,2420,Manufacture of Basic Precious and Other Non-ferrous Metals,4-digit,39319,-
2008,2015-16,All India,Combined,No. of Workers employed Through Contractors,24,Manufacture of Basic Metals,2-digit,335407,-
2008,2015-16,All India,Combined,No. of Workers employed Through Contractors,25,"Manufacture of Fabricated Metal Products, Except Machinery and Equipment",2-digit,213867,-
2008,2015-16,All India,Combined,No. of Workers employed Through Contractors,27,Manufacture of Electrical Equipment,2-digit,154178,-
2008,2015-16,All India,Combined,No. of Workers employed Through Contractors,259,Manufacture of Other Fabricated Metal Products; Metalworking Service Activities,3-digit,120121,-
2008,2015-16,All India,Combined,No. of Workers employed Through Contractors,242,Manufacture of Basic Precious and Other Non-ferrous Metals,3-digit,39319,-
2008,2015-16,All India,Combined,No. of Workers employed Through Contractors,303,Manufacture of Air and Spacecraft and Related Machinery,3-digit,1776,-
2008,2015-16,All India,Combined,No. of Workers employed Through Contractors,243,Casting of Metals,3-digit,73397,-
2008,2015-16,All India,Combined,No. of Workers employed Through Contractors,30,Manufacture of Other Transport Equipment,2-digit,118759,-
2008,2015-16,All India,Combined,No. of Employees Other Than Workers,2420,Manufacture of Basic Precious and Other Non-ferrous Metals,4-digit,27304,-
2008,2015-16,All India,Combined,No. of Employees Other Than Workers,2511,Manufacture of Structural Metal Products,4-digit,38158,-
2008,2015-16,All India,Combined,No. of Employees Other Than Workers,25,"Manufacture of Fabricated Metal Products, Except Machinery and Equipment",2-digit,145209,-
2008,2015-16,All India,Combined,No. of Employees Other Than Workers,30,Manufacture of Other Transport Equipment,2-digit,68578,-
2008,2015-16,All India,Combined,No. of Employees Other Than Workers,2733,Manufacture of Wiring Devices,4-digit,4941,-
2008,2015-16,All India,Combined,No. of Employees Other Than Workers,2599,Manufacture of Other Fabricated Metal Products N.e.c.,4-digit,47523,-
2008,2015-16,All India,Combined,No. of Employees Other Than Workers,2710,"Manufacture of Electric Motors, Generators, Transformers and Electricity Distribution and Control Apparatus",4-digit,61764,-
2008,2015-16,All India,Combined,No. of Employees Other Than Workers,2732,Manufacture of Other Electronic and Electric Wires and Cables,4-digit,11902,-
2008,2015-16,All India,Combined,No. of Employees Other Than Workers,27,Manufacture of Electrical Equipment,2-digit,126305,-
2008,2015-16,All India,Combined,No. of Employees Other Than Workers,3030,Manufacture of Air and Spacecraft and Related Machinery,4-digit,4149,-
2008,2015-16,All India,Combined,No. of Employees Other Than Workers,24,Manufacture of Basic Metals,2-digit,202485,-
2008,2015-16,All India,Combined,No. of Employees Other Than Workers,303,Manufacture of Air and Spacecraft and Related Machinery,3-digit,4149,-
2008,2015-16,All India,Combined,No. of Employees Other Than Workers,273,Manufacture of Wiring and Wiring Devices,3-digit,19470,-
2008,2015-16,All India,Combined,No. of Employees Other Than Workers,271,"Manufacture of Electric Motors, Generators, Transformers and Electricity Distribution and Control Apparatus",3-digit,61764,-
2008,2015-16,All India,Combined,No. of Employees Other Than Workers,259,Manufacture of Other Fabricated Metal Products; Metalworking Service Activities,3-digit,85040,-
2008,2015-16,All India,Combined,No. of Employees Other Than Workers,251,"Manufacture of Structural Metal Products, Tanks, Reservoirs and Steam Generators",3-digit,59173,-
2008,2015-16,All India,Combined,No. of Employees Other Than Workers,243,Casting of Metals,3-digit,48933,-
2008,2015-16,All India,Combined,No. of Employees Other Than Workers,242,Manufacture of Basic Precious and Other Non-ferrous Metals,3-digit,27304,-
2008,2015-16,All India,Combined,No. of Employees Other Than Workers,2432,Casting of Non-ferrous Metals,4-digit,6877,-
2008,2015-16,All India,Combined,No. of Employees Other Than Workers -Supervisory and Managerial,3030,Manufacture of Air and Spacecraft and Related Machinery,4-digit,2438,-
2008,2015-16,All India,Combined,No. of Employees Other Than Workers -Supervisory and Managerial,2432,Casting of Non-ferrous Metals,4-digit,3067,-
2008,2015-16,All India,Combined,No. of Employees Other Than Workers -Supervisory and Managerial,242,Manufacture of Basic Precious and Other Non-ferrous Metals,3-digit,14675,-
2008,2015-16,All India,Combined,No. of Employees Other Than Workers -Supervisory and Managerial,243,Casting of Metals,3-digit,24792,-
2008,2015-16,All India,Combined,No. of Employees Other Than Workers -Supervisory and Managerial,251,"Manufacture of Structural Metal Products, Tanks, Reservoirs and Steam Generators",3-digit,28369,-
2008,2015-16,All India,Combined,No. of Employees Other Than Workers -Supervisory and Managerial,259,Manufacture of Other Fabricated Metal Products; Metalworking Service Activities,3-digit,40856,-
2008,2015-16,All India,Combined,No. of Employees Other Than Workers -Supervisory and Managerial,271,"Manufacture of Electric Motors, Generators, Transformers and Electricity Distribution and Control Apparatus",3-digit,34829,-
2008,2015-16,All India,Combined,No. of Employees Other Than Workers -Supervisory and Managerial,273,Manufacture of Wiring and Wiring Devices,3-digit,10045,-
2008,2015-16,All India,Combined,No. of Employees Other Than Workers -Supervisory and Managerial,2511,Manufacture of Structural Metal Products,4-digit,18339,-
2008,2015-16,All India,Combined,No. of Employees Other Than Workers -Supervisory and Managerial,30,Manufacture of Other Transport Equipment,2-digit,33376,-
2008,2015-16,All India,Combined,No. of Employees Other Than Workers -Supervisory and Managerial,27,Manufacture of Electrical Equipment,2-digit,66171,-
2008,2015-16,All India,Combined,No. of Employees Other Than Workers -Supervisory and Managerial,25,"Manufacture of Fabricated Metal Products, Except Machinery and Equipment",2-digit,69935,-
2008,2015-16,All India,Combined,No. of Employees Other Than Workers -Supervisory and Managerial,24,Manufacture of Basic Metals,2-digit,112541,-
2008,2015-16,All India,Combined,No. of Employees Other Than Workers -Supervisory and Managerial,303,Manufacture of Air and Spacecraft and Related Machinery,3-digit,2438,-
2008,2015-16,All India,Combined,No. of Employees Other Than Workers -Supervisory and Managerial,2420,Manufacture of Basic Precious and Other Non-ferrous Metals,4-digit,14675,-
2008,2015-16,All India,Combined,No. of Employees Other Than Workers -Supervisory and Managerial,2599,Manufacture of Other Fabricated Metal Products N.e.c.,4-digit,23098,-
2008,2015-16,All India,Combined,No. of Employees Other Than Workers -Supervisory and Managerial,2710,"Manufacture of Electric Motors, Generators, Transformers and Electricity Distribution and Control Apparatus",4-digit,34829,-
2008,2015-16,All India,Combined,No. of Employees Other Than Workers -Supervisory and Managerial,2732,Manufacture of Other Electronic and Electric Wires and Cables,4-digit,6425,-
2008,2015-16,All India,Combined,No. of Employees Other Than Workers -Supervisory and Managerial,2733,Manufacture of Wiring Devices,4-digit,2459,-
2008,2015-16,All India,Combined,No. of Employees Other Than Workers -Other Employees,271,"Manufacture of Electric Motors, Generators, Transformers and Electricity Distribution and Control Apparatus",3-digit,26935,-
2008,2015-16,All India,Combined,No. of Employees Other Than Workers -Other Employees,303,Manufacture of Air and Spacecraft and Related Machinery,3-digit,1711,-
2008,2015-16,All India,Combined,No. of Employees Other Than Workers -Other Employees,259,Manufacture of Other Fabricated Metal Products; Metalworking Service Activities,3-digit,44184,-
2008,2015-16,All India,Combined,No. of Employees Other Than Workers -Other Employees,251,"Manufacture of Structural Metal Products, Tanks, Reservoirs and Steam Generators",3-digit,30804,-
2008,2015-16,All India,Combined,No. of Employees Other Than Workers -Other Employees,243,Casting of Metals,3-digit,24141,-
2008,2015-16,All India,Combined,No. of Employees Other Than Workers -Other Employees,2420,Manufacture of Basic Precious and Other Non-ferrous Metals,4-digit,12629,-
2008,2015-16,All India,Combined,No. of Employees Other Than Workers -Other Employees,24,Manufacture of Basic Metals,2-digit,89944,-
2008,2015-16,All India,Combined,No. of Employees Other Than Workers -Other Employees,25,"Manufacture of Fabricated Metal Products, Except Machinery and Equipment",2-digit,75274,-
2008,2015-16,All India,Combined,No. of Employees Other Than Workers -Other Employees,242,Manufacture of Basic Precious and Other Non-ferrous Metals,3-digit,12629,-
2008,2015-16,All India,Combined,No. of Employees Other Than Workers -Other Employees,3030,Manufacture of Air and Spacecraft and Related Machinery,4-digit,1711,-
2008,2015-16,All India,Combined,No. of Employees Other Than Workers -Other Employees,30,Manufacture of Other Transport Equipment,2-digit,35202,-
2008,2015-16,All India,Combined,No. of Employees Other Than Workers -Other Employees,27,Manufacture of Electrical Equipment,2-digit,60134,-
2008,2015-16,All India,Combined,No. of Employees Other Than Workers -Other Employees,2432,Casting of Non-ferrous Metals,4-digit,3810,-
2008,2015-16,All India,Combined,No. of Employees Other Than Workers -Other Employees,2511,Manufacture of Structural Metal Products,4-digit,19819,-
2008,2015-16,All India,Combined,No. of Employees Other Than Workers -Other Employees,2599,Manufacture of Other Fabricated Metal Products N.e.c.,4-digit,24425,-
2008,2015-16,All India,Combined,No. of Employees Other Than Workers -Other Employees,2710,"Manufacture of Electric Motors, Generators, Transformers and Electricity Distribution and Control Apparatus",4-digit,26935,-
2008,2015-16,All India,Combined,No. of Employees Other Than Workers -Other Employees,2732,Manufacture of Other Electronic and Electric Wires and Cables,4-digit,5477,-
2008,2015-16,All India,Combined,No. of Employees Other Than Workers -Other Employees,2733,Manufacture of Wiring Devices,4-digit,2482,-
2008,2015-16,All India,Combined,No. of Employees Other Than Workers -Other Employees,273,Manufacture of Wiring and Wiring Devices,3-digit,9425,-
2008,2015-16,All India,Combined,Unpaid family members-proprietor etc,30,Manufacture of Other Transport Equipment,2-digit,650,-
2008,2015-16,All India,Combined,Unpaid family members-proprietor etc,2432,Casting of Non-ferrous Metals,4-digit,128,-
2008,2015-16,All India,Combined,Unpaid family members-proprietor etc,2420,Manufacture of Basic Precious and Other Non-ferrous Metals,4-digit,453,-
2008,2015-16,All India,Combined,Unpaid family members-proprietor etc,303,Manufacture of Air and Spacecraft and Related Machinery,3-digit,14,-
2008,2015-16,All India,Combined,Unpaid family members-proprietor etc,273,Manufacture of Wiring and Wiring Devices,3-digit,189,-
2008,2015-16,All India,Combined,Unpaid family members-proprietor etc,271,"Manufacture of Electric Motors, Generators, Transformers and Electricity Distribution and Control Apparatus",3-digit,500,-
2008,2015-16,All India,Combined,Unpaid family members-proprietor etc,259,Manufacture of Other Fabricated Metal Products; Metalworking Service Activities,3-digit,4237,-
2008,2015-16,All India,Combined,Unpaid family members-proprietor etc,251,"Manufacture of Structural Metal Products, Tanks, Reservoirs and Steam Generators",3-digit,1424,-
2008,2015-16,All India,Combined,Unpaid family members-proprietor etc,243,Casting of Metals,3-digit,1089,-
2008,2015-16,All India,Combined,Unpaid family members-proprietor etc,242,Manufacture of Basic Precious and Other Non-ferrous Metals,3-digit,453,-
2008,2015-16,All India,Combined,Unpaid family members-proprietor etc,3030,Manufacture of Air and Spacecraft and Related Machinery,4-digit,14,-
2008,2015-16,All India,Combined,Unpaid family members-proprietor etc,2733,Manufacture of Wiring Devices,4-digit,67,-
2008,2015-16,All India,Combined,Unpaid family members-proprietor etc,2732,Manufacture of Other Electronic and Electric Wires and Cables,4-digit,114,-
2008,2015-16,All India,Combined,Unpaid family members-proprietor etc,2710,"Manufacture of Electric Motors, Generators, Transformers and Electricity Distribution and Control Apparatus",4-digit,500,-
2008,2015-16,All India,Combined,Unpaid family members-proprietor etc,2599,Manufacture of Other Fabricated Metal Products N.e.c.,4-digit,2607,-
2008,2015-16,All India,Combined,Unpaid family members-proprietor etc,2511,Manufacture of Structural Metal Products,4-digit,922,-
2008,2015-16,All India,Combined,Unpaid family members-proprietor etc,24,Manufacture of Basic Metals,2-digit,2628,-
2008,2015-16,All India,Combined,Unpaid family members-proprietor etc,25,"Manufacture of Fabricated Metal Products, Except Machinery and Equipment",2-digit,5699,-
2008,2015-16,All India,Combined,Unpaid family members-proprietor etc,27,Manufacture of Electrical Equipment,2-digit,1288,-
2008,2015-16,All India,Combined,Wages and Salaries,2432,Casting of Non-ferrous Metals,4-digit,63808,₹ lakhs
2008,2015-16,All India,Combined,Wages and Salaries,2420,Manufacture of Basic Precious and Other Non-ferrous Metals,4-digit,416124,₹ lakhs
2008,2015-16,All India,Combined,Wages and Salaries,2732,Manufacture of Other Electronic and Electric Wires and Cables,4-digit,125315,₹ lakhs
2008,2015-16,All India,Combined,Wages and Salaries,2733,Manufacture of Wiring Devices,4-digit,50646,₹ lakhs
2008,2015-16,All India,Combined,Wages and Salaries,242,Manufacture of Basic Precious and Other Non-ferrous Metals,3-digit,416124,₹ lakhs
2008,2015-16,All India,Combined,Wages and Salaries,243,Casting of Metals,3-digit,474258,₹ lakhs
2008,2015-16,All India,Combined,Wages and Salaries,251,"Manufacture of Structural Metal Products, Tanks, Reservoirs and Steam Generators",3-digit,632584,₹ lakhs
2008,2015-16,All India,Combined,Wages and Salaries,259,Manufacture of Other Fabricated Metal Products; Metalworking Service Activities,3-digit,820068,₹ lakhs
2008,2015-16,All India,Combined,Wages and Salaries,271,"Manufacture of Electric Motors, Generators, Transformers and Electricity Distribution and Control Apparatus",3-digit,728237,₹ lakhs
2008,2015-16,All India,Combined,Wages and Salaries,273,Manufacture of Wiring and Wiring Devices,3-digit,203913,₹ lakhs
2008,2015-16,All India,Combined,Wages and Salaries,303,Manufacture of Air and Spacecraft and Related Machinery,3-digit,57412,₹ lakhs
2008,2015-16,All India,Combined,Wages and Salaries,3030,Manufacture of Air and Spacecraft and Related Machinery,4-digit,57412,₹ lakhs
2008,2015-16,All India,Combined,Wages and Salaries,30,Manufacture of Other Transport Equipment,2-digit,853333,₹ lakhs
2008,2015-16,All India,Combined,Wages and Salaries,27,Manufacture of Electrical Equipment,2-digit,1422142,₹ lakhs
2008,2015-16,All India,Combined,Wages and Salaries,25,"Manufacture of Fabricated Metal Products, Except Machinery and Equipment",2-digit,1462345,₹ lakhs
2008,2015-16,All India,Combined,Wages and Salaries,24,Manufacture of Basic Metals,2-digit,2989981,₹ lakhs
2008,2015-16,All India,Combined,Wages and Salaries,2710,"Manufacture of Electric Motors, Generators, Transformers and Electricity Distribution and Control Apparatus",4-digit,728237,₹ lakhs
2008,2015-16,All India,Combined,Wages and Salaries,2599,Manufacture of Other Fabricated Metal Products N.e.c.,4-digit,442575,₹ lakhs
2008,2015-16,All India,Combined,Wages and Salaries,2511,Manufacture of Structural Metal Products,4-digit,372592,₹ lakhs
2008,2014-15,All India,Combined,Total Output,2599,Manufacture of Other Fabricated Metal Products N.e.c.,4-digit,5766885,₹ lakhs
2008,2014-15,All India,Combined,Total Output,3030,Manufacture of Air and Spacecraft and Related Machinery,4-digit,385572,₹ lakhs
2008,2014-15,All India,Combined,Total Output,2511,Manufacture of Structural Metal Products,4-digit,4581218,₹ lakhs
2008,2014-15,All India,Combined,Total Output,2432,Casting of Non-ferrous Metals,4-digit,767549,₹ lakhs
2008,2014-15,All India,Combined,Total Output,2420,Manufacture of Basic Precious and Other Non-ferrous Metals,4-digit,16783051,₹ lakhs
2008,2014-15,All India,Combined,Total Output,303,Manufacture of Air and Spacecraft and Related Machinery,3-digit,385572,₹ lakhs
2008,2014-15,All India,Combined,Total Output,2733,Manufacture of Wiring Devices,4-digit,675537,₹ lakhs
2008,2014-15,All India,Combined,Total Output,24,Manufacture of Basic Metals,2-digit,85191715,₹ lakhs
2008,2014-15,All India,Combined,Total Output,25,"Manufacture of Fabricated Metal Products, Except Machinery and Equipment",2-digit,17380862,₹ lakhs
2008,2014-15,All India,Combined,Total Output,27,Manufacture of Electrical Equipment,2-digit,23223711,₹ lakhs
2008,2014-15,All India,Combined,Total Output,30,Manufacture of Other Transport Equipment,2-digit,15005804,₹ lakhs
2008,2014-15,All India,Combined,Total Output,273,Manufacture of Wiring and Wiring Devices,3-digit,6683861,₹ lakhs
2008,2014-15,All India,Combined,Total Output,271,"Manufacture of Electric Motors, Generators, Transformers and Electricity Distribution and Control Apparatus",3-digit,8043148,₹ lakhs
2008,2014-15,All India,Combined,Total Output,259,Manufacture of Other Fabricated Metal Products; Metalworking Service Activities,3-digit,10049774,₹ lakhs
2008,2014-15,All India,Combined,Total Output,251,"Manufacture of Structural Metal Products, Tanks, Reservoirs and Steam Generators",3-digit,7259476,₹ lakhs
2008,2014-15,All India,Combined,Total Output,243,Casting of Metals,3-digit,7918314,₹ lakhs
2008,2014-15,All India,Combined,Total Output,242,Manufacture of Basic Precious and Other Non-ferrous Metals,3-digit,16783051,₹ lakhs
2008,2014-15,All India,Combined,Total Output,2732,Manufacture of Other Electronic and Electric Wires and Cables,4-digit,5271757,₹ lakhs
2008,2014-15,All India,Combined,Total Output,2710,"Manufacture of Electric Motors, Generators, Transformers and Electricity Distribution and Control Apparatus",4-digit,8043148,₹ lakhs
2008,2014-15,All India,Combined,Total Inputs,251,"Manufacture of Structural Metal Products, Tanks, Reservoirs and Steam Generators",3-digit,5916935,₹ lakhs
2008,2014-15,All India,Combined,Total Inputs,2710,"Manufacture of Electric Motors, Generators, Transformers and Electricity Distribution and Control Apparatus",4-digit,6396386,₹ lakhs
2008,2014-15,All India,Combined,Total Inputs,2732,Manufacture of Other Electronic and Electric Wires and Cables,4-digit,4807965,₹ lakhs
2008,2014-15,All India,Combined,Total Inputs,2733,Manufacture of Wiring Devices,4-digit,502276,₹ lakhs
2008,2014-15,All India,Combined,Total Inputs,3030,Manufacture of Air and Spacecraft and Related Machinery,4-digit,230621,₹ lakhs
2008,2014-15,All India,Combined,Total Inputs,25,"Manufacture of Fabricated Metal Products, Except Machinery and Equipment",2-digit,13763177,₹ lakhs
2008,2014-15,All India,Combined,Total Inputs,24,Manufacture of Basic Metals,2-digit,72631886,₹ lakhs
2008,2014-15,All India,Combined,Total Inputs,2432,Casting of Non-ferrous Metals,4-digit,648370,₹ lakhs
2008,2014-15,All India,Combined,Total Inputs,27,Manufacture of Electrical Equipment,2-digit,19182728,₹ lakhs
2008,2014-15,All India,Combined,Total Inputs,30,Manufacture of Other Transport Equipment,2-digit,12165847,₹ lakhs
2008,2014-15,All India,Combined,Total Inputs,2599,Manufacture of Other Fabricated Metal Products N.e.c.,4-digit,4541866,₹ lakhs
2008,2014-15,All India,Combined,Total Inputs,2511,Manufacture of Structural Metal Products,4-digit,3769025,₹ lakhs
2008,2014-15,All India,Combined,Total Inputs,2420,Manufacture of Basic Precious and Other Non-ferrous Metals,4-digit,13618406,₹ lakhs
2008,2014-15,All India,Combined,Total Inputs,303,Manufacture of Air and Spacecraft and Related Machinery,3-digit,230621,₹ lakhs
2008,2014-15,All India,Combined,Total Inputs,273,Manufacture of Wiring and Wiring Devices,3-digit,5938872,₹ lakhs
2008,2014-15,All India,Combined,Total Inputs,271,"Manufacture of Electric Motors, Generators, Transformers and Electricity Distribution and Control Apparatus",3-digit,6396386,₹ lakhs
2008,2014-15,All India,Combined,Total Inputs,259,Manufacture of Other Fabricated Metal Products; Metalworking Service Activities,3-digit,7798767,₹ lakhs
2008,2014-15,All India,Combined,Total Inputs,242,Manufacture of Basic Precious and Other Non-ferrous Metals,3-digit,13618406,₹ lakhs
2008,2014-15,All India,Combined,Total Inputs,243,Casting of Metals,3-digit,6757476,₹ lakhs
2008,2014-15,All India,Combined,Gross Value Added,2599,Manufacture of Other Fabricated Metal Products N.e.c.,4-digit,1225019,₹ lakhs
2008,2014-15,All India,Combined,Gross Value Added,259,Manufacture of Other Fabricated Metal Products; Metalworking Service Activities,3-digit,2251007,₹ lakhs
2008,2014-15,All India,Combined,Gross Value Added,273,Manufacture of Wiring and Wiring Devices,3-digit,744989,₹ lakhs
2008,2014-15,All India,Combined,Gross Value Added,2511,Manufacture of Structural Metal Products,4-digit,812193,₹ lakhs
2008,2014-15,All India,Combined,Gross Value Added,2432,Casting of Non-ferrous Metals,4-digit,119179,₹ lakhs
2008,2014-15,All India,Combined,Gross Value Added,2420,Manufacture of Basic Precious and Other Non-ferrous Metals,4-digit,3164645,₹ lakhs
2008,2014-15,All India,Combined,Gross Value Added,25,"Manufacture of Fabricated Metal Products, Except Machinery and Equipment",2-digit,3617685,₹ lakhs
2008,2014-15,All India,Combined,Gross Value Added,24,Manufacture of Basic Metals,2-digit,12559829,₹ lakhs
2008,2014-15,All India,Combined,Gross Value Added,27,Manufacture of Electrical Equipment,2-digit,4040983,₹ lakhs
2008,2014-15,All India,Combined,Gross Value Added,30,Manufacture of Other Transport Equipment,2-digit,2839957,₹ lakhs
2008,2014-15,All India,Combined,Gross Value Added,2710,"Manufacture of Electric Motors, Generators, Transformers and Electricity Distribution and Control Apparatus",4-digit,1646762,₹ lakhs
2008,2014-15,All India,Combined,Gross Value Added,2732,Manufacture of Other Electronic and Electric Wires and Cables,4-digit,463792,₹ lakhs
2008,2014-15,All India,Combined,Gross Value Added,251,"Manufacture of Structural Metal Products, Tanks, Reservoirs and Steam Generators",3-digit,1342541,₹ lakhs
2008,2014-15,All India,Combined,Gross Value Added,2733,Manufacture of Wiring Devices,4-digit,173261,₹ lakhs
2008,2014-15,All India,Combined,Gross Value Added,3030,Manufacture of Air and Spacecraft and Related Machinery,4-digit,154951,₹ lakhs
2008,2014-15,All India,Combined,Gross Value Added,243,Casting of Metals,3-digit,1160838,₹ lakhs
2008,2014-15,All India,Combined,Gross Value Added,242,Manufacture of Basic Precious and Other Non-ferrous Metals,3-digit,3164645,₹ lakhs
2008,2014-15,All India,Combined,Gross Value Added,303,Manufacture of Air and Spacecraft and Related Machinery,3-digit,154951,₹ lakhs
2008,2014-15,All India,Combined,Gross Value Added,271,"Manufacture of Electric Motors, Generators, Transformers and Electricity Distribution and Control Apparatus",3-digit,1646762,₹ lakhs
2008,2014-15,All India,Combined,Net Value Added,27,Manufacture of Electrical Equipment,2-digit,3500748,₹ lakhs
2008,2014-15,All India,Combined,Net Value Added,25,"Manufacture of Fabricated Metal Products, Except Machinery and Equipment",2-digit,3079466,₹ lakhs
2008,2014-15,All India,Combined,Net Value Added,251,"Manufacture of Structural Metal Products, Tanks, Reservoirs and Steam Generators",3-digit,1129658,₹ lakhs
2008,2014-15,All India,Combined,Net Value Added,243,Casting of Metals,3-digit,873442,₹ lakhs
2008,2014-15,All India,Combined,Net Value Added,2733,Manufacture of Wiring Devices,4-digit,157028,₹ lakhs
2008,2014-15,All India,Combined,Net Value Added,2732,Manufacture of Other Electronic and Electric Wires and Cables,4-digit,397123,₹ lakhs
2008,2014-15,All India,Combined,Net Value Added,2710,"Manufacture of Electric Motors, Generators, Transformers and Electricity Distribution and Control Apparatus",4-digit,1437113,₹ lakhs
2008,2014-15,All India,Combined,Net Value Added,2599,Manufacture of Other Fabricated Metal Products N.e.c.,4-digit,1069793,₹ lakhs
2008,2014-15,All India,Combined,Net Value Added,2511,Manufacture of Structural Metal Products,4-digit,667913,₹ lakhs
2008,2014-15,All India,Combined,Net Value Added,2432,Casting of Non-ferrous Metals,4-digit,87952,₹ lakhs
2008,2014-15,All India,Combined,Net Value Added,2420,Manufacture of Basic Precious and Other Non-ferrous Metals,4-digit,2834803,₹ lakhs
2008,2014-15,All India,Combined,Net Value Added,303,Manufacture of Air and Spacecraft and Related Machinery,3-digit,140613,₹ lakhs
2008,2014-15,All India,Combined,Net Value Added,273,Manufacture of Wiring and Wiring Devices,3-digit,638337,₹ lakhs
2008,2014-15,All India,Combined,Net Value Added,271,"Manufacture of Electric Motors, Generators, Transformers and Electricity Distribution and Control Apparatus",3-digit,1437113,₹ lakhs
2008,2014-15,All India,Combined,Net Value Added,259,Manufacture of Other Fabricated Metal Products; Metalworking Service Activities,3-digit,1927700,₹ lakhs
2008,2014-15,All India,Combined,Net Value Added,242,Manufacture of Basic Precious and Other Non-ferrous Metals,3-digit,2834803,₹ lakhs
2008,2014-15,All India,Combined,Net Value Added,30,Manufacture of Other Transport Equipment,2-digit,2445498,₹ lakhs
2008,2014-15,All India,Combined,Net Value Added,3030,Manufacture of Air and Spacecraft and Related Machinery,4-digit,140613,₹ lakhs
2008,2014-15,All India,Combined,Net Value Added,24,Manufacture of Basic Metals,2-digit,9785355,₹ lakhs
2008,2014-15,All India,Combined,Net Income,2732,Manufacture of Other Electronic and Electric Wires and Cables,4-digit,275126,₹ lakhs
2008,2014-15,All India,Combined,Net Income,2710,"Manufacture of Electric Motors, Generators, Transformers and Electricity Distribution and Control Apparatus",4-digit,1294261,₹ lakhs
2008,2014-15,All India,Combined,Net Income,273,Manufacture of Wiring and Wiring Devices,3-digit,440566,₹ lakhs
2008,2014-15,All India,Combined,Net Income,271,"Manufacture of Electric Motors, Generators, Transformers and Electricity Distribution and Control Apparatus",3-digit,1294261,₹ lakhs
2008,2014-15,All India,Combined,Net Income,242,Manufacture of Basic Precious and Other Non-ferrous Metals,3-digit,2341723,₹ lakhs
2008,2014-15,All India,Combined,Net Income,243,Casting of Metals,3-digit,590008,₹ lakhs
2008,2014-15,All India,Combined,Net Income,2432,Casting of Non-ferrous Metals,4-digit,69451,₹ lakhs
2008,2014-15,All India,Combined,Net Income,259,Manufacture of Other Fabricated Metal Products; Metalworking Service Activities,3-digit,1680545,₹ lakhs
2008,2014-15,All India,Combined,Net Income,2420,Manufacture of Basic Precious and Other Non-ferrous Metals,4-digit,2341723,₹ lakhs
2008,2014-15,All India,Combined,Net Income,251,"Manufacture of Structural Metal Products, Tanks, Reservoirs and Steam Generators",3-digit,952951,₹ lakhs
2008,2014-15,All India,Combined,Net Income,2511,Manufacture of Structural Metal Products,4-digit,532183,₹ lakhs
2008,2014-15,All India,Combined,Net Income,2599,Manufacture of Other Fabricated Metal Products N.e.c.,4-digit,934152,₹ lakhs
2008,2014-15,All India,Combined,Net Income,24,Manufacture of Basic Metals,2-digit,6410023,₹ lakhs
2008,2014-15,All India,Combined,Net Income,2733,Manufacture of Wiring Devices,4-digit,142956,₹ lakhs
2008,2014-15,All India,Combined,Net Income,25,"Manufacture of Fabricated Metal Products, Except Machinery and Equipment",2-digit,2654452,₹ lakhs
2008,2014-15,All India,Combined,Net Income,27,Manufacture of Electrical Equipment,2-digit,2998071,₹ lakhs
2008,2014-15,All India,Combined,Net Income,30,Manufacture of Other Transport Equipment,2-digit,2197198,₹ lakhs
2008,2014-15,All India,Combined,Net Income,303,Manufacture of Air and Spacecraft and Related Machinery,3-digit,129806,₹ lakhs
2008,2014-15,All India,Combined,Net Income,3030,Manufacture of Air and Spacecraft and Related Machinery,4-digit,129806,₹ lakhs
2008,2014-15,All India,Combined,Net Profit,251,"Manufacture of Structural Metal Products, Tanks, Reservoirs and Steam Generators",3-digit,325852,₹ lakhs
2008,2014-15,All India,Combined,Net Profit,243,Casting of Metals,3-digit,82052,₹ lakhs
2008,2014-15,All India,Combined,Net Profit,242,Manufacture of Basic Precious and Other Non-ferrous Metals,3-digit,1860352,₹ lakhs
2008,2014-15,All India,Combined,Net Profit,2599,Manufacture of Other Fabricated Metal Products N.e.c.,4-digit,486147,₹ lakhs
2008,2014-15,All India,Combined,Net Profit,2511,Manufacture of Structural Metal Products,4-digit,202324,₹ lakhs
2008,2014-15,All India,Combined,Net Profit,2432,Casting of Non-ferrous Metals,4-digit,5561,₹ lakhs
2008,2014-15,All India,Combined,Net Profit,2420,Manufacture of Basic Precious and Other Non-ferrous Metals,4-digit,1860352,₹ lakhs
2008,2014-15,All India,Combined,Net Profit,30,Manufacture of Other Transport Equipment,2-digit,1253443,₹ lakhs
2008,2014-15,All India,Combined,Net Profit,27,Manufacture of Electrical Equipment,2-digit,1394223,₹ lakhs
2008,2014-15,All India,Combined,Net Profit,25,"Manufacture of Fabricated Metal Products, Except Machinery and Equipment",2-digit,1170067,₹ lakhs
2008,2014-15,All India,Combined,Net Profit,24,Manufacture of Basic Metals,2-digit,2843517,₹ lakhs
2008,2014-15,All India,Combined,Net Profit,3030,Manufacture of Air and Spacecraft and Related Machinery,4-digit,70237,₹ lakhs
2008,2014-15,All India,Combined,Net Profit,2733,Manufacture of Wiring Devices,4-digit,84669,₹ lakhs
2008,2014-15,All India,Combined,Net Profit,2732,Manufacture of Other Electronic and Electric Wires and Cables,4-digit,139733,₹ lakhs
2008,2014-15,All India,Combined,Net Profit,2710,"Manufacture of Electric Motors, Generators, Transformers and Electricity Distribution and Control Apparatus",4-digit,479881,₹ lakhs
2008,2014-15,All India,Combined,Net Profit,303,Manufacture of Air and Spacecraft and Related Machinery,3-digit,70237,₹ lakhs
2008,2014-15,All India,Combined,Net Profit,273,Manufacture of Wiring and Wiring Devices,3-digit,208786,₹ lakhs
2008,2014-15,All India,Combined,Net Profit,271,"Manufacture of Electric Motors, Generators, Transformers and Electricity Distribution and Control Apparatus",3-digit,479881,₹ lakhs
2008,2014-15,All India,Combined,Net Profit,259,Manufacture of Other Fabricated Metal Products; Metalworking Service Activities,3-digit,830659,₹ lakhs
2008,2014-15,All India,Combined,Total Number of Persons Engaged,303,Manufacture of Air and Spacecraft and Related Machinery,3-digit,13670,-
2008,2014-15,All India,Combined,Total Number of Persons Engaged,2599,Manufacture of Other Fabricated Metal Products N.e.c.,4-digit,224974,-
2008,2014-15,All India,Combined,Total Number of Persons Engaged,2733,Manufacture of Wiring Devices,4-digit,28410,-
2008,2014-15,All India,Combined,Total Number of Persons Engaged,24,Manufacture of Basic Metals,2-digit,1004446,-
2008,2014-15,All India,Combined,Total Number of Persons Engaged,25,"Manufacture of Fabricated Metal Products, Except Machinery and Equipment",2-digit,627663,-
2008,2014-15,All India,Combined,Total Number of Persons Engaged,27,Manufacture of Electrical Equipment,2-digit,505994,-
2008,2014-15,All India,Combined,Total Number of Persons Engaged,30,Manufacture of Other Transport Equipment,2-digit,302363,-
2008,2014-15,All India,Combined,Total Number of Persons Engaged,2420,Manufacture of Basic Precious and Other Non-ferrous Metals,4-digit,107793,-
2008,2014-15,All India,Combined,Total Number of Persons Engaged,2432,Casting of Non-ferrous Metals,4-digit,28652,-
2008,2014-15,All India,Combined,Total Number of Persons Engaged,2511,Manufacture of Structural Metal Products,4-digit,148764,-
2008,2014-15,All India,Combined,Total Number of Persons Engaged,2710,"Manufacture of Electric Motors, Generators, Transformers and Electricity Distribution and Control Apparatus",4-digit,208168,-
2008,2014-15,All India,Combined,Total Number of Persons Engaged,2732,Manufacture of Other Electronic and Electric Wires and Cables,4-digit,53186,-
2008,2014-15,All India,Combined,Total Number of Persons Engaged,3030,Manufacture of Air and Spacecraft and Related Machinery,4-digit,13670,-
2008,2014-15,All India,Combined,Total Number of Persons Engaged,242,Manufacture of Basic Precious and Other Non-ferrous Metals,3-digit,107793,-
2008,2014-15,All India,Combined,Total Number of Persons Engaged,243,Casting of Metals,3-digit,229088,-
2008,2014-15,All India,Combined,Total Number of Persons Engaged,251,"Manufacture of Structural Metal Products, Tanks, Reservoirs and Steam Generators",3-digit,224438,-
2008,2014-15,All India,Combined,Total Number of Persons Engaged,259,Manufacture of Other Fabricated Metal Products; Metalworking Service Activities,3-digit,400786,-
2008,2014-15,All India,Combined,Total Number of Persons Engaged,271,"Manufacture of Electric Motors, Generators, Transformers and Electricity Distribution and Control Apparatus",3-digit,208168,-
2008,2014-15,All India,Combined,Total Number of Persons Engaged,273,Manufacture of Wiring and Wiring Devices,3-digit,92946,-
2008,2014-15,All India,Combined,Total Number of Workers,30,Manufacture of Other Transport Equipment,2-digit,237515,-
2008,2014-15,All India,Combined,Total Number of Workers,3030,Manufacture of Air and Spacecraft and Related Machinery,4-digit,8888,-
2008,2014-15,All India,Combined,Total Number of Workers,2733,Manufacture of Wiring Devices,4-digit,23809,-
2008,2014-15,All India,Combined,Total Number of Workers,2732,Manufacture of Other Electronic and Electric Wires and Cables,4-digit,40493,-
2008,2014-15,All India,Combined,Total Number of Workers,2710,"Manufacture of Electric Motors, Generators, Transformers and Electricity Distribution and Control Apparatus",4-digit,146593,-
2008,2014-15,All India,Combined,Total Number of Workers,2599,Manufacture of Other Fabricated Metal Products N.e.c.,4-digit,178305,-
2008,2014-15,All India,Combined,Total Number of Workers,2511,Manufacture of Structural Metal Products,4-digit,114238,-
2008,2014-15,All India,Combined,Total Number of Workers,2432,Casting of Non-ferrous Metals,4-digit,22022,-
2008,2014-15,All India,Combined,Total Number of Workers,303,Manufacture of Air and Spacecraft and Related Machinery,3-digit,8888,-
2008,2014-15,All India,Combined,Total Number of Workers,273,Manufacture of Wiring and Wiring Devices,3-digit,73090,-
2008,2014-15,All India,Combined,Total Number of Workers,271,"Manufacture of Electric Motors, Generators, Transformers and Electricity Distribution and Control Apparatus",3-digit,146593,-
2008,2014-15,All India,Combined,Total Number of Workers,259,Manufacture of Other Fabricated Metal Products; Metalworking Service Activities,3-digit,313295,-
2008,2014-15,All India,Combined,Total Number of Workers,251,"Manufacture of Structural Metal Products, Tanks, Reservoirs and Steam Generators",3-digit,167240,-
2008,2014-15,All India,Combined,Total Number of Workers,243,Casting of Metals,3-digit,178883,-
2008,2014-15,All India,Combined,Total Number of Workers,242,Manufacture of Basic Precious and Other Non-ferrous Metals,3-digit,81493,-
2008,2014-15,All India,Combined,Total Number of Workers,27,Manufacture of Electrical Equipment,2-digit,377951,-
2008,2014-15,All India,Combined,Total Number of Workers,25,"Manufacture of Fabricated Metal Products, Except Machinery and Equipment",2-digit,482206,-
2008,2014-15,All India,Combined,Total Number of Workers,24,Manufacture of Basic Metals,2-digit,792403,-
2008,2014-15,All India,Combined,Total Number of Workers,2420,Manufacture of Basic Precious and Other Non-ferrous Metals,4-digit,81493,-
2008,2014-15,All India,Combined,No. of Directly Employed  Workers,27,Manufacture of Electrical Equipment,2-digit,229555,-
2008,2014-15,All India,Combined,No. of Directly Employed  Workers,2710,"Manufacture of Electric Motors, Generators, Transformers and Electricity Distribution and Control Apparatus",4-digit,96616,-
2008,2014-15,All India,Combined,No. of Directly Employed  Workers,271,"Manufacture of Electric Motors, Generators, Transformers and Electricity Distribution and Control Apparatus",3-digit,96616,-
2008,2014-15,All India,Combined,No. of Directly Employed  Workers,242,Manufacture of Basic Precious and Other Non-ferrous Metals,3-digit,46585,-
2008,2014-15,All India,Combined,No. of Directly Employed  Workers,2599,Manufacture of Other Fabricated Metal Products N.e.c.,4-digit,115572,-
2008,2014-15,All India,Combined,No. of Directly Employed  Workers,259,Manufacture of Other Fabricated Metal Products; Metalworking Service Activities,3-digit,205060,-
2008,2014-15,All India,Combined,No. of Directly Employed  Workers,251,"Manufacture of Structural Metal Products, Tanks, Reservoirs and Steam Generators",3-digit,84815,-
2008,2014-15,All India,Combined,No. of Directly Employed  Workers,243,Casting of Metals,3-digit,99734,-
2008,2014-15,All India,Combined,No. of Directly Employed  Workers,273,Manufacture of Wiring and Wiring Devices,3-digit,39538,-
2008,2014-15,All India,Combined,No. of Directly Employed  Workers,3030,Manufacture of Air and Spacecraft and Related Machinery,4-digit,7122,-
2008,2014-15,All India,Combined,No. of Directly Employed  Workers,2432,Casting of Non-ferrous Metals,4-digit,12514,-
2008,2014-15,All India,Combined,No. of Directly Employed  Workers,2511,Manufacture of Structural Metal Products,4-digit,55868,-
2008,2014-15,All India,Combined,No. of Directly Employed  Workers,2420,Manufacture of Basic Precious and Other Non-ferrous Metals,4-digit,46585,-
2008,2014-15,All India,Combined,No. of Directly Employed  Workers,303,Manufacture of Air and Spacecraft and Related Machinery,3-digit,7122,-
2008,2014-15,All India,Combined,No. of Directly Employed  Workers,2733,Manufacture of Wiring Devices,4-digit,12918,-
2008,2014-15,All India,Combined,No. of Directly Employed  Workers,2732,Manufacture of Other Electronic and Electric Wires and Cables,4-digit,22376,-
2008,2014-15,All India,Combined,No. of Directly Employed  Workers,24,Manufacture of Basic Metals,2-digit,423974,-
2008,2014-15,All India,Combined,No. of Directly Employed  Workers,25,"Manufacture of Fabricated Metal Products, Except Machinery and Equipment",2-digit,290857,-
2008,2014-15,All India,Combined,No. of Directly Employed  Workers,30,Manufacture of Other Transport Equipment,2-digit,122433,-
2008,2014-15,All India,Combined,No. of Workers employed Through Contractors,271,"Manufacture of Electric Motors, Generators, Transformers and Electricity Distribution and Control Apparatus",3-digit,49978,-
2008,2014-15,All India,Combined,No. of Workers employed Through Contractors,2420,Manufacture of Basic Precious and Other Non-ferrous Metals,4-digit,34908,-
2008,2014-15,All India,Combined,No. of Workers employed Through Contractors,2599,Manufacture of Other Fabricated Metal Products N.e.c.,4-digit,62732,-
2008,2014-15,All India,Combined,No. of Workers employed Through Contractors,2511,Manufacture of Structural Metal Products,4-digit,58370,-
2008,2014-15,All India,Combined,No. of Workers employed Through Contractors,273,Manufacture of Wiring and Wiring Devices,3-digit,33553,-
2008,2014-15,All India,Combined,No. of Workers employed Through Contractors,30,Manufacture of Other Transport Equipment,2-digit,115082,-
2008,2014-15,All India,Combined,No. of Workers employed Through Contractors,27,Manufacture of Electrical Equipment,2-digit,148396,-
2008,2014-15,All India,Combined,No. of Workers employed Through Contractors,25,"Manufacture of Fabricated Metal Products, Except Machinery and Equipment",2-digit,191349,-
2008,2014-15,All India,Combined,No. of Workers employed Through Contractors,24,Manufacture of Basic Metals,2-digit,368428,-
2008,2014-15,All India,Combined,No. of Workers employed Through Contractors,2732,Manufacture of Other Electronic and Electric Wires and Cables,4-digit,18118,-
2008,2014-15,All India,Combined,No. of Workers employed Through Contractors,303,Manufacture of Air and Spacecraft and Related Machinery,3-digit,1766,-
2008,2014-15,All India,Combined,No. of Workers employed Through Contractors,2432,Casting of Non-ferrous Metals,4-digit,9508,-
2008,2014-15,All India,Combined,No. of Workers employed Through Contractors,2733,Manufacture of Wiring Devices,4-digit,10891,-
2008,2014-15,All India,Combined,No. of Workers employed Through Contractors,242,Manufacture of Basic Precious and Other Non-ferrous Metals,3-digit,34908,-
2008,2014-15,All India,Combined,No. of Workers employed Through Contractors,243,Casting of Metals,3-digit,79149,-
2008,2014-15,All India,Combined,No. of Workers employed Through Contractors,251,"Manufacture of Structural Metal Products, Tanks, Reservoirs and Steam Generators",3-digit,82425,-
2008,2014-15,All India,Combined,No. of Workers employed Through Contractors,3030,Manufacture of Air and Spacecraft and Related Machinery,4-digit,1766,-
2008,2014-15,All India,Combined,No. of Workers employed Through Contractors,2710,"Manufacture of Electric Motors, Generators, Transformers and Electricity Distribution and Control Apparatus",4-digit,49978,-
2008,2014-15,All India,Combined,No. of Workers employed Through Contractors,259,Manufacture of Other Fabricated Metal Products; Metalworking Service Activities,3-digit,108234,-
2008,2014-15,All India,Combined,No. of Employees Other Than Workers,273,Manufacture of Wiring and Wiring Devices,3-digit,19580,-
2008,2014-15,All India,Combined,No. of Employees Other Than Workers,2733,Manufacture of Wiring Devices,4-digit,4527,-
2008,2014-15,All India,Combined,No. of Employees Other Than Workers,2732,Manufacture of Other Electronic and Electric Wires and Cables,4-digit,12495,-
2008,2014-15,All India,Combined,No. of Employees Other Than Workers,2710,"Manufacture of Electric Motors, Generators, Transformers and Electricity Distribution and Control Apparatus",4-digit,61102,-
2008,2014-15,All India,Combined,No. of Employees Other Than Workers,2599,Manufacture of Other Fabricated Metal Products N.e.c.,4-digit,43919,-
2008,2014-15,All India,Combined,No. of Employees Other Than Workers,2511,Manufacture of Structural Metal Products,4-digit,33594,-
2008,2014-15,All India,Combined,No. of Employees Other Than Workers,2432,Casting of Non-ferrous Metals,4-digit,6440,-
2008,2014-15,All India,Combined,No. of Employees Other Than Workers,2420,Manufacture of Basic Precious and Other Non-ferrous Metals,4-digit,25895,-
2008,2014-15,All India,Combined,No. of Employees Other Than Workers,30,Manufacture of Other Transport Equipment,2-digit,64039,-
2008,2014-15,All India,Combined,No. of Employees Other Than Workers,27,Manufacture of Electrical Equipment,2-digit,126028,-
2008,2014-15,All India,Combined,No. of Employees Other Than Workers,25,"Manufacture of Fabricated Metal Products, Except Machinery and Equipment",2-digit,139936,-
2008,2014-15,All India,Combined,No. of Employees Other Than Workers,24,Manufacture of Basic Metals,2-digit,209354,-
2008,2014-15,All India,Combined,No. of Employees Other Than Workers,3030,Manufacture of Air and Spacecraft and Related Machinery,4-digit,4782,-
2008,2014-15,All India,Combined,No. of Employees Other Than Workers,242,Manufacture of Basic Precious and Other Non-ferrous Metals,3-digit,25895,-
2008,2014-15,All India,Combined,No. of Employees Other Than Workers,243,Casting of Metals,3-digit,48952,-
2008,2014-15,All India,Combined,No. of Employees Other Than Workers,251,"Manufacture of Structural Metal Products, Tanks, Reservoirs and Steam Generators",3-digit,55868,-
2008,2014-15,All India,Combined,No. of Employees Other Than Workers,259,Manufacture of Other Fabricated Metal Products; Metalworking Service Activities,3-digit,83354,-
2008,2014-15,All India,Combined,No. of Employees Other Than Workers,271,"Manufacture of Electric Motors, Generators, Transformers and Electricity Distribution and Control Apparatus",3-digit,61102,-
2008,2014-15,All India,Combined,No. of Employees Other Than Workers,303,Manufacture of Air and Spacecraft and Related Machinery,3-digit,4782,-
2008,2014-15,All India,Combined,No. of Employees Other Than Workers -Supervisory and Managerial,2732,Manufacture of Other Electronic and Electric Wires and Cables,4-digit,6274,-
2008,2014-15,All India,Combined,No. of Employees Other Than Workers -Supervisory and Managerial,242,Manufacture of Basic Precious and Other Non-ferrous Metals,3-digit,13062,-
2008,2014-15,All India,Combined,No. of Employees Other Than Workers -Supervisory and Managerial,243,Casting of Metals,3-digit,24131,-
2008,2014-15,All India,Combined,No. of Employees Other Than Workers -Supervisory and Managerial,251,"Manufacture of Structural Metal Products, Tanks, Reservoirs and Steam Generators",3-digit,25838,-
2008,2014-15,All India,Combined,No. of Employees Other Than Workers -Supervisory and Managerial,259,Manufacture of Other Fabricated Metal Products; Metalworking Service Activities,3-digit,37998,-
2008,2014-15,All India,Combined,No. of Employees Other Than Workers -Supervisory and Managerial,271,"Manufacture of Electric Motors, Generators, Transformers and Electricity Distribution and Control Apparatus",3-digit,33741,-
2008,2014-15,All India,Combined,No. of Employees Other Than Workers -Supervisory and Managerial,273,Manufacture of Wiring and Wiring Devices,3-digit,9733,-
2008,2014-15,All India,Combined,No. of Employees Other Than Workers -Supervisory and Managerial,2710,"Manufacture of Electric Motors, Generators, Transformers and Electricity Distribution and Control Apparatus",4-digit,33741,-
2008,2014-15,All India,Combined,No. of Employees Other Than Workers -Supervisory and Managerial,2432,Casting of Non-ferrous Metals,4-digit,2856,-
2008,2014-15,All India,Combined,No. of Employees Other Than Workers -Supervisory and Managerial,2420,Manufacture of Basic Precious and Other Non-ferrous Metals,4-digit,13062,-
2008,2014-15,All India,Combined,No. of Employees Other Than Workers -Supervisory and Managerial,2599,Manufacture of Other Fabricated Metal Products N.e.c.,4-digit,19666,-
2008,2014-15,All India,Combined,No. of Employees Other Than Workers -Supervisory and Managerial,2511,Manufacture of Structural Metal Products,4-digit,15628,-
2008,2014-15,All India,Combined,No. of Employees Other Than Workers -Supervisory and Managerial,30,Manufacture of Other Transport Equipment,2-digit,30223,-
2008,2014-15,All India,Combined,No. of Employees Other Than Workers -Supervisory and Managerial,27,Manufacture of Electrical Equipment,2-digit,65321,-
2008,2014-15,All India,Combined,No. of Employees Other Than Workers -Supervisory and Managerial,25,"Manufacture of Fabricated Metal Products, Except Machinery and Equipment",2-digit,64427,-
2008,2014-15,All India,Combined,No. of Employees Other Than Workers -Supervisory and Managerial,24,Manufacture of Basic Metals,2-digit,111475,-
2008,2014-15,All India,Combined,No. of Employees Other Than Workers -Supervisory and Managerial,3030,Manufacture of Air and Spacecraft and Related Machinery,4-digit,2524,-
2008,2014-15,All India,Combined,No. of Employees Other Than Workers -Supervisory and Managerial,2733,Manufacture of Wiring Devices,4-digit,2163,-
2008,2014-15,All India,Combined,No. of Employees Other Than Workers -Supervisory and Managerial,303,Manufacture of Air and Spacecraft and Related Machinery,3-digit,2524,-
2008,2014-15,All India,Combined,No. of Employees Other Than Workers -Other Employees,24,Manufacture of Basic Metals,2-digit,97879,-
2008,2014-15,All India,Combined,No. of Employees Other Than Workers -Other Employees,303,Manufacture of Air and Spacecraft and Related Machinery,3-digit,2258,-
2008,2014-15,All India,Combined,No. of Employees Other Than Workers -Other Employees,2420,Manufacture of Basic Precious and Other Non-ferrous Metals,4-digit,12833,-
2008,2014-15,All India,Combined,No. of Employees Other Than Workers -Other Employees,2432,Casting of Non-ferrous Metals,4-digit,3584,-
2008,2014-15,All India,Combined,No. of Employees Other Than Workers -Other Employees,2511,Manufacture of Structural Metal Products,4-digit,17966,-
2008,2014-15,All India,Combined,No. of Employees Other Than Workers -Other Employees,2599,Manufacture of Other Fabricated Metal Products N.e.c.,4-digit,24253,-
2008,2014-15,All India,Combined,No. of Employees Other Than Workers -Other Employees,2710,"Manufacture of Electric Motors, Generators, Transformers and Electricity Distribution and Control Apparatus",4-digit,27361,-
2008,2014-15,All India,Combined,No. of Employees Other Than Workers -Other Employees,2732,Manufacture of Other Electronic and Electric Wires and Cables,4-digit,6221,-
2008,2014-15,All India,Combined,No. of Employees Other Than Workers -Other Employees,2733,Manufacture of Wiring Devices,4-digit,2364,-
2008,2014-15,All India,Combined,No. of Employees Other Than Workers -Other Employees,271,"Manufacture of Electric Motors, Generators, Transformers and Electricity Distribution and Control Apparatus",3-digit,27361,-
2008,2014-15,All India,Combined,No. of Employees Other Than Workers -Other Employees,273,Manufacture of Wiring and Wiring Devices,3-digit,9847,-
2008,2014-15,All India,Combined,No. of Employees Other Than Workers -Other Employees,27,Manufacture of Electrical Equipment,2-digit,60707,-
2008,2014-15,All India,Combined,No. of Employees Other Than Workers -Other Employees,30,Manufacture of Other Transport Equipment,2-digit,33816,-
2008,2014-15,All India,Combined,No. of Employees Other Than Workers -Other Employees,3030,Manufacture of Air and Spacecraft and Related Machinery,4-digit,2258,-
2008,2014-15,All India,Combined,No. of Employees Other Than Workers -Other Employees,259,Manufacture of Other Fabricated Metal Products; Metalworking Service Activities,3-digit,45356,-
2008,2014-15,All India,Combined,No. of Employees Other Than Workers -Other Employees,251,"Manufacture of Structural Metal Products, Tanks, Reservoirs and Steam Generators",3-digit,30030,-
2008,2014-15,All India,Combined,No. of Employees Other Than Workers -Other Employees,243,Casting of Metals,3-digit,24821,-
2008,2014-15,All India,Combined,No. of Employees Other Than Workers -Other Employees,242,Manufacture of Basic Precious and Other Non-ferrous Metals,3-digit,12833,-
2008,2014-15,All India,Combined,No. of Employees Other Than Workers -Other Employees,25,"Manufacture of Fabricated Metal Products, Except Machinery and Equipment",2-digit,75509,-
2008,2014-15,All India,Combined,Unpaid family members-proprietor etc,24,Manufacture of Basic Metals,2-digit,2690,-
2008,2014-15,All India,Combined,Unpaid family members-proprietor etc,27,Manufacture of Electrical Equipment,2-digit,2015,-
2008,2014-15,All India,Combined,Unpaid family members-proprietor etc,30,Manufacture of Other Transport Equipment,2-digit,809,-
2008,2014-15,All India,Combined,Unpaid family members-proprietor etc,2733,Manufacture of Wiring Devices,4-digit,73,-
2008,2014-15,All India,Combined,Unpaid family members-proprietor etc,2732,Manufacture of Other Electronic and Electric Wires and Cables,4-digit,197,-
2008,2014-15,All India,Combined,Unpaid family members-proprietor etc,303,Manufacture of Air and Spacecraft and Related Machinery,3-digit,0,-
2008,2014-15,All India,Combined,Unpaid family members-proprietor etc,273,Manufacture of Wiring and Wiring Devices,3-digit,276,-
2008,2014-15,All India,Combined,Unpaid family members-proprietor etc,271,"Manufacture of Electric Motors, Generators, Transformers and Electricity Distribution and Control Apparatus",3-digit,473,-
2008,2014-15,All India,Combined,Unpaid family members-proprietor etc,259,Manufacture of Other Fabricated Metal Products; Metalworking Service Activities,3-digit,4138,-
2008,2014-15,All India,Combined,Unpaid family members-proprietor etc,251,"Manufacture of Structural Metal Products, Tanks, Reservoirs and Steam Generators",3-digit,1329,-
2008,2014-15,All India,Combined,Unpaid family members-proprietor etc,243,Casting of Metals,3-digit,1253,-
2008,2014-15,All India,Combined,Unpaid family members-proprietor etc,242,Manufacture of Basic Precious and Other Non-ferrous Metals,3-digit,405,-
2008,2014-15,All India,Combined,Unpaid family members-proprietor etc,2710,"Manufacture of Electric Motors, Generators, Transformers and Electricity Distribution and Control Apparatus",4-digit,473,-
2008,2014-15,All India,Combined,Unpaid family members-proprietor etc,2599,Manufacture of Other Fabricated Metal Products N.e.c.,4-digit,2751,-
2008,2014-15,All India,Combined,Unpaid family members-proprietor etc,2511,Manufacture of Structural Metal Products,4-digit,932,-
2008,2014-15,All India,Combined,Unpaid family members-proprietor etc,2432,Casting of Non-ferrous Metals,4-digit,189,-
2008,2014-15,All India,Combined,Unpaid family members-proprietor etc,2420,Manufacture of Basic Precious and Other Non-ferrous Metals,4-digit,405,-
2008,2014-15,All India,Combined,Unpaid family members-proprietor etc,3030,Manufacture of Air and Spacecraft and Related Machinery,4-digit,0,-
2008,2014-15,All India,Combined,Unpaid family members-proprietor etc,25,"Manufacture of Fabricated Metal Products, Except Machinery and Equipment",2-digit,5520,-
2008,2014-15,All India,Combined,Wages and Salaries,27,Manufacture of Electrical Equipment,2-digit,1331143,₹ lakhs
2008,2014-15,All India,Combined,Wages and Salaries,25,"Manufacture of Fabricated Metal Products, Except Machinery and Equipment",2-digit,1280976,₹ lakhs
2008,2014-15,All India,Combined,Wages and Salaries,3030,Manufacture of Air and Spacecraft and Related Machinery,4-digit,49667,₹ lakhs
2008,2014-15,All India,Combined,Wages and Salaries,2733,Manufacture of Wiring Devices,4-digit,50357,₹ lakhs
2008,2014-15,All India,Combined,Wages and Salaries,2732,Manufacture of Other Electronic and Electric Wires and Cables,4-digit,115512,₹ lakhs
2008,2014-15,All India,Combined,Wages and Salaries,2710,"Manufacture of Electric Motors, Generators, Transformers and Electricity Distribution and Control Apparatus",4-digit,668406,₹ lakhs
2008,2014-15,All India,Combined,Wages and Salaries,2599,Manufacture of Other Fabricated Metal Products N.e.c.,4-digit,385631,₹ lakhs
2008,2014-15,All India,Combined,Wages and Salaries,24,Manufacture of Basic Metals,2-digit,2919536,₹ lakhs
2008,2014-15,All India,Combined,Wages and Salaries,242,Manufacture of Basic Precious and Other Non-ferrous Metals,3-digit,379692,₹ lakhs
2008,2014-15,All India,Combined,Wages and Salaries,243,Casting of Metals,3-digit,434608,₹ lakhs
2008,2014-15,All India,Combined,Wages and Salaries,251,"Manufacture of Structural Metal Products, Tanks, Reservoirs and Steam Generators",3-digit,543740,₹ lakhs
2008,2014-15,All India,Combined,Wages and Salaries,259,Manufacture of Other Fabricated Metal Products; Metalworking Service Activities,3-digit,730939,₹ lakhs
2008,2014-15,All India,Combined,Wages and Salaries,2420,Manufacture of Basic Precious and Other Non-ferrous Metals,4-digit,379692,₹ lakhs
2008,2014-15,All India,Combined,Wages and Salaries,2432,Casting of Non-ferrous Metals,4-digit,54923,₹ lakhs
2008,2014-15,All India,Combined,Wages and Salaries,2511,Manufacture of Structural Metal Products,4-digit,288239,₹ lakhs
2008,2014-15,All India,Combined,Wages and Salaries,303,Manufacture of Air and Spacecraft and Related Machinery,3-digit,49667,₹ lakhs
2008,2014-15,All India,Combined,Wages and Salaries,273,Manufacture of Wiring and Wiring Devices,3-digit,196579,₹ lakhs
2008,2014-15,All India,Combined,Wages and Salaries,271,"Manufacture of Electric Motors, Generators, Transformers and Electricity Distribution and Control Apparatus",3-digit,668406,₹ lakhs
2008,2014-15,All India,Combined,Wages and Salaries,30,Manufacture of Other Transport Equipment,2-digit,792613,₹ lakhs
2008,2013-14,All India,Combined,Total Output,27,Manufacture of Electrical Equipment,2-digit,22739739,₹ lakhs
2008,2013-14,All India,Combined,Total Output,2732,Manufacture of Other Electronic and Electric Wires and Cables,4-digit,4371221,₹ lakhs
2008,2013-14,All India,Combined,Total Output,242,Manufacture of Basic Precious and Other Non-ferrous Metals,3-digit,13915861,₹ lakhs
2008,2013-14,All India,Combined,Total Output,243,Casting of Metals,3-digit,7701324,₹ lakhs
2008,2013-14,All India,Combined,Total Output,251,"Manufacture of Structural Metal Products, Tanks, Reservoirs and Steam Generators",3-digit,7234469,₹ lakhs
2008,2013-14,All India,Combined,Total Output,259,Manufacture of Other Fabricated Metal Products; Metalworking Service Activities,3-digit,9948837,₹ lakhs
2008,2013-14,All India,Combined,Total Output,271,"Manufacture of Electric Motors, Generators, Transformers and Electricity Distribution and Control Apparatus",3-digit,8263460,₹ lakhs
2008,2013-14,All India,Combined,Total Output,273,Manufacture of Wiring and Wiring Devices,3-digit,5689626,₹ lakhs
2008,2013-14,All India,Combined,Total Output,303,Manufacture of Air and Spacecraft and Related Machinery,3-digit,265158,₹ lakhs
2008,2013-14,All India,Combined,Total Output,2710,"Manufacture of Electric Motors, Generators, Transformers and Electricity Distribution and Control Apparatus",4-digit,8263460,₹ lakhs
2008,2013-14,All India,Combined,Total Output,2733,Manufacture of Wiring Devices,4-digit,654440,₹ lakhs
2008,2013-14,All India,Combined,Total Output,3030,Manufacture of Air and Spacecraft and Related Machinery,4-digit,265158,₹ lakhs
2008,2013-14,All India,Combined,Total Output,2420,Manufacture of Basic Precious and Other Non-ferrous Metals,4-digit,13915861,₹ lakhs
2008,2013-14,All India,Combined,Total Output,2432,Casting of Non-ferrous Metals,4-digit,902262,₹ lakhs
2008,2013-14,All India,Combined,Total Output,2511,Manufacture of Structural Metal Products,4-digit,4628032,₹ lakhs
2008,2013-14,All India,Combined,Total Output,2599,Manufacture of Other Fabricated Metal Products N.e.c.,4-digit,5734194,₹ lakhs
2008,2013-14,All India,Combined,Total Output,24,Manufacture of Basic Metals,2-digit,85798335,₹ lakhs
2008,2013-14,All India,Combined,Total Output,25,"Manufacture of Fabricated Metal Products, Except Machinery and Equipment",2-digit,17239815,₹ lakhs
2008,2013-14,All India,Combined,Total Output,30,Manufacture of Other Transport Equipment,2-digit,13645400,₹ lakhs
2008,2013-14,All India,Combined,Total Inputs,273,Manufacture of Wiring and Wiring Devices,3-digit,5030420,₹ lakhs
2008,2013-14,All India,Combined,Total Inputs,2511,Manufacture of Structural Metal Products,4-digit,3810530,₹ lakhs
2008,2013-14,All India,Combined,Total Inputs,24,Manufacture of Basic Metals,2-digit,71691967,₹ lakhs
2008,2013-14,All India,Combined,Total Inputs,251,"Manufacture of Structural Metal Products, Tanks, Reservoirs and Steam Generators",3-digit,5755595,₹ lakhs
2008,2013-14,All India,Combined,Total Inputs,259,Manufacture of Other Fabricated Metal Products; Metalworking Service Activities,3-digit,7981700,₹ lakhs
2008,2013-14,All India,Combined,Total Inputs,2420,Manufacture of Basic Precious and Other Non-ferrous Metals,4-digit,11860667,₹ lakhs
2008,2013-14,All India,Combined,Total Inputs,2432,Casting of Non-ferrous Metals,4-digit,780675,₹ lakhs
2008,2013-14,All India,Combined,Total Inputs,3030,Manufacture of Air and Spacecraft and Related Machinery,4-digit,167974,₹ lakhs
2008,2013-14,All India,Combined,Total Inputs,25,"Manufacture of Fabricated Metal Products, Except Machinery and Equipment",2-digit,13768573,₹ lakhs
2008,2013-14,All India,Combined,Total Inputs,242,Manufacture of Basic Precious and Other Non-ferrous Metals,3-digit,11860667,₹ lakhs
2008,2013-14,All India,Combined,Total Inputs,243,Casting of Metals,3-digit,6564249,₹ lakhs
2008,2013-14,All India,Combined,Total Inputs,2599,Manufacture of Other Fabricated Metal Products N.e.c.,4-digit,4653282,₹ lakhs
2008,2013-14,All India,Combined,Total Inputs,271,"Manufacture of Electric Motors, Generators, Transformers and Electricity Distribution and Control Apparatus",3-digit,6440944,₹ lakhs
2008,2013-14,All India,Combined,Total Inputs,303,Manufacture of Air and Spacecraft and Related Machinery,3-digit,167974,₹ lakhs
2008,2013-14,All India,Combined,Total Inputs,27,Manufacture of Electrical Equipment,2-digit,18722721,₹ lakhs
2008,2013-14,All India,Combined,Total Inputs,2733,Manufacture of Wiring Devices,4-digit,477089,₹ lakhs
2008,2013-14,All India,Combined,Total Inputs,2732,Manufacture of Other Electronic and Electric Wires and Cables,4-digit,3982336,₹ lakhs
2008,2013-14,All India,Combined,Total Inputs,2710,"Manufacture of Electric Motors, Generators, Transformers and Electricity Distribution and Control Apparatus",4-digit,6440944,₹ lakhs
2008,2013-14,All India,Combined,Total Inputs,30,Manufacture of Other Transport Equipment,2-digit,11109149,₹ lakhs
2008,2013-14,All India,Combined,Gross Value Added,2420,Manufacture of Basic Precious and Other Non-ferrous Metals,4-digit,2055194,₹ lakhs
2008,2013-14,All India,Combined,Gross Value Added,24,Manufacture of Basic Metals,2-digit,14106368,₹ lakhs
2008,2013-14,All India,Combined,Gross Value Added,25,"Manufacture of Fabricated Metal Products, Except Machinery and Equipment",2-digit,3471242,₹ lakhs
2008,2013-14,All India,Combined,Gross Value Added,27,Manufacture of Electrical Equipment,2-digit,4017018,₹ lakhs
2008,2013-14,All India,Combined,Gross Value Added,242,Manufacture of Basic Precious and Other Non-ferrous Metals,3-digit,2055194,₹ lakhs
2008,2013-14,All India,Combined,Gross Value Added,243,Casting of Metals,3-digit,1137075,₹ lakhs
2008,2013-14,All India,Combined,Gross Value Added,251,"Manufacture of Structural Metal Products, Tanks, Reservoirs and Steam Generators",3-digit,1478874,₹ lakhs
2008,2013-14,All India,Combined,Gross Value Added,259,Manufacture of Other Fabricated Metal Products; Metalworking Service Activities,3-digit,1967137,₹ lakhs
2008,2013-14,All India,Combined,Gross Value Added,271,"Manufacture of Electric Motors, Generators, Transformers and Electricity Distribution and Control Apparatus",3-digit,1822516,₹ lakhs
2008,2013-14,All India,Combined,Gross Value Added,273,Manufacture of Wiring and Wiring Devices,3-digit,659206,₹ lakhs
2008,2013-14,All India,Combined,Gross Value Added,3030,Manufacture of Air and Spacecraft and Related Machinery,4-digit,97184,₹ lakhs
2008,2013-14,All India,Combined,Gross Value Added,303,Manufacture of Air and Spacecraft and Related Machinery,3-digit,97184,₹ lakhs
2008,2013-14,All India,Combined,Gross Value Added,30,Manufacture of Other Transport Equipment,2-digit,2536251,₹ lakhs
2008,2013-14,All India,Combined,Gross Value Added,2733,Manufacture of Wiring Devices,4-digit,177351,₹ lakhs
2008,2013-14,All India,Combined,Gross Value Added,2732,Manufacture of Other Electronic and Electric Wires and Cables,4-digit,388885,₹ lakhs
2008,2013-14,All India,Combined,Gross Value Added,2710,"Manufacture of Electric Motors, Generators, Transformers and Electricity Distribution and Control Apparatus",4-digit,1822516,₹ lakhs
2008,2013-14,All India,Combined,Gross Value Added,2599,Manufacture of Other Fabricated Metal Products N.e.c.,4-digit,1080912,₹ lakhs
2008,2013-14,All India,Combined,Gross Value Added,2511,Manufacture of Structural Metal Products,4-digit,817502,₹ lakhs
2008,2013-14,All India,Combined,Gross Value Added,2432,Casting of Non-ferrous Metals,4-digit,121587,₹ lakhs
2008,2013-14,All India,Combined,Net Value Added,30,Manufacture of Other Transport Equipment,2-digit,2251720,₹ lakhs
2008,2013-14,All India,Combined,Net Value Added,3030,Manufacture of Air and Spacecraft and Related Machinery,4-digit,83876,₹ lakhs
2008,2013-14,All India,Combined,Net Value Added,24,Manufacture of Basic Metals,2-digit,11618447,₹ lakhs
2008,2013-14,All India,Combined,Net Value Added,25,"Manufacture of Fabricated Metal Products, Except Machinery and Equipment",2-digit,2987951,₹ lakhs
2008,2013-14,All India,Combined,Net Value Added,27,Manufacture of Electrical Equipment,2-digit,3551285,₹ lakhs
2008,2013-14,All India,Combined,Net Value Added,242,Manufacture of Basic Precious and Other Non-ferrous Metals,3-digit,1738408,₹ lakhs
2008,2013-14,All India,Combined,Net Value Added,243,Casting of Metals,3-digit,888171,₹ lakhs
2008,2013-14,All India,Combined,Net Value Added,251,"Manufacture of Structural Metal Products, Tanks, Reservoirs and Steam Generators",3-digit,1302292,₹ lakhs
2008,2013-14,All India,Combined,Net Value Added,259,Manufacture of Other Fabricated Metal Products; Metalworking Service Activities,3-digit,1661653,₹ lakhs
2008,2013-14,All India,Combined,Net Value Added,2733,Manufacture of Wiring Devices,4-digit,162536,₹ lakhs
2008,2013-14,All India,Combined,Net Value Added,2732,Manufacture of Other Electronic and Electric Wires and Cables,4-digit,331641,₹ lakhs
2008,2013-14,All India,Combined,Net Value Added,2710,"Manufacture of Electric Motors, Generators, Transformers and Electricity Distribution and Control Apparatus",4-digit,1657994,₹ lakhs
2008,2013-14,All India,Combined,Net Value Added,2599,Manufacture of Other Fabricated Metal Products N.e.c.,4-digit,953848,₹ lakhs
2008,2013-14,All India,Combined,Net Value Added,2511,Manufacture of Structural Metal Products,4-digit,697350,₹ lakhs
2008,2013-14,All India,Combined,Net Value Added,2432,Casting of Non-ferrous Metals,4-digit,77923,₹ lakhs
2008,2013-14,All India,Combined,Net Value Added,2420,Manufacture of Basic Precious and Other Non-ferrous Metals,4-digit,1738408,₹ lakhs
2008,2013-14,All India,Combined,Net Value Added,303,Manufacture of Air and Spacecraft and Related Machinery,3-digit,83876,₹ lakhs
2008,2013-14,All India,Combined,Net Value Added,273,Manufacture of Wiring and Wiring Devices,3-digit,565960,₹ lakhs
2008,2013-14,All India,Combined,Net Value Added,271,"Manufacture of Electric Motors, Generators, Transformers and Electricity Distribution and Control Apparatus",3-digit,1657994,₹ lakhs
2008,2013-14,All India,Combined,Net Income,2733,Manufacture of Wiring Devices,4-digit,145472,₹ lakhs
2008,2013-14,All India,Combined,Net Income,2732,Manufacture of Other Electronic and Electric Wires and Cables,4-digit,221481,₹ lakhs
2008,2013-14,All India,Combined,Net Income,2710,"Manufacture of Electric Motors, Generators, Transformers and Electricity Distribution and Control Apparatus",4-digit,1436410,₹ lakhs
2008,2013-14,All India,Combined,Net Income,2599,Manufacture of Other Fabricated Metal Products N.e.c.,4-digit,828664,₹ lakhs
2008,2013-14,All India,Combined,Net Income,2511,Manufacture of Structural Metal Products,4-digit,556706,₹ lakhs
2008,2013-14,All India,Combined,Net Income,2432,Casting of Non-ferrous Metals,4-digit,56399,₹ lakhs
2008,2013-14,All India,Combined,Net Income,2420,Manufacture of Basic Precious and Other Non-ferrous Metals,4-digit,1466959,₹ lakhs
2008,2013-14,All India,Combined,Net Income,3030,Manufacture of Air and Spacecraft and Related Machinery,4-digit,76200,₹ lakhs
2008,2013-14,All India,Combined,Net Income,259,Manufacture of Other Fabricated Metal Products; Metalworking Service Activities,3-digit,1401256,₹ lakhs
2008,2013-14,All India,Combined,Net Income,271,"Manufacture of Electric Motors, Generators, Transformers and Electricity Distribution and Control Apparatus",3-digit,1436410,₹ lakhs
2008,2013-14,All India,Combined,Net Income,273,Manufacture of Wiring and Wiring Devices,3-digit,340017,₹ lakhs
2008,2013-14,All India,Combined,Net Income,303,Manufacture of Air and Spacecraft and Related Machinery,3-digit,76200,₹ lakhs
2008,2013-14,All India,Combined,Net Income,24,Manufacture of Basic Metals,2-digit,8860508,₹ lakhs
2008,2013-14,All India,Combined,Net Income,30,Manufacture of Other Transport Equipment,2-digit,2032498,₹ lakhs
2008,2013-14,All India,Combined,Net Income,25,"Manufacture of Fabricated Metal Products, Except Machinery and Equipment",2-digit,2551008,₹ lakhs
2008,2013-14,All India,Combined,Net Income,242,Manufacture of Basic Precious and Other Non-ferrous Metals,3-digit,1466959,₹ lakhs
2008,2013-14,All India,Combined,Net Income,243,Casting of Metals,3-digit,660540,₹ lakhs
2008,2013-14,All India,Combined,Net Income,251,"Manufacture of Structural Metal Products, Tanks, Reservoirs and Steam Generators",3-digit,1126232,₹ lakhs
2008,2013-14,All India,Combined,Net Income,27,Manufacture of Electrical Equipment,2-digit,2909909,₹ lakhs
2008,2013-14,All India,Combined,Net Profit,2420,Manufacture of Basic Precious and Other Non-ferrous Metals,4-digit,1026991,₹ lakhs
2008,2013-14,All India,Combined,Net Profit,2733,Manufacture of Wiring Devices,4-digit,91895,₹ lakhs
2008,2013-14,All India,Combined,Net Profit,2732,Manufacture of Other Electronic and Electric Wires and Cables,4-digit,103270,₹ lakhs
2008,2013-14,All India,Combined,Net Profit,2710,"Manufacture of Electric Motors, Generators, Transformers and Electricity Distribution and Control Apparatus",4-digit,661861,₹ lakhs
2008,2013-14,All India,Combined,Net Profit,2599,Manufacture of Other Fabricated Metal Products N.e.c.,4-digit,366032,₹ lakhs
2008,2013-14,All India,Combined,Net Profit,2511,Manufacture of Structural Metal Products,4-digit,245281,₹ lakhs
2008,2013-14,All India,Combined,Net Profit,2432,Casting of Non-ferrous Metals,4-digit,-4752,₹ lakhs
2008,2013-14,All India,Combined,Net Profit,242,Manufacture of Basic Precious and Other Non-ferrous Metals,3-digit,1026991,₹ lakhs
2008,2013-14,All India,Combined,Net Profit,243,Casting of Metals,3-digit,213125,₹ lakhs
2008,2013-14,All India,Combined,Net Profit,251,"Manufacture of Structural Metal Products, Tanks, Reservoirs and Steam Generators",3-digit,522616,₹ lakhs
2008,2013-14,All India,Combined,Net Profit,259,Manufacture of Other Fabricated Metal Products; Metalworking Service Activities,3-digit,533624,₹ lakhs
2008,2013-14,All India,Combined,Net Profit,303,Manufacture of Air and Spacecraft and Related Machinery,3-digit,24482,₹ lakhs
2008,2013-14,All India,Combined,Net Profit,273,Manufacture of Wiring and Wiring Devices,3-digit,134225,₹ lakhs
2008,2013-14,All India,Combined,Net Profit,271,"Manufacture of Electric Motors, Generators, Transformers and Electricity Distribution and Control Apparatus",3-digit,661861,₹ lakhs
2008,2013-14,All India,Combined,Net Profit,30,Manufacture of Other Transport Equipment,2-digit,1230844,₹ lakhs
2008,2013-14,All India,Combined,Net Profit,27,Manufacture of Electrical Equipment,2-digit,1309558,₹ lakhs
2008,2013-14,All India,Combined,Net Profit,3030,Manufacture of Air and Spacecraft and Related Machinery,4-digit,24482,₹ lakhs
2008,2013-14,All India,Combined,Net Profit,25,"Manufacture of Fabricated Metal Products, Except Machinery and Equipment",2-digit,1074196,₹ lakhs
2008,2013-14,All India,Combined,Net Profit,24,Manufacture of Basic Metals,2-digit,5603685,₹ lakhs
2008,2013-14,All India,Combined,Total Number of Persons Engaged,27,Manufacture of Electrical Equipment,2-digit,513943,-
2008,2013-14,All India,Combined,Total Number of Persons Engaged,242,Manufacture of Basic Precious and Other Non-ferrous Metals,3-digit,107454,-
2008,2013-14,All India,Combined,Total Number of Persons Engaged,271,"Manufacture of Electric Motors, Generators, Transformers and Electricity Distribution and Control Apparatus",3-digit,198774,-
2008,2013-14,All India,Combined,Total Number of Persons Engaged,259,Manufacture of Other Fabricated Metal Products; Metalworking Service Activities,3-digit,446576,-
2008,2013-14,All India,Combined,Total Number of Persons Engaged,2732,Manufacture of Other Electronic and Electric Wires and Cables,4-digit,51982,-
2008,2013-14,All India,Combined,Total Number of Persons Engaged,2733,Manufacture of Wiring Devices,4-digit,32821,-
2008,2013-14,All India,Combined,Total Number of Persons Engaged,30,Manufacture of Other Transport Equipment,2-digit,283498,-
2008,2013-14,All India,Combined,Total Number of Persons Engaged,273,Manufacture of Wiring and Wiring Devices,3-digit,95439,-
2008,2013-14,All India,Combined,Total Number of Persons Engaged,303,Manufacture of Air and Spacecraft and Related Machinery,3-digit,10864,-
2008,2013-14,All India,Combined,Total Number of Persons Engaged,2420,Manufacture of Basic Precious and Other Non-ferrous Metals,4-digit,107454,-
2008,2013-14,All India,Combined,Total Number of Persons Engaged,2432,Casting of Non-ferrous Metals,4-digit,31314,-
2008,2013-14,All India,Combined,Total Number of Persons Engaged,2511,Manufacture of Structural Metal Products,4-digit,151244,-
2008,2013-14,All India,Combined,Total Number of Persons Engaged,2599,Manufacture of Other Fabricated Metal Products N.e.c.,4-digit,252069,-
2008,2013-14,All India,Combined,Total Number of Persons Engaged,2710,"Manufacture of Electric Motors, Generators, Transformers and Electricity Distribution and Control Apparatus",4-digit,198774,-
2008,2013-14,All India,Combined,Total Number of Persons Engaged,3030,Manufacture of Air and Spacecraft and Related Machinery,4-digit,10864,-
2008,2013-14,All India,Combined,Total Number of Persons Engaged,243,Casting of Metals,3-digit,218062,-
2008,2013-14,All India,Combined,Total Number of Persons Engaged,251,"Manufacture of Structural Metal Products, Tanks, Reservoirs and Steam Generators",3-digit,230178,-
2008,2013-14,All India,Combined,Total Number of Persons Engaged,24,Manufacture of Basic Metals,2-digit,976196,-
2008,2013-14,All India,Combined,Total Number of Persons Engaged,25,"Manufacture of Fabricated Metal Products, Except Machinery and Equipment",2-digit,678906,-
2008,2013-14,All India,Combined,Total Number of Workers,303,Manufacture of Air and Spacecraft and Related Machinery,3-digit,7335,-
2008,2013-14,All India,Combined,Total Number of Workers,2732,Manufacture of Other Electronic and Electric Wires and Cables,4-digit,39134,-
2008,2013-14,All India,Combined,Total Number of Workers,2733,Manufacture of Wiring Devices,4-digit,26604,-
2008,2013-14,All India,Combined,Total Number of Workers,3030,Manufacture of Air and Spacecraft and Related Machinery,4-digit,7335,-
2008,2013-14,All India,Combined,Total Number of Workers,243,Casting of Metals,3-digit,166275,-
2008,2013-14,All India,Combined,Total Number of Workers,2432,Casting of Non-ferrous Metals,4-digit,23511,-
2008,2013-14,All India,Combined,Total Number of Workers,2511,Manufacture of Structural Metal Products,4-digit,117749,-
2008,2013-14,All India,Combined,Total Number of Workers,2599,Manufacture of Other Fabricated Metal Products N.e.c.,4-digit,201234,-
2008,2013-14,All India,Combined,Total Number of Workers,30,Manufacture of Other Transport Equipment,2-digit,223641,-
2008,2013-14,All India,Combined,Total Number of Workers,242,Manufacture of Basic Precious and Other Non-ferrous Metals,3-digit,82764,-
2008,2013-14,All India,Combined,Total Number of Workers,2420,Manufacture of Basic Precious and Other Non-ferrous Metals,4-digit,82764,-
2008,2013-14,All India,Combined,Total Number of Workers,24,Manufacture of Basic Metals,2-digit,748923,-
2008,2013-14,All India,Combined,Total Number of Workers,25,"Manufacture of Fabricated Metal Products, Except Machinery and Equipment",2-digit,523947,-
2008,2013-14,All India,Combined,Total Number of Workers,27,Manufacture of Electrical Equipment,2-digit,370071,-
2008,2013-14,All India,Combined,Total Number of Workers,251,"Manufacture of Structural Metal Products, Tanks, Reservoirs and Steam Generators",3-digit,172830,-
2008,2013-14,All India,Combined,Total Number of Workers,259,Manufacture of Other Fabricated Metal Products; Metalworking Service Activities,3-digit,349691,-
2008,2013-14,All India,Combined,Total Number of Workers,271,"Manufacture of Electric Motors, Generators, Transformers and Electricity Distribution and Control Apparatus",3-digit,132980,-
2008,2013-14,All India,Combined,Total Number of Workers,273,Manufacture of Wiring and Wiring Devices,3-digit,73573,-
2008,2013-14,All India,Combined,Total Number of Workers,2710,"Manufacture of Electric Motors, Generators, Transformers and Electricity Distribution and Control Apparatus",4-digit,132980,-
2008,2013-14,All India,Combined,No. of Directly Employed  Workers,273,Manufacture of Wiring and Wiring Devices,3-digit,36696,-
2008,2013-14,All India,Combined,No. of Directly Employed  Workers,3030,Manufacture of Air and Spacecraft and Related Machinery,4-digit,5197,-
2008,2013-14,All India,Combined,No. of Directly Employed  Workers,2710,"Manufacture of Electric Motors, Generators, Transformers and Electricity Distribution and Control Apparatus",4-digit,84702,-
2008,2013-14,All India,Combined,No. of Directly Employed  Workers,2599,Manufacture of Other Fabricated Metal Products N.e.c.,4-digit,111302,-
2008,2013-14,All India,Combined,No. of Directly Employed  Workers,2732,Manufacture of Other Electronic and Electric Wires and Cables,4-digit,20186,-
2008,2013-14,All India,Combined,No. of Directly Employed  Workers,2733,Manufacture of Wiring Devices,4-digit,12123,-
2008,2013-14,All India,Combined,No. of Directly Employed  Workers,303,Manufacture of Air and Spacecraft and Related Machinery,3-digit,5197,-
2008,2013-14,All India,Combined,No. of Directly Employed  Workers,271,"Manufacture of Electric Motors, Generators, Transformers and Electricity Distribution and Control Apparatus",3-digit,84702,-
2008,2013-14,All India,Combined,No. of Directly Employed  Workers,259,Manufacture of Other Fabricated Metal Products; Metalworking Service Activities,3-digit,210355,-
2008,2013-14,All India,Combined,No. of Directly Employed  Workers,251,"Manufacture of Structural Metal Products, Tanks, Reservoirs and Steam Generators",3-digit,90557,-
2008,2013-14,All India,Combined,No. of Directly Employed  Workers,243,Casting of Metals,3-digit,98346,-
2008,2013-14,All India,Combined,No. of Directly Employed  Workers,242,Manufacture of Basic Precious and Other Non-ferrous Metals,3-digit,39652,-
2008,2013-14,All India,Combined,No. of Directly Employed  Workers,30,Manufacture of Other Transport Equipment,2-digit,115233,-
2008,2013-14,All India,Combined,No. of Directly Employed  Workers,27,Manufacture of Electrical Equipment,2-digit,219418,-
2008,2013-14,All India,Combined,No. of Directly Employed  Workers,25,"Manufacture of Fabricated Metal Products, Except Machinery and Equipment",2-digit,302043,-
2008,2013-14,All India,Combined,No. of Directly Employed  Workers,24,Manufacture of Basic Metals,2-digit,409285,-
2008,2013-14,All India,Combined,No. of Directly Employed  Workers,2511,Manufacture of Structural Metal Products,4-digit,60283,-
2008,2013-14,All India,Combined,No. of Directly Employed  Workers,2432,Casting of Non-ferrous Metals,4-digit,12896,-
2008,2013-14,All India,Combined,No. of Directly Employed  Workers,2420,Manufacture of Basic Precious and Other Non-ferrous Metals,4-digit,39652,-
2008,2013-14,All India,Combined,No. of Workers employed Through Contractors,2599,Manufacture of Other Fabricated Metal Products N.e.c.,4-digit,89932,-
2008,2013-14,All India,Combined,No. of Workers employed Through Contractors,303,Manufacture of Air and Spacecraft and Related Machinery,3-digit,2138,-
2008,2013-14,All India,Combined,No. of Workers employed Through Contractors,24,Manufacture of Basic Metals,2-digit,339638,-
2008,2013-14,All India,Combined,No. of Workers employed Through Contractors,25,"Manufacture of Fabricated Metal Products, Except Machinery and Equipment",2-digit,221904,-
2008,2013-14,All India,Combined,No. of Workers employed Through Contractors,27,Manufacture of Electrical Equipment,2-digit,150653,-
2008,2013-14,All India,Combined,No. of Workers employed Through Contractors,30,Manufacture of Other Transport Equipment,2-digit,108408,-
2008,2013-14,All India,Combined,No. of Workers employed Through Contractors,242,Manufacture of Basic Precious and Other Non-ferrous Metals,3-digit,43112,-
2008,2013-14,All India,Combined,No. of Workers employed Through Contractors,243,Casting of Metals,3-digit,67928,-
2008,2013-14,All India,Combined,No. of Workers employed Through Contractors,251,"Manufacture of Structural Metal Products, Tanks, Reservoirs and Steam Generators",3-digit,82272,-
2008,2013-14,All India,Combined,No. of Workers employed Through Contractors,2420,Manufacture of Basic Precious and Other Non-ferrous Metals,4-digit,43112,-
2008,2013-14,All India,Combined,No. of Workers employed Through Contractors,2432,Casting of Non-ferrous Metals,4-digit,10615,-
2008,2013-14,All India,Combined,No. of Workers employed Through Contractors,259,Manufacture of Other Fabricated Metal Products; Metalworking Service Activities,3-digit,139337,-
2008,2013-14,All India,Combined,No. of Workers employed Through Contractors,271,"Manufacture of Electric Motors, Generators, Transformers and Electricity Distribution and Control Apparatus",3-digit,48278,-
2008,2013-14,All India,Combined,No. of Workers employed Through Contractors,273,Manufacture of Wiring and Wiring Devices,3-digit,36876,-
2008,2013-14,All India,Combined,No. of Workers employed Through Contractors,2710,"Manufacture of Electric Motors, Generators, Transformers and Electricity Distribution and Control Apparatus",4-digit,48278,-
2008,2013-14,All India,Combined,No. of Workers employed Through Contractors,2732,Manufacture of Other Electronic and Electric Wires and Cables,4-digit,18947,-
2008,2013-14,All India,Combined,No. of Workers employed Through Contractors,2733,Manufacture of Wiring Devices,4-digit,14481,-
2008,2013-14,All India,Combined,No. of Workers employed Through Contractors,3030,Manufacture of Air and Spacecraft and Related Machinery,4-digit,2138,-
2008,2013-14,All India,Combined,No. of Workers employed Through Contractors,2511,Manufacture of Structural Metal Products,4-digit,57465,-
2008,2013-14,All India,Combined,No. of Employees Other Than Workers,2599,Manufacture of Other Fabricated Metal Products N.e.c.,4-digit,48187,-
2008,2013-14,All India,Combined,No. of Employees Other Than Workers,251,"Manufacture of Structural Metal Products, Tanks, Reservoirs and Steam Generators",3-digit,55925,-
2008,2013-14,All India,Combined,No. of Employees Other Than Workers,243,Casting of Metals,3-digit,50489,-
2008,2013-14,All India,Combined,No. of Employees Other Than Workers,242,Manufacture of Basic Precious and Other Non-ferrous Metals,3-digit,24145,-
2008,2013-14,All India,Combined,No. of Employees Other Than Workers,2420,Manufacture of Basic Precious and Other Non-ferrous Metals,4-digit,24145,-
2008,2013-14,All India,Combined,No. of Employees Other Than Workers,273,Manufacture of Wiring and Wiring Devices,3-digit,21554,-
2008,2013-14,All India,Combined,No. of Employees Other Than Workers,271,"Manufacture of Electric Motors, Generators, Transformers and Electricity Distribution and Control Apparatus",3-digit,65265,-
2008,2013-14,All India,Combined,No. of Employees Other Than Workers,259,Manufacture of Other Fabricated Metal Products; Metalworking Service Activities,3-digit,92819,-
2008,2013-14,All India,Combined,No. of Employees Other Than Workers,27,Manufacture of Electrical Equipment,2-digit,142309,-
2008,2013-14,All India,Combined,No. of Employees Other Than Workers,30,Manufacture of Other Transport Equipment,2-digit,58959,-
2008,2013-14,All India,Combined,No. of Employees Other Than Workers,303,Manufacture of Air and Spacecraft and Related Machinery,3-digit,3507,-
2008,2013-14,All India,Combined,No. of Employees Other Than Workers,3030,Manufacture of Air and Spacecraft and Related Machinery,4-digit,3507,-
2008,2013-14,All India,Combined,No. of Employees Other Than Workers,24,Manufacture of Basic Metals,2-digit,224538,-
2008,2013-14,All India,Combined,No. of Employees Other Than Workers,2432,Casting of Non-ferrous Metals,4-digit,7644,-
2008,2013-14,All India,Combined,No. of Employees Other Than Workers,25,"Manufacture of Fabricated Metal Products, Except Machinery and Equipment",2-digit,149407,-
2008,2013-14,All India,Combined,No. of Employees Other Than Workers,2511,Manufacture of Structural Metal Products,4-digit,32486,-
2008,2013-14,All India,Combined,No. of Employees Other Than Workers,2732,Manufacture of Other Electronic and Electric Wires and Cables,4-digit,12677,-
2008,2013-14,All India,Combined,No. of Employees Other Than Workers,2733,Manufacture of Wiring Devices,4-digit,6093,-
2008,2013-14,All India,Combined,No. of Employees Other Than Workers,2710,"Manufacture of Electric Motors, Generators, Transformers and Electricity Distribution and Control Apparatus",4-digit,65265,-
2008,2013-14,All India,Combined,No. of Employees Other Than Workers -Supervisory and Managerial,2732,Manufacture of Other Electronic and Electric Wires and Cables,4-digit,5659,-
2008,2013-14,All India,Combined,No. of Employees Other Than Workers -Supervisory and Managerial,271,"Manufacture of Electric Motors, Generators, Transformers and Electricity Distribution and Control Apparatus",3-digit,33316,-
2008,2013-14,All India,Combined,No. of Employees Other Than Workers -Supervisory and Managerial,273,Manufacture of Wiring and Wiring Devices,3-digit,9789,-
2008,2013-14,All India,Combined,No. of Employees Other Than Workers -Supervisory and Managerial,303,Manufacture of Air and Spacecraft and Related Machinery,3-digit,2762,-
2008,2013-14,All India,Combined,No. of Employees Other Than Workers -Supervisory and Managerial,2733,Manufacture of Wiring Devices,4-digit,2725,-
2008,2013-14,All India,Combined,No. of Employees Other Than Workers -Supervisory and Managerial,2710,"Manufacture of Electric Motors, Generators, Transformers and Electricity Distribution and Control Apparatus",4-digit,33316,-
2008,2013-14,All India,Combined,No. of Employees Other Than Workers -Supervisory and Managerial,2599,Manufacture of Other Fabricated Metal Products N.e.c.,4-digit,22399,-
2008,2013-14,All India,Combined,No. of Employees Other Than Workers -Supervisory and Managerial,2511,Manufacture of Structural Metal Products,4-digit,16775,-
2008,2013-14,All India,Combined,No. of Employees Other Than Workers -Supervisory and Managerial,2432,Casting of Non-ferrous Metals,4-digit,3302,-
2008,2013-14,All India,Combined,No. of Employees Other Than Workers -Supervisory and Managerial,2420,Manufacture of Basic Precious and Other Non-ferrous Metals,4-digit,12508,-
2008,2013-14,All India,Combined,No. of Employees Other Than Workers -Supervisory and Managerial,24,Manufacture of Basic Metals,2-digit,115512,-
2008,2013-14,All India,Combined,No. of Employees Other Than Workers -Supervisory and Managerial,25,"Manufacture of Fabricated Metal Products, Except Machinery and Equipment",2-digit,71910,-
2008,2013-14,All India,Combined,No. of Employees Other Than Workers -Supervisory and Managerial,27,Manufacture of Electrical Equipment,2-digit,69049,-
2008,2013-14,All India,Combined,No. of Employees Other Than Workers -Supervisory and Managerial,30,Manufacture of Other Transport Equipment,2-digit,29504,-
2008,2013-14,All India,Combined,No. of Employees Other Than Workers -Supervisory and Managerial,3030,Manufacture of Air and Spacecraft and Related Machinery,4-digit,2762,-
2008,2013-14,All India,Combined,No. of Employees Other Than Workers -Supervisory and Managerial,259,Manufacture of Other Fabricated Metal Products; Metalworking Service Activities,3-digit,43659,-
2008,2013-14,All India,Combined,No. of Employees Other Than Workers -Supervisory and Managerial,242,Manufacture of Basic Precious and Other Non-ferrous Metals,3-digit,12508,-
2008,2013-14,All India,Combined,No. of Employees Other Than Workers -Supervisory and Managerial,243,Casting of Metals,3-digit,26738,-
2008,2013-14,All India,Combined,No. of Employees Other Than Workers -Supervisory and Managerial,251,"Manufacture of Structural Metal Products, Tanks, Reservoirs and Steam Generators",3-digit,27701,-
2008,2013-14,All India,Combined,No. of Employees Other Than Workers -Other Employees,2432,Casting of Non-ferrous Metals,4-digit,4342,-
2008,2013-14,All India,Combined,No. of Employees Other Than Workers -Other Employees,2599,Manufacture of Other Fabricated Metal Products N.e.c.,4-digit,25788,-
2008,2013-14,All India,Combined,No. of Employees Other Than Workers -Other Employees,2710,"Manufacture of Electric Motors, Generators, Transformers and Electricity Distribution and Control Apparatus",4-digit,31949,-
2008,2013-14,All India,Combined,No. of Employees Other Than Workers -Other Employees,2732,Manufacture of Other Electronic and Electric Wires and Cables,4-digit,7018,-
2008,2013-14,All India,Combined,No. of Employees Other Than Workers -Other Employees,271,"Manufacture of Electric Motors, Generators, Transformers and Electricity Distribution and Control Apparatus",3-digit,31949,-
2008,2013-14,All India,Combined,No. of Employees Other Than Workers -Other Employees,24,Manufacture of Basic Metals,2-digit,109026,-
2008,2013-14,All India,Combined,No. of Employees Other Than Workers -Other Employees,25,"Manufacture of Fabricated Metal Products, Except Machinery and Equipment",2-digit,77497,-
2008,2013-14,All India,Combined,No. of Employees Other Than Workers -Other Employees,27,Manufacture of Electrical Equipment,2-digit,73260,-
2008,2013-14,All India,Combined,No. of Employees Other Than Workers -Other Employees,273,Manufacture of Wiring and Wiring Devices,3-digit,11765,-
2008,2013-14,All India,Combined,No. of Employees Other Than Workers -Other Employees,303,Manufacture of Air and Spacecraft and Related Machinery,3-digit,745,-
2008,2013-14,All India,Combined,No. of Employees Other Than Workers -Other Employees,3030,Manufacture of Air and Spacecraft and Related Machinery,4-digit,745,-
2008,2013-14,All India,Combined,No. of Employees Other Than Workers -Other Employees,242,Manufacture of Basic Precious and Other Non-ferrous Metals,3-digit,11637,-
2008,2013-14,All India,Combined,No. of Employees Other Than Workers -Other Employees,243,Casting of Metals,3-digit,23751,-
2008,2013-14,All India,Combined,No. of Employees Other Than Workers -Other Employees,251,"Manufacture of Structural Metal Products, Tanks, Reservoirs and Steam Generators",3-digit,28224,-
2008,2013-14,All India,Combined,No. of Employees Other Than Workers -Other Employees,259,Manufacture of Other Fabricated Metal Products; Metalworking Service Activities,3-digit,49160,-
2008,2013-14,All India,Combined,No. of Employees Other Than Workers -Other Employees,30,Manufacture of Other Transport Equipment,2-digit,29455,-
2008,2013-14,All India,Combined,No. of Employees Other Than Workers -Other Employees,2733,Manufacture of Wiring Devices,4-digit,3368,-
2008,2013-14,All India,Combined,No. of Employees Other Than Workers -Other Employees,2420,Manufacture of Basic Precious and Other Non-ferrous Metals,4-digit,11637,-
2008,2013-14,All India,Combined,No. of Employees Other Than Workers -Other Employees,2511,Manufacture of Structural Metal Products,4-digit,15711,-
2008,2013-14,All India,Combined,Unpaid family members-proprietor etc,3030,Manufacture of Air and Spacecraft and Related Machinery,4-digit,23,-
2008,2013-14,All India,Combined,Unpaid family members-proprietor etc,242,Manufacture of Basic Precious and Other Non-ferrous Metals,3-digit,545,-
2008,2013-14,All India,Combined,Unpaid family members-proprietor etc,243,Casting of Metals,3-digit,1298,-
2008,2013-14,All India,Combined,Unpaid family members-proprietor etc,251,"Manufacture of Structural Metal Products, Tanks, Reservoirs and Steam Generators",3-digit,1423,-
2008,2013-14,All India,Combined,Unpaid family members-proprietor etc,259,Manufacture of Other Fabricated Metal Products; Metalworking Service Activities,3-digit,4065,-
2008,2013-14,All India,Combined,Unpaid family members-proprietor etc,271,"Manufacture of Electric Motors, Generators, Transformers and Electricity Distribution and Control Apparatus",3-digit,530,-
2008,2013-14,All India,Combined,Unpaid family members-proprietor etc,303,Manufacture of Air and Spacecraft and Related Machinery,3-digit,23,-
2008,2013-14,All India,Combined,Unpaid family members-proprietor etc,2420,Manufacture of Basic Precious and Other Non-ferrous Metals,4-digit,545,-
2008,2013-14,All India,Combined,Unpaid family members-proprietor etc,2432,Casting of Non-ferrous Metals,4-digit,159,-
2008,2013-14,All India,Combined,Unpaid family members-proprietor etc,2511,Manufacture of Structural Metal Products,4-digit,1009,-
2008,2013-14,All India,Combined,Unpaid family members-proprietor etc,24,Manufacture of Basic Metals,2-digit,2735,-
2008,2013-14,All India,Combined,Unpaid family members-proprietor etc,25,"Manufacture of Fabricated Metal Products, Except Machinery and Equipment",2-digit,5552,-
2008,2013-14,All India,Combined,Unpaid family members-proprietor etc,27,Manufacture of Electrical Equipment,2-digit,1563,-
2008,2013-14,All India,Combined,Unpaid family members-proprietor etc,30,Manufacture of Other Transport Equipment,2-digit,898,-
2008,2013-14,All India,Combined,Unpaid family members-proprietor etc,2599,Manufacture of Other Fabricated Metal Products N.e.c.,4-digit,2648,-
2008,2013-14,All India,Combined,Unpaid family members-proprietor etc,2710,"Manufacture of Electric Motors, Generators, Transformers and Electricity Distribution and Control Apparatus",4-digit,530,-
2008,2013-14,All India,Combined,Unpaid family members-proprietor etc,2732,Manufacture of Other Electronic and Electric Wires and Cables,4-digit,171,-
2008,2013-14,All India,Combined,Unpaid family members-proprietor etc,2733,Manufacture of Wiring Devices,4-digit,124,-
2008,2013-14,All India,Combined,Unpaid family members-proprietor etc,273,Manufacture of Wiring and Wiring Devices,3-digit,314,-
2008,2013-14,All India,Combined,Wages and Salaries,24,Manufacture of Basic Metals,2-digit,2663448,₹ lakhs
2008,2013-14,All India,Combined,Wages and Salaries,27,Manufacture of Electrical Equipment,2-digit,1313583,₹ lakhs
2008,2013-14,All India,Combined,Wages and Salaries,30,Manufacture of Other Transport Equipment,2-digit,677605,₹ lakhs
2008,2013-14,All India,Combined,Wages and Salaries,2511,Manufacture of Structural Metal Products,4-digit,273648,₹ lakhs
2008,2013-14,All India,Combined,Wages and Salaries,2432,Casting of Non-ferrous Metals,4-digit,53067,₹ lakhs
2008,2013-14,All India,Combined,Wages and Salaries,2420,Manufacture of Basic Precious and Other Non-ferrous Metals,4-digit,349268,₹ lakhs
2008,2013-14,All India,Combined,Wages and Salaries,3030,Manufacture of Air and Spacecraft and Related Machinery,4-digit,43634,₹ lakhs
2008,2013-14,All India,Combined,Wages and Salaries,2733,Manufacture of Wiring Devices,4-digit,46367,₹ lakhs
2008,2013-14,All India,Combined,Wages and Salaries,2732,Manufacture of Other Electronic and Electric Wires and Cables,4-digit,99936,₹ lakhs
2008,2013-14,All India,Combined,Wages and Salaries,2710,"Manufacture of Electric Motors, Generators, Transformers and Electricity Distribution and Control Apparatus",4-digit,637956,₹ lakhs
2008,2013-14,All India,Combined,Wages and Salaries,2599,Manufacture of Other Fabricated Metal Products N.e.c.,4-digit,387314,₹ lakhs
2008,2013-14,All India,Combined,Wages and Salaries,243,Casting of Metals,3-digit,380334,₹ lakhs
2008,2013-14,All India,Combined,Wages and Salaries,303,Manufacture of Air and Spacecraft and Related Machinery,3-digit,43634,₹ lakhs
2008,2013-14,All India,Combined,Wages and Salaries,273,Manufacture of Wiring and Wiring Devices,3-digit,175150,₹ lakhs
2008,2013-14,All India,Combined,Wages and Salaries,271,"Manufacture of Electric Motors, Generators, Transformers and Electricity Distribution and Control Apparatus",3-digit,637956,₹ lakhs
2008,2013-14,All India,Combined,Wages and Salaries,259,Manufacture of Other Fabricated Metal Products; Metalworking Service Activities,3-digit,733406,₹ lakhs
2008,2013-14,All India,Combined,Wages and Salaries,251,"Manufacture of Structural Metal Products, Tanks, Reservoirs and Steam Generators",3-digit,517749,₹ lakhs
2008,2013-14,All India,Combined,Wages and Salaries,242,Manufacture of Basic Precious and Other Non-ferrous Metals,3-digit,349268,₹ lakhs
2008,2013-14,All India,Combined,Wages and Salaries,25,"Manufacture of Fabricated Metal Products, Except Machinery and Equipment",2-digit,1255931,₹ lakhs
2008,2012-13,All India,Combined,Total Output,271,"Manufacture of Electric Motors, Generators, Transformers and Electricity Distribution and Control Apparatus",3-digit,9067265,₹ lakhs
2008,2012-13,All India,Combined,Total Output,259,Manufacture of Other Fabricated Metal Products; Metalworking Service Activities,3-digit,8448472,₹ lakhs
2008,2012-13,All India,Combined,Total Output,251,"Manufacture of Structural Metal Products, Tanks, Reservoirs and Steam Generators",3-digit,7753786,₹ lakhs
2008,2012-13,All India,Combined,Total Output,27,Manufacture of Electrical Equipment,2-digit,21349332,₹ lakhs
2008,2012-13,All India,Combined,Total Output,243,Casting of Metals,3-digit,7752178,₹ lakhs
2008,2012-13,All India,Combined,Total Output,242,Manufacture of Basic Precious and Other Non-ferrous Metals,3-digit,13712292,₹ lakhs
2008,2012-13,All India,Combined,Total Output,3030,Manufacture of Air and Spacecraft and Related Machinery,4-digit,249665,₹ lakhs
2008,2012-13,All India,Combined,Total Output,2733,Manufacture of Wiring Devices,4-digit,823966,₹ lakhs
2008,2012-13,All India,Combined,Total Output,2732,Manufacture of Other Electronic and Electric Wires and Cables,4-digit,3428284,₹ lakhs
2008,2012-13,All India,Combined,Total Output,2710,"Manufacture of Electric Motors, Generators, Transformers and Electricity Distribution and Control Apparatus",4-digit,9067265,₹ lakhs
2008,2012-13,All India,Combined,Total Output,30,Manufacture of Other Transport Equipment,2-digit,13267451,₹ lakhs
2008,2012-13,All India,Combined,Total Output,2420,Manufacture of Basic Precious and Other Non-ferrous Metals,4-digit,13712292,₹ lakhs
2008,2012-13,All India,Combined,Total Output,2432,Casting of Non-ferrous Metals,4-digit,775720,₹ lakhs
2008,2012-13,All India,Combined,Total Output,2511,Manufacture of Structural Metal Products,4-digit,4318541,₹ lakhs
2008,2012-13,All India,Combined,Total Output,24,Manufacture of Basic Metals,2-digit,76839815,₹ lakhs
2008,2012-13,All India,Combined,Total Output,25,"Manufacture of Fabricated Metal Products, Except Machinery and Equipment",2-digit,16249114,₹ lakhs
2008,2012-13,All India,Combined,Total Output,303,Manufacture of Air and Spacecraft and Related Machinery,3-digit,249665,₹ lakhs
2008,2012-13,All India,Combined,Total Output,2599,Manufacture of Other Fabricated Metal Products N.e.c.,4-digit,4166458,₹ lakhs
2008,2012-13,All India,Combined,Total Output,273,Manufacture of Wiring and Wiring Devices,3-digit,4891229,₹ lakhs
2008,2012-13,All India,Combined,Total Inputs,2432,Casting of Non-ferrous Metals,4-digit,650127,₹ lakhs
2008,2012-13,All India,Combined,Total Inputs,2599,Manufacture of Other Fabricated Metal Products N.e.c.,4-digit,3169560,₹ lakhs
2008,2012-13,All India,Combined,Total Inputs,2710,"Manufacture of Electric Motors, Generators, Transformers and Electricity Distribution and Control Apparatus",4-digit,6988362,₹ lakhs
2008,2012-13,All India,Combined,Total Inputs,2732,Manufacture of Other Electronic and Electric Wires and Cables,4-digit,3009823,₹ lakhs
2008,2012-13,All India,Combined,Total Inputs,2733,Manufacture of Wiring Devices,4-digit,618223,₹ lakhs
2008,2012-13,All India,Combined,Total Inputs,273,Manufacture of Wiring and Wiring Devices,3-digit,4193058,₹ lakhs
2008,2012-13,All India,Combined,Total Inputs,271,"Manufacture of Electric Motors, Generators, Transformers and Electricity Distribution and Control Apparatus",3-digit,6988362,₹ lakhs
2008,2012-13,All India,Combined,Total Inputs,259,Manufacture of Other Fabricated Metal Products; Metalworking Service Activities,3-digit,6456656,₹ lakhs
2008,2012-13,All India,Combined,Total Inputs,251,"Manufacture of Structural Metal Products, Tanks, Reservoirs and Steam Generators",3-digit,6107784,₹ lakhs
2008,2012-13,All India,Combined,Total Inputs,243,Casting of Metals,3-digit,6449758,₹ lakhs
2008,2012-13,All India,Combined,Total Inputs,242,Manufacture of Basic Precious and Other Non-ferrous Metals,3-digit,10593222,₹ lakhs
2008,2012-13,All India,Combined,Total Inputs,30,Manufacture of Other Transport Equipment,2-digit,10774955,₹ lakhs
2008,2012-13,All India,Combined,Total Inputs,25,"Manufacture of Fabricated Metal Products, Except Machinery and Equipment",2-digit,12590662,₹ lakhs
2008,2012-13,All India,Combined,Total Inputs,2420,Manufacture of Basic Precious and Other Non-ferrous Metals,4-digit,10593222,₹ lakhs
2008,2012-13,All India,Combined,Total Inputs,27,Manufacture of Electrical Equipment,2-digit,17313024,₹ lakhs
2008,2012-13,All India,Combined,Total Inputs,24,Manufacture of Basic Metals,2-digit,66570608,₹ lakhs
2008,2012-13,All India,Combined,Total Inputs,3030,Manufacture of Air and Spacecraft and Related Machinery,4-digit,167892,₹ lakhs
2008,2012-13,All India,Combined,Total Inputs,303,Manufacture of Air and Spacecraft and Related Machinery,3-digit,167892,₹ lakhs
2008,2012-13,All India,Combined,Total Inputs,2511,Manufacture of Structural Metal Products,4-digit,3561513,₹ lakhs
2008,2012-13,All India,Combined,Gross Value Added,243,Casting of Metals,3-digit,1302420,₹ lakhs
2008,2012-13,All India,Combined,Gross Value Added,3030,Manufacture of Air and Spacecraft and Related Machinery,4-digit,81773,₹ lakhs
2008,2012-13,All India,Combined,Gross Value Added,242,Manufacture of Basic Precious and Other Non-ferrous Metals,3-digit,3119070,₹ lakhs
2008,2012-13,All India,Combined,Gross Value Added,303,Manufacture of Air and Spacecraft and Related Machinery,3-digit,81773,₹ lakhs
2008,2012-13,All India,Combined,Gross Value Added,273,Manufacture of Wiring and Wiring Devices,3-digit,698171,₹ lakhs
2008,2012-13,All India,Combined,Gross Value Added,271,"Manufacture of Electric Motors, Generators, Transformers and Electricity Distribution and Control Apparatus",3-digit,2078903,₹ lakhs
2008,2012-13,All India,Combined,Gross Value Added,259,Manufacture of Other Fabricated Metal Products; Metalworking Service Activities,3-digit,1991816,₹ lakhs
2008,2012-13,All India,Combined,Gross Value Added,251,"Manufacture of Structural Metal Products, Tanks, Reservoirs and Steam Generators",3-digit,1646002,₹ lakhs
2008,2012-13,All India,Combined,Gross Value Added,2420,Manufacture of Basic Precious and Other Non-ferrous Metals,4-digit,3119070,₹ lakhs
2008,2012-13,All India,Combined,Gross Value Added,2432,Casting of Non-ferrous Metals,4-digit,125593,₹ lakhs
2008,2012-13,All India,Combined,Gross Value Added,2511,Manufacture of Structural Metal Products,4-digit,757028,₹ lakhs
2008,2012-13,All India,Combined,Gross Value Added,2599,Manufacture of Other Fabricated Metal Products N.e.c.,4-digit,996898,₹ lakhs
2008,2012-13,All India,Combined,Gross Value Added,2710,"Manufacture of Electric Motors, Generators, Transformers and Electricity Distribution and Control Apparatus",4-digit,2078903,₹ lakhs
2008,2012-13,All India,Combined,Gross Value Added,2732,Manufacture of Other Electronic and Electric Wires and Cables,4-digit,418461,₹ lakhs
2008,2012-13,All India,Combined,Gross Value Added,2733,Manufacture of Wiring Devices,4-digit,205743,₹ lakhs
2008,2012-13,All India,Combined,Gross Value Added,24,Manufacture of Basic Metals,2-digit,10269207,₹ lakhs
2008,2012-13,All India,Combined,Gross Value Added,25,"Manufacture of Fabricated Metal Products, Except Machinery and Equipment",2-digit,3658452,₹ lakhs
2008,2012-13,All India,Combined,Gross Value Added,27,Manufacture of Electrical Equipment,2-digit,4036308,₹ lakhs
2008,2012-13,All India,Combined,Gross Value Added,30,Manufacture of Other Transport Equipment,2-digit,2492496,₹ lakhs
2008,2012-13,All India,Combined,Net Value Added,251,"Manufacture of Structural Metal Products, Tanks, Reservoirs and Steam Generators",3-digit,1468016,₹ lakhs
2008,2012-13,All India,Combined,Net Value Added,259,Manufacture of Other Fabricated Metal Products; Metalworking Service Activities,3-digit,1760376,₹ lakhs
2008,2012-13,All India,Combined,Net Value Added,30,Manufacture of Other Transport Equipment,2-digit,2217858,₹ lakhs
2008,2012-13,All India,Combined,Net Value Added,27,Manufacture of Electrical Equipment,2-digit,3607401,₹ lakhs
2008,2012-13,All India,Combined,Net Value Added,25,"Manufacture of Fabricated Metal Products, Except Machinery and Equipment",2-digit,3247943,₹ lakhs
2008,2012-13,All India,Combined,Net Value Added,24,Manufacture of Basic Metals,2-digit,7940607,₹ lakhs
2008,2012-13,All India,Combined,Net Value Added,271,"Manufacture of Electric Motors, Generators, Transformers and Electricity Distribution and Control Apparatus",3-digit,1900300,₹ lakhs
2008,2012-13,All India,Combined,Net Value Added,273,Manufacture of Wiring and Wiring Devices,3-digit,617731,₹ lakhs
2008,2012-13,All India,Combined,Net Value Added,3030,Manufacture of Air and Spacecraft and Related Machinery,4-digit,67392,₹ lakhs
2008,2012-13,All India,Combined,Net Value Added,2732,Manufacture of Other Electronic and Electric Wires and Cables,4-digit,372333,₹ lakhs
2008,2012-13,All India,Combined,Net Value Added,242,Manufacture of Basic Precious and Other Non-ferrous Metals,3-digit,2826161,₹ lakhs
2008,2012-13,All India,Combined,Net Value Added,303,Manufacture of Air and Spacecraft and Related Machinery,3-digit,67392,₹ lakhs
2008,2012-13,All India,Combined,Net Value Added,2511,Manufacture of Structural Metal Products,4-digit,640908,₹ lakhs
2008,2012-13,All India,Combined,Net Value Added,2432,Casting of Non-ferrous Metals,4-digit,93251,₹ lakhs
2008,2012-13,All India,Combined,Net Value Added,2420,Manufacture of Basic Precious and Other Non-ferrous Metals,4-digit,2826161,₹ lakhs
2008,2012-13,All India,Combined,Net Value Added,2733,Manufacture of Wiring Devices,4-digit,188600,₹ lakhs
2008,2012-13,All India,Combined,Net Value Added,2599,Manufacture of Other Fabricated Metal Products N.e.c.,4-digit,896163,₹ lakhs
2008,2012-13,All India,Combined,Net Value Added,2710,"Manufacture of Electric Motors, Generators, Transformers and Electricity Distribution and Control Apparatus",4-digit,1900300,₹ lakhs
2008,2012-13,All India,Combined,Net Value Added,243,Casting of Metals,3-digit,1085157,₹ lakhs
2008,2012-13,All India,Combined,Net Income,242,Manufacture of Basic Precious and Other Non-ferrous Metals,3-digit,2594438,₹ lakhs
2008,2012-13,All India,Combined,Net Income,251,"Manufacture of Structural Metal Products, Tanks, Reservoirs and Steam Generators",3-digit,1309903,₹ lakhs
2008,2012-13,All India,Combined,Net Income,259,Manufacture of Other Fabricated Metal Products; Metalworking Service Activities,3-digit,1515325,₹ lakhs
2008,2012-13,All India,Combined,Net Income,2511,Manufacture of Structural Metal Products,4-digit,531966,₹ lakhs
2008,2012-13,All India,Combined,Net Income,3030,Manufacture of Air and Spacecraft and Related Machinery,4-digit,61657,₹ lakhs
2008,2012-13,All India,Combined,Net Income,303,Manufacture of Air and Spacecraft and Related Machinery,3-digit,61657,₹ lakhs
2008,2012-13,All India,Combined,Net Income,271,"Manufacture of Electric Motors, Generators, Transformers and Electricity Distribution and Control Apparatus",3-digit,1705437,₹ lakhs
2008,2012-13,All India,Combined,Net Income,273,Manufacture of Wiring and Wiring Devices,3-digit,218756,₹ lakhs
2008,2012-13,All India,Combined,Net Income,2599,Manufacture of Other Fabricated Metal Products N.e.c.,4-digit,781156,₹ lakhs
2008,2012-13,All India,Combined,Net Income,2710,"Manufacture of Electric Motors, Generators, Transformers and Electricity Distribution and Control Apparatus",4-digit,1705437,₹ lakhs
2008,2012-13,All India,Combined,Net Income,2732,Manufacture of Other Electronic and Electric Wires and Cables,4-digit,267661,₹ lakhs
2008,2012-13,All India,Combined,Net Income,2733,Manufacture of Wiring Devices,4-digit,155312,₹ lakhs
2008,2012-13,All India,Combined,Net Income,2420,Manufacture of Basic Precious and Other Non-ferrous Metals,4-digit,2594438,₹ lakhs
2008,2012-13,All India,Combined,Net Income,2432,Casting of Non-ferrous Metals,4-digit,68365,₹ lakhs
2008,2012-13,All India,Combined,Net Income,27,Manufacture of Electrical Equipment,2-digit,2851825,₹ lakhs
2008,2012-13,All India,Combined,Net Income,30,Manufacture of Other Transport Equipment,2-digit,2005286,₹ lakhs
2008,2012-13,All India,Combined,Net Income,25,"Manufacture of Fabricated Metal Products, Except Machinery and Equipment",2-digit,2844415,₹ lakhs
2008,2012-13,All India,Combined,Net Income,24,Manufacture of Basic Metals,2-digit,5656484,₹ lakhs
2008,2012-13,All India,Combined,Net Income,243,Casting of Metals,3-digit,892047,₹ lakhs
2008,2012-13,All India,Combined,Net Profit,27,Manufacture of Electrical Equipment,2-digit,1397986,₹ lakhs
2008,2012-13,All India,Combined,Net Profit,2732,Manufacture of Other Electronic and Electric Wires and Cables,4-digit,179710,₹ lakhs
2008,2012-13,All India,Combined,Net Profit,2710,"Manufacture of Electric Motors, Generators, Transformers and Electricity Distribution and Control Apparatus",4-digit,900188,₹ lakhs
2008,2012-13,All India,Combined,Net Profit,2599,Manufacture of Other Fabricated Metal Products N.e.c.,4-digit,434842,₹ lakhs
2008,2012-13,All India,Combined,Net Profit,2511,Manufacture of Structural Metal Products,4-digit,234337,₹ lakhs
2008,2012-13,All India,Combined,Net Profit,2432,Casting of Non-ferrous Metals,4-digit,4439,₹ lakhs
2008,2012-13,All India,Combined,Net Profit,2420,Manufacture of Basic Precious and Other Non-ferrous Metals,4-digit,2199197,₹ lakhs
2008,2012-13,All India,Combined,Net Profit,242,Manufacture of Basic Precious and Other Non-ferrous Metals,3-digit,2199197,₹ lakhs
2008,2012-13,All India,Combined,Net Profit,243,Casting of Metals,3-digit,444877,₹ lakhs
2008,2012-13,All India,Combined,Net Profit,251,"Manufacture of Structural Metal Products, Tanks, Reservoirs and Steam Generators",3-digit,706025,₹ lakhs
2008,2012-13,All India,Combined,Net Profit,259,Manufacture of Other Fabricated Metal Products; Metalworking Service Activities,3-digit,858836,₹ lakhs
2008,2012-13,All India,Combined,Net Profit,271,"Manufacture of Electric Motors, Generators, Transformers and Electricity Distribution and Control Apparatus",3-digit,900188,₹ lakhs
2008,2012-13,All India,Combined,Net Profit,273,Manufacture of Wiring and Wiring Devices,3-digit,43742,₹ lakhs
2008,2012-13,All India,Combined,Net Profit,303,Manufacture of Air and Spacecraft and Related Machinery,3-digit,10576,₹ lakhs
2008,2012-13,All India,Combined,Net Profit,3030,Manufacture of Air and Spacecraft and Related Machinery,4-digit,10576,₹ lakhs
2008,2012-13,All India,Combined,Net Profit,30,Manufacture of Other Transport Equipment,2-digit,1275371,₹ lakhs
2008,2012-13,All India,Combined,Net Profit,2733,Manufacture of Wiring Devices,4-digit,102094,₹ lakhs
2008,2012-13,All India,Combined,Net Profit,25,"Manufacture of Fabricated Metal Products, Except Machinery and Equipment",2-digit,1580069,₹ lakhs
2008,2012-13,All India,Combined,Net Profit,24,Manufacture of Basic Metals,2-digit,2650927,₹ lakhs
2008,2012-13,All India,Combined,Total Number of Persons Engaged,273,Manufacture of Wiring and Wiring Devices,3-digit,85569,-
2008,2012-13,All India,Combined,Total Number of Persons Engaged,271,"Manufacture of Electric Motors, Generators, Transformers and Electricity Distribution and Control Apparatus",3-digit,219281,-
2008,2012-13,All India,Combined,Total Number of Persons Engaged,259,Manufacture of Other Fabricated Metal Products; Metalworking Service Activities,3-digit,388423,-
2008,2012-13,All India,Combined,Total Number of Persons Engaged,251,"Manufacture of Structural Metal Products, Tanks, Reservoirs and Steam Generators",3-digit,246197,-
2008,2012-13,All India,Combined,Total Number of Persons Engaged,3030,Manufacture of Air and Spacecraft and Related Machinery,4-digit,16027,-
2008,2012-13,All India,Combined,Total Number of Persons Engaged,30,Manufacture of Other Transport Equipment,2-digit,293983,-
2008,2012-13,All India,Combined,Total Number of Persons Engaged,2420,Manufacture of Basic Precious and Other Non-ferrous Metals,4-digit,107310,-
2008,2012-13,All India,Combined,Total Number of Persons Engaged,2432,Casting of Non-ferrous Metals,4-digit,30881,-
2008,2012-13,All India,Combined,Total Number of Persons Engaged,2511,Manufacture of Structural Metal Products,4-digit,155017,-
2008,2012-13,All India,Combined,Total Number of Persons Engaged,2599,Manufacture of Other Fabricated Metal Products N.e.c.,4-digit,213768,-
2008,2012-13,All India,Combined,Total Number of Persons Engaged,2710,"Manufacture of Electric Motors, Generators, Transformers and Electricity Distribution and Control Apparatus",4-digit,219281,-
2008,2012-13,All India,Combined,Total Number of Persons Engaged,2732,Manufacture of Other Electronic and Electric Wires and Cables,4-digit,42696,-
2008,2012-13,All India,Combined,Total Number of Persons Engaged,2733,Manufacture of Wiring Devices,4-digit,30074,-
2008,2012-13,All India,Combined,Total Number of Persons Engaged,27,Manufacture of Electrical Equipment,2-digit,501158,-
2008,2012-13,All India,Combined,Total Number of Persons Engaged,25,"Manufacture of Fabricated Metal Products, Except Machinery and Equipment",2-digit,636411,-
2008,2012-13,All India,Combined,Total Number of Persons Engaged,24,Manufacture of Basic Metals,2-digit,1017218,-
2008,2012-13,All India,Combined,Total Number of Persons Engaged,242,Manufacture of Basic Precious and Other Non-ferrous Metals,3-digit,107310,-
2008,2012-13,All India,Combined,Total Number of Persons Engaged,243,Casting of Metals,3-digit,230040,-
2008,2012-13,All India,Combined,Total Number of Persons Engaged,303,Manufacture of Air and Spacecraft and Related Machinery,3-digit,16027,-
2008,2012-13,All India,Combined,Total Number of Workers,2432,Casting of Non-ferrous Metals,4-digit,24097,-
2008,2012-13,All India,Combined,Total Number of Workers,2511,Manufacture of Structural Metal Products,4-digit,117804,-
2008,2012-13,All India,Combined,Total Number of Workers,251,"Manufacture of Structural Metal Products, Tanks, Reservoirs and Steam Generators",3-digit,186402,-
2008,2012-13,All India,Combined,Total Number of Workers,243,Casting of Metals,3-digit,178146,-
2008,2012-13,All India,Combined,Total Number of Workers,303,Manufacture of Air and Spacecraft and Related Machinery,3-digit,11792,-
2008,2012-13,All India,Combined,Total Number of Workers,25,"Manufacture of Fabricated Metal Products, Except Machinery and Equipment",2-digit,494113,-
2008,2012-13,All India,Combined,Total Number of Workers,27,Manufacture of Electrical Equipment,2-digit,370163,-
2008,2012-13,All India,Combined,Total Number of Workers,30,Manufacture of Other Transport Equipment,2-digit,237576,-
2008,2012-13,All India,Combined,Total Number of Workers,3030,Manufacture of Air and Spacecraft and Related Machinery,4-digit,11792,-
2008,2012-13,All India,Combined,Total Number of Workers,242,Manufacture of Basic Precious and Other Non-ferrous Metals,3-digit,82321,-
2008,2012-13,All India,Combined,Total Number of Workers,24,Manufacture of Basic Metals,2-digit,782970,-
2008,2012-13,All India,Combined,Total Number of Workers,2599,Manufacture of Other Fabricated Metal Products N.e.c.,4-digit,171218,-
2008,2012-13,All India,Combined,Total Number of Workers,2710,"Manufacture of Electric Motors, Generators, Transformers and Electricity Distribution and Control Apparatus",4-digit,153075,-
2008,2012-13,All India,Combined,Total Number of Workers,2732,Manufacture of Other Electronic and Electric Wires and Cables,4-digit,32989,-
2008,2012-13,All India,Combined,Total Number of Workers,273,Manufacture of Wiring and Wiring Devices,3-digit,66284,-
2008,2012-13,All India,Combined,Total Number of Workers,271,"Manufacture of Electric Motors, Generators, Transformers and Electricity Distribution and Control Apparatus",3-digit,153075,-
2008,2012-13,All India,Combined,Total Number of Workers,259,Manufacture of Other Fabricated Metal Products; Metalworking Service Activities,3-digit,306468,-
2008,2012-13,All India,Combined,Total Number of Workers,2733,Manufacture of Wiring Devices,4-digit,24098,-
2008,2012-13,All India,Combined,Total Number of Workers,2420,Manufacture of Basic Precious and Other Non-ferrous Metals,4-digit,82321,-
2008,2012-13,All India,Combined,No. of Directly Employed  Workers,271,"Manufacture of Electric Motors, Generators, Transformers and Electricity Distribution and Control Apparatus",3-digit,97888,-
2008,2012-13,All India,Combined,No. of Directly Employed  Workers,27,Manufacture of Electrical Equipment,2-digit,228596,-
2008,2012-13,All India,Combined,No. of Directly Employed  Workers,3030,Manufacture of Air and Spacecraft and Related Machinery,4-digit,9631,-
2008,2012-13,All India,Combined,No. of Directly Employed  Workers,2733,Manufacture of Wiring Devices,4-digit,13013,-
2008,2012-13,All India,Combined,No. of Directly Employed  Workers,2732,Manufacture of Other Electronic and Electric Wires and Cables,4-digit,20910,-
2008,2012-13,All India,Combined,No. of Directly Employed  Workers,2710,"Manufacture of Electric Motors, Generators, Transformers and Electricity Distribution and Control Apparatus",4-digit,97888,-
2008,2012-13,All India,Combined,No. of Directly Employed  Workers,2599,Manufacture of Other Fabricated Metal Products N.e.c.,4-digit,93650,-
2008,2012-13,All India,Combined,No. of Directly Employed  Workers,2511,Manufacture of Structural Metal Products,4-digit,54133,-
2008,2012-13,All India,Combined,No. of Directly Employed  Workers,2432,Casting of Non-ferrous Metals,4-digit,14434,-
2008,2012-13,All India,Combined,No. of Directly Employed  Workers,2420,Manufacture of Basic Precious and Other Non-ferrous Metals,4-digit,48159,-
2008,2012-13,All India,Combined,No. of Directly Employed  Workers,30,Manufacture of Other Transport Equipment,2-digit,123069,-
2008,2012-13,All India,Combined,No. of Directly Employed  Workers,25,"Manufacture of Fabricated Metal Products, Except Machinery and Equipment",2-digit,277224,-
2008,2012-13,All India,Combined,No. of Directly Employed  Workers,24,Manufacture of Basic Metals,2-digit,442810,-
2008,2012-13,All India,Combined,No. of Directly Employed  Workers,242,Manufacture of Basic Precious and Other Non-ferrous Metals,3-digit,48159,-
2008,2012-13,All India,Combined,No. of Directly Employed  Workers,303,Manufacture of Air and Spacecraft and Related Machinery,3-digit,9631,-
2008,2012-13,All India,Combined,No. of Directly Employed  Workers,273,Manufacture of Wiring and Wiring Devices,3-digit,39553,-
2008,2012-13,All India,Combined,No. of Directly Employed  Workers,259,Manufacture of Other Fabricated Metal Products; Metalworking Service Activities,3-digit,188853,-
2008,2012-13,All India,Combined,No. of Directly Employed  Workers,251,"Manufacture of Structural Metal Products, Tanks, Reservoirs and Steam Generators",3-digit,87606,-
2008,2012-13,All India,Combined,No. of Directly Employed  Workers,243,Casting of Metals,3-digit,108544,-
2008,2012-13,All India,Combined,No. of Workers employed Through Contractors,2710,"Manufacture of Electric Motors, Generators, Transformers and Electricity Distribution and Control Apparatus",4-digit,55186,-
2008,2012-13,All India,Combined,No. of Workers employed Through Contractors,242,Manufacture of Basic Precious and Other Non-ferrous Metals,3-digit,34162,-
2008,2012-13,All India,Combined,No. of Workers employed Through Contractors,303,Manufacture of Air and Spacecraft and Related Machinery,3-digit,2161,-
2008,2012-13,All India,Combined,No. of Workers employed Through Contractors,25,"Manufacture of Fabricated Metal Products, Except Machinery and Equipment",2-digit,216889,-
2008,2012-13,All India,Combined,No. of Workers employed Through Contractors,27,Manufacture of Electrical Equipment,2-digit,141567,-
2008,2012-13,All India,Combined,No. of Workers employed Through Contractors,2599,Manufacture of Other Fabricated Metal Products N.e.c.,4-digit,77568,-
2008,2012-13,All India,Combined,No. of Workers employed Through Contractors,2511,Manufacture of Structural Metal Products,4-digit,63671,-
2008,2012-13,All India,Combined,No. of Workers employed Through Contractors,2432,Casting of Non-ferrous Metals,4-digit,9663,-
2008,2012-13,All India,Combined,No. of Workers employed Through Contractors,273,Manufacture of Wiring and Wiring Devices,3-digit,26731,-
2008,2012-13,All India,Combined,No. of Workers employed Through Contractors,271,"Manufacture of Electric Motors, Generators, Transformers and Electricity Distribution and Control Apparatus",3-digit,55186,-
2008,2012-13,All India,Combined,No. of Workers employed Through Contractors,259,Manufacture of Other Fabricated Metal Products; Metalworking Service Activities,3-digit,117614,-
2008,2012-13,All India,Combined,No. of Workers employed Through Contractors,243,Casting of Metals,3-digit,69602,-
2008,2012-13,All India,Combined,No. of Workers employed Through Contractors,251,"Manufacture of Structural Metal Products, Tanks, Reservoirs and Steam Generators",3-digit,98796,-
2008,2012-13,All India,Combined,No. of Workers employed Through Contractors,2420,Manufacture of Basic Precious and Other Non-ferrous Metals,4-digit,34162,-
2008,2012-13,All India,Combined,No. of Workers employed Through Contractors,24,Manufacture of Basic Metals,2-digit,340161,-
2008,2012-13,All India,Combined,No. of Workers employed Through Contractors,2732,Manufacture of Other Electronic and Electric Wires and Cables,4-digit,12080,-
2008,2012-13,All India,Combined,No. of Workers employed Through Contractors,30,Manufacture of Other Transport Equipment,2-digit,114507,-
2008,2012-13,All India,Combined,No. of Workers employed Through Contractors,2733,Manufacture of Wiring Devices,4-digit,11085,-
2008,2012-13,All India,Combined,No. of Workers employed Through Contractors,3030,Manufacture of Air and Spacecraft and Related Machinery,4-digit,2161,-
2008,2012-13,All India,Combined,No. of Employees Other Than Workers,2420,Manufacture of Basic Precious and Other Non-ferrous Metals,4-digit,24363,-
2008,2012-13,All India,Combined,No. of Employees Other Than Workers,2732,Manufacture of Other Electronic and Electric Wires and Cables,4-digit,9646,-
2008,2012-13,All India,Combined,No. of Employees Other Than Workers,2710,"Manufacture of Electric Motors, Generators, Transformers and Electricity Distribution and Control Apparatus",4-digit,65789,-
2008,2012-13,All India,Combined,No. of Employees Other Than Workers,2599,Manufacture of Other Fabricated Metal Products N.e.c.,4-digit,38955,-
2008,2012-13,All India,Combined,No. of Employees Other Than Workers,2511,Manufacture of Structural Metal Products,4-digit,33354,-
2008,2012-13,All India,Combined,No. of Employees Other Than Workers,2432,Casting of Non-ferrous Metals,4-digit,6682,-
2008,2012-13,All India,Combined,No. of Employees Other Than Workers,3030,Manufacture of Air and Spacecraft and Related Machinery,4-digit,4210,-
2008,2012-13,All India,Combined,No. of Employees Other Than Workers,2733,Manufacture of Wiring Devices,4-digit,5910,-
2008,2012-13,All India,Combined,No. of Employees Other Than Workers,242,Manufacture of Basic Precious and Other Non-ferrous Metals,3-digit,24363,-
2008,2012-13,All India,Combined,No. of Employees Other Than Workers,30,Manufacture of Other Transport Equipment,2-digit,55835,-
2008,2012-13,All India,Combined,No. of Employees Other Than Workers,27,Manufacture of Electrical Equipment,2-digit,128846,-
2008,2012-13,All India,Combined,No. of Employees Other Than Workers,25,"Manufacture of Fabricated Metal Products, Except Machinery and Equipment",2-digit,133260,-
2008,2012-13,All India,Combined,No. of Employees Other Than Workers,24,Manufacture of Basic Metals,2-digit,231607,-
2008,2012-13,All India,Combined,No. of Employees Other Than Workers,251,"Manufacture of Structural Metal Products, Tanks, Reservoirs and Steam Generators",3-digit,55642,-
2008,2012-13,All India,Combined,No. of Employees Other Than Workers,259,Manufacture of Other Fabricated Metal Products; Metalworking Service Activities,3-digit,77072,-
2008,2012-13,All India,Combined,No. of Employees Other Than Workers,271,"Manufacture of Electric Motors, Generators, Transformers and Electricity Distribution and Control Apparatus",3-digit,65789,-
2008,2012-13,All India,Combined,No. of Employees Other Than Workers,273,Manufacture of Wiring and Wiring Devices,3-digit,19115,-
2008,2012-13,All India,Combined,No. of Employees Other Than Workers,303,Manufacture of Air and Spacecraft and Related Machinery,3-digit,4210,-
2008,2012-13,All India,Combined,No. of Employees Other Than Workers,243,Casting of Metals,3-digit,50787,-
2008,2012-13,All India,Combined,No. of Employees Other Than Workers -Supervisory and Managerial,24,Manufacture of Basic Metals,2-digit,123150,-
2008,2012-13,All India,Combined,No. of Employees Other Than Workers -Supervisory and Managerial,25,"Manufacture of Fabricated Metal Products, Except Machinery and Equipment",2-digit,65935,-
2008,2012-13,All India,Combined,No. of Employees Other Than Workers -Supervisory and Managerial,27,Manufacture of Electrical Equipment,2-digit,63277,-
2008,2012-13,All India,Combined,No. of Employees Other Than Workers -Supervisory and Managerial,30,Manufacture of Other Transport Equipment,2-digit,28102,-
2008,2012-13,All India,Combined,No. of Employees Other Than Workers -Supervisory and Managerial,251,"Manufacture of Structural Metal Products, Tanks, Reservoirs and Steam Generators",3-digit,28394,-
2008,2012-13,All India,Combined,No. of Employees Other Than Workers -Supervisory and Managerial,303,Manufacture of Air and Spacecraft and Related Machinery,3-digit,3334,-
2008,2012-13,All India,Combined,No. of Employees Other Than Workers -Supervisory and Managerial,2710,"Manufacture of Electric Motors, Generators, Transformers and Electricity Distribution and Control Apparatus",4-digit,32073,-
2008,2012-13,All India,Combined,No. of Employees Other Than Workers -Supervisory and Managerial,2599,Manufacture of Other Fabricated Metal Products N.e.c.,4-digit,18747,-
2008,2012-13,All India,Combined,No. of Employees Other Than Workers -Supervisory and Managerial,2511,Manufacture of Structural Metal Products,4-digit,16378,-
2008,2012-13,All India,Combined,No. of Employees Other Than Workers -Supervisory and Managerial,271,"Manufacture of Electric Motors, Generators, Transformers and Electricity Distribution and Control Apparatus",3-digit,32073,-
2008,2012-13,All India,Combined,No. of Employees Other Than Workers -Supervisory and Managerial,273,Manufacture of Wiring and Wiring Devices,3-digit,9314,-
2008,2012-13,All India,Combined,No. of Employees Other Than Workers -Supervisory and Managerial,2432,Casting of Non-ferrous Metals,4-digit,3154,-
2008,2012-13,All India,Combined,No. of Employees Other Than Workers -Supervisory and Managerial,2420,Manufacture of Basic Precious and Other Non-ferrous Metals,4-digit,13094,-
2008,2012-13,All India,Combined,No. of Employees Other Than Workers -Supervisory and Managerial,243,Casting of Metals,3-digit,26620,-
2008,2012-13,All India,Combined,No. of Employees Other Than Workers -Supervisory and Managerial,242,Manufacture of Basic Precious and Other Non-ferrous Metals,3-digit,13094,-
2008,2012-13,All India,Combined,No. of Employees Other Than Workers -Supervisory and Managerial,259,Manufacture of Other Fabricated Metal Products; Metalworking Service Activities,3-digit,37279,-
2008,2012-13,All India,Combined,No. of Employees Other Than Workers -Supervisory and Managerial,2733,Manufacture of Wiring Devices,4-digit,2818,-
2008,2012-13,All India,Combined,No. of Employees Other Than Workers -Supervisory and Managerial,2732,Manufacture of Other Electronic and Electric Wires and Cables,4-digit,4542,-
2008,2012-13,All India,Combined,No. of Employees Other Than Workers -Supervisory and Managerial,3030,Manufacture of Air and Spacecraft and Related Machinery,4-digit,3334,-
2008,2012-13,All India,Combined,No. of Employees Other Than Workers -Other Employees,242,Manufacture of Basic Precious and Other Non-ferrous Metals,3-digit,11269,-
2008,2012-13,All India,Combined,No. of Employees Other Than Workers -Other Employees,3030,Manufacture of Air and Spacecraft and Related Machinery,4-digit,876,-
2008,2012-13,All India,Combined,No. of Employees Other Than Workers -Other Employees,303,Manufacture of Air and Spacecraft and Related Machinery,3-digit,876,-
2008,2012-13,All India,Combined,No. of Employees Other Than Workers -Other Employees,243,Casting of Metals,3-digit,24167,-
2008,2012-13,All India,Combined,No. of Employees Other Than Workers -Other Employees,251,"Manufacture of Structural Metal Products, Tanks, Reservoirs and Steam Generators",3-digit,27248,-
2008,2012-13,All India,Combined,No. of Employees Other Than Workers -Other Employees,259,Manufacture of Other Fabricated Metal Products; Metalworking Service Activities,3-digit,39793,-
2008,2012-13,All India,Combined,No. of Employees Other Than Workers -Other Employees,271,"Manufacture of Electric Motors, Generators, Transformers and Electricity Distribution and Control Apparatus",3-digit,33716,-
2008,2012-13,All India,Combined,No. of Employees Other Than Workers -Other Employees,273,Manufacture of Wiring and Wiring Devices,3-digit,9801,-
2008,2012-13,All India,Combined,No. of Employees Other Than Workers -Other Employees,2733,Manufacture of Wiring Devices,4-digit,3092,-
2008,2012-13,All India,Combined,No. of Employees Other Than Workers -Other Employees,2732,Manufacture of Other Electronic and Electric Wires and Cables,4-digit,5104,-
2008,2012-13,All India,Combined,No. of Employees Other Than Workers -Other Employees,2710,"Manufacture of Electric Motors, Generators, Transformers and Electricity Distribution and Control Apparatus",4-digit,33716,-
2008,2012-13,All India,Combined,No. of Employees Other Than Workers -Other Employees,2599,Manufacture of Other Fabricated Metal Products N.e.c.,4-digit,20208,-
2008,2012-13,All India,Combined,No. of Employees Other Than Workers -Other Employees,2511,Manufacture of Structural Metal Products,4-digit,16976,-
2008,2012-13,All India,Combined,No. of Employees Other Than Workers -Other Employees,2432,Casting of Non-ferrous Metals,4-digit,3528,-
2008,2012-13,All India,Combined,No. of Employees Other Than Workers -Other Employees,2420,Manufacture of Basic Precious and Other Non-ferrous Metals,4-digit,11269,-
2008,2012-13,All India,Combined,No. of Employees Other Than Workers -Other Employees,27,Manufacture of Electrical Equipment,2-digit,65569,-
2008,2012-13,All India,Combined,No. of Employees Other Than Workers -Other Employees,30,Manufacture of Other Transport Equipment,2-digit,27733,-
2008,2012-13,All India,Combined,No. of Employees Other Than Workers -Other Employees,24,Manufacture of Basic Metals,2-digit,108457,-
2008,2012-13,All India,Combined,No. of Employees Other Than Workers -Other Employees,25,"Manufacture of Fabricated Metal Products, Except Machinery and Equipment",2-digit,67325,-
2008,2012-13,All India,Combined,Unpaid family members-proprietor etc,2710,"Manufacture of Electric Motors, Generators, Transformers and Electricity Distribution and Control Apparatus",4-digit,418,-
2008,2012-13,All India,Combined,Unpaid family members-proprietor etc,2599,Manufacture of Other Fabricated Metal Products N.e.c.,4-digit,3596,-
2008,2012-13,All India,Combined,Unpaid family members-proprietor etc,2511,Manufacture of Structural Metal Products,4-digit,3860,-
2008,2012-13,All India,Combined,Unpaid family members-proprietor etc,2432,Casting of Non-ferrous Metals,4-digit,103,-
2008,2012-13,All India,Combined,Unpaid family members-proprietor etc,2733,Manufacture of Wiring Devices,4-digit,66,-
2008,2012-13,All India,Combined,Unpaid family members-proprietor etc,2732,Manufacture of Other Electronic and Electric Wires and Cables,4-digit,62,-
2008,2012-13,All India,Combined,Unpaid family members-proprietor etc,259,Manufacture of Other Fabricated Metal Products; Metalworking Service Activities,3-digit,4883,-
2008,2012-13,All India,Combined,Unpaid family members-proprietor etc,251,"Manufacture of Structural Metal Products, Tanks, Reservoirs and Steam Generators",3-digit,4154,-
2008,2012-13,All India,Combined,Unpaid family members-proprietor etc,242,Manufacture of Basic Precious and Other Non-ferrous Metals,3-digit,626,-
2008,2012-13,All India,Combined,Unpaid family members-proprietor etc,3030,Manufacture of Air and Spacecraft and Related Machinery,4-digit,26,-
2008,2012-13,All India,Combined,Unpaid family members-proprietor etc,30,Manufacture of Other Transport Equipment,2-digit,573,-
2008,2012-13,All India,Combined,Unpaid family members-proprietor etc,27,Manufacture of Electrical Equipment,2-digit,2149,-
2008,2012-13,All India,Combined,Unpaid family members-proprietor etc,25,"Manufacture of Fabricated Metal Products, Except Machinery and Equipment",2-digit,9039,-
2008,2012-13,All India,Combined,Unpaid family members-proprietor etc,24,Manufacture of Basic Metals,2-digit,2641,-
2008,2012-13,All India,Combined,Unpaid family members-proprietor etc,303,Manufacture of Air and Spacecraft and Related Machinery,3-digit,26,-
2008,2012-13,All India,Combined,Unpaid family members-proprietor etc,243,Casting of Metals,3-digit,1107,-
2008,2012-13,All India,Combined,Unpaid family members-proprietor etc,273,Manufacture of Wiring and Wiring Devices,3-digit,171,-
2008,2012-13,All India,Combined,Unpaid family members-proprietor etc,271,"Manufacture of Electric Motors, Generators, Transformers and Electricity Distribution and Control Apparatus",3-digit,418,-
2008,2012-13,All India,Combined,Unpaid family members-proprietor etc,2420,Manufacture of Basic Precious and Other Non-ferrous Metals,4-digit,626,-
2008,2012-13,All India,Combined,Wages and Salaries,259,Manufacture of Other Fabricated Metal Products; Metalworking Service Activities,3-digit,560479,₹ lakhs
2008,2012-13,All India,Combined,Wages and Salaries,273,Manufacture of Wiring and Wiring Devices,3-digit,149173,₹ lakhs
2008,2012-13,All India,Combined,Wages and Salaries,303,Manufacture of Air and Spacecraft and Related Machinery,3-digit,42353,₹ lakhs
2008,2012-13,All India,Combined,Wages and Salaries,2710,"Manufacture of Electric Motors, Generators, Transformers and Electricity Distribution and Control Apparatus",4-digit,654985,₹ lakhs
2008,2012-13,All India,Combined,Wages and Salaries,2732,Manufacture of Other Electronic and Electric Wires and Cables,4-digit,75289,₹ lakhs
2008,2012-13,All India,Combined,Wages and Salaries,2733,Manufacture of Wiring Devices,4-digit,46216,₹ lakhs
2008,2012-13,All India,Combined,Wages and Salaries,3030,Manufacture of Air and Spacecraft and Related Machinery,4-digit,42353,₹ lakhs
2008,2012-13,All India,Combined,Wages and Salaries,24,Manufacture of Basic Metals,2-digit,2460765,₹ lakhs
2008,2012-13,All India,Combined,Wages and Salaries,25,"Manufacture of Fabricated Metal Products, Except Machinery and Equipment",2-digit,1077265,₹ lakhs
2008,2012-13,All India,Combined,Wages and Salaries,27,Manufacture of Electrical Equipment,2-digit,1185938,₹ lakhs
2008,2012-13,All India,Combined,Wages and Salaries,30,Manufacture of Other Transport Equipment,2-digit,609338,₹ lakhs
2008,2012-13,All India,Combined,Wages and Salaries,2511,Manufacture of Structural Metal Products,4-digit,260973,₹ lakhs
2008,2012-13,All India,Combined,Wages and Salaries,2432,Casting of Non-ferrous Metals,4-digit,55117,₹ lakhs
2008,2012-13,All India,Combined,Wages and Salaries,2420,Manufacture of Basic Precious and Other Non-ferrous Metals,4-digit,315020,₹ lakhs
2008,2012-13,All India,Combined,Wages and Salaries,2599,Manufacture of Other Fabricated Metal Products N.e.c.,4-digit,299189,₹ lakhs
2008,2012-13,All India,Combined,Wages and Salaries,242,Manufacture of Basic Precious and Other Non-ferrous Metals,3-digit,315020,₹ lakhs
2008,2012-13,All India,Combined,Wages and Salaries,243,Casting of Metals,3-digit,372650,₹ lakhs
2008,2012-13,All India,Combined,Wages and Salaries,251,"Manufacture of Structural Metal Products, Tanks, Reservoirs and Steam Generators",3-digit,513460,₹ lakhs
2008,2012-13,All India,Combined,Wages and Salaries,271,"Manufacture of Electric Motors, Generators, Transformers and Electricity Distribution and Control Apparatus",3-digit,654985,₹ lakhs
2008,2011-12,All India,Combined,Total Output,242,Manufacture of Basic Precious and Other Non-ferrous Metals,3-digit,14637024,₹ lakhs
2008,2011-12,All India,Combined,Total Output,273,Manufacture of Wiring and Wiring Devices,3-digit,4797294,₹ lakhs
2008,2011-12,All India,Combined,Total Output,3030,Manufacture of Air and Spacecraft and Related Machinery,4-digit,69886,₹ lakhs
2008,2011-12,All India,Combined,Total Output,2733,Manufacture of Wiring Devices,4-digit,832049,₹ lakhs
2008,2011-12,All India,Combined,Total Output,30,Manufacture of Other Transport Equipment,2-digit,12585898,₹ lakhs
2008,2011-12,All India,Combined,Total Output,27,Manufacture of Electrical Equipment,2-digit,20698665,₹ lakhs
2008,2011-12,All India,Combined,Total Output,25,"Manufacture of Fabricated Metal Products, Except Machinery and Equipment",2-digit,18062832,₹ lakhs
2008,2011-12,All India,Combined,Total Output,24,Manufacture of Basic Metals,2-digit,77728636,₹ lakhs
2008,2011-12,All India,Combined,Total Output,2432,Casting of Non-ferrous Metals,4-digit,736390,₹ lakhs
2008,2011-12,All India,Combined,Total Output,251,"Manufacture of Structural Metal Products, Tanks, Reservoirs and Steam Generators",3-digit,10015927,₹ lakhs
2008,2011-12,All India,Combined,Total Output,243,Casting of Metals,3-digit,7994655,₹ lakhs
2008,2011-12,All India,Combined,Total Output,2420,Manufacture of Basic Precious and Other Non-ferrous Metals,4-digit,14637024,₹ lakhs
2008,2011-12,All India,Combined,Total Output,2732,Manufacture of Other Electronic and Electric Wires and Cables,4-digit,3023702,₹ lakhs
2008,2011-12,All India,Combined,Total Output,2599,Manufacture of Other Fabricated Metal Products N.e.c.,4-digit,3974627,₹ lakhs
2008,2011-12,All India,Combined,Total Output,2710,"Manufacture of Electric Motors, Generators, Transformers and Electricity Distribution and Control Apparatus",4-digit,9169789,₹ lakhs
2008,2011-12,All India,Combined,Total Output,2511,Manufacture of Structural Metal Products,4-digit,5628065,₹ lakhs
2008,2011-12,All India,Combined,Total Output,303,Manufacture of Air and Spacecraft and Related Machinery,3-digit,69886,₹ lakhs
2008,2011-12,All India,Combined,Total Output,271,"Manufacture of Electric Motors, Generators, Transformers and Electricity Distribution and Control Apparatus",3-digit,9169789,₹ lakhs
2008,2011-12,All India,Combined,Total Output,259,Manufacture of Other Fabricated Metal Products; Metalworking Service Activities,3-digit,7974074,₹ lakhs
2008,2011-12,All India,Combined,Total Inputs,3030,Manufacture of Air and Spacecraft and Related Machinery,4-digit,49500,₹ lakhs
2008,2011-12,All India,Combined,Total Inputs,242,Manufacture of Basic Precious and Other Non-ferrous Metals,3-digit,12847817,₹ lakhs
2008,2011-12,All India,Combined,Total Inputs,243,Casting of Metals,3-digit,6870334,₹ lakhs
2008,2011-12,All India,Combined,Total Inputs,251,"Manufacture of Structural Metal Products, Tanks, Reservoirs and Steam Generators",3-digit,8038693,₹ lakhs
2008,2011-12,All India,Combined,Total Inputs,2420,Manufacture of Basic Precious and Other Non-ferrous Metals,4-digit,12847817,₹ lakhs
2008,2011-12,All India,Combined,Total Inputs,30,Manufacture of Other Transport Equipment,2-digit,10302157,₹ lakhs
2008,2011-12,All India,Combined,Total Inputs,2599,Manufacture of Other Fabricated Metal Products N.e.c.,4-digit,3229008,₹ lakhs
2008,2011-12,All India,Combined,Total Inputs,2511,Manufacture of Structural Metal Products,4-digit,4544801,₹ lakhs
2008,2011-12,All India,Combined,Total Inputs,2432,Casting of Non-ferrous Metals,4-digit,623139,₹ lakhs
2008,2011-12,All India,Combined,Total Inputs,27,Manufacture of Electrical Equipment,2-digit,16843800,₹ lakhs
2008,2011-12,All India,Combined,Total Inputs,25,"Manufacture of Fabricated Metal Products, Except Machinery and Equipment",2-digit,14649387,₹ lakhs
2008,2011-12,All India,Combined,Total Inputs,24,Manufacture of Basic Metals,2-digit,66962275,₹ lakhs
2008,2011-12,All India,Combined,Total Inputs,2733,Manufacture of Wiring Devices,4-digit,607043,₹ lakhs
2008,2011-12,All India,Combined,Total Inputs,2732,Manufacture of Other Electronic and Electric Wires and Cables,4-digit,2712574,₹ lakhs
2008,2011-12,All India,Combined,Total Inputs,2710,"Manufacture of Electric Motors, Generators, Transformers and Electricity Distribution and Control Apparatus",4-digit,7238370,₹ lakhs
2008,2011-12,All India,Combined,Total Inputs,303,Manufacture of Air and Spacecraft and Related Machinery,3-digit,49500,₹ lakhs
2008,2011-12,All India,Combined,Total Inputs,273,Manufacture of Wiring and Wiring Devices,3-digit,4201129,₹ lakhs
2008,2011-12,All India,Combined,Total Inputs,271,"Manufacture of Electric Motors, Generators, Transformers and Electricity Distribution and Control Apparatus",3-digit,7238370,₹ lakhs
2008,2011-12,All India,Combined,Total Inputs,259,Manufacture of Other Fabricated Metal Products; Metalworking Service Activities,3-digit,6528155,₹ lakhs
2008,2011-12,All India,Combined,Gross Value Added,273,Manufacture of Wiring and Wiring Devices,3-digit,596165,₹ lakhs
2008,2011-12,All India,Combined,Gross Value Added,303,Manufacture of Air and Spacecraft and Related Machinery,3-digit,20386,₹ lakhs
2008,2011-12,All India,Combined,Gross Value Added,2732,Manufacture of Other Electronic and Electric Wires and Cables,4-digit,311128,₹ lakhs
2008,2011-12,All India,Combined,Gross Value Added,2710,"Manufacture of Electric Motors, Generators, Transformers and Electricity Distribution and Control Apparatus",4-digit,1931419,₹ lakhs
2008,2011-12,All India,Combined,Gross Value Added,251,"Manufacture of Structural Metal Products, Tanks, Reservoirs and Steam Generators",3-digit,1977234,₹ lakhs
2008,2011-12,All India,Combined,Gross Value Added,24,Manufacture of Basic Metals,2-digit,10766361,₹ lakhs
2008,2011-12,All India,Combined,Gross Value Added,2420,Manufacture of Basic Precious and Other Non-ferrous Metals,4-digit,1789207,₹ lakhs
2008,2011-12,All India,Combined,Gross Value Added,2432,Casting of Non-ferrous Metals,4-digit,113251,₹ lakhs
2008,2011-12,All India,Combined,Gross Value Added,2511,Manufacture of Structural Metal Products,4-digit,1083264,₹ lakhs
2008,2011-12,All India,Combined,Gross Value Added,2599,Manufacture of Other Fabricated Metal Products N.e.c.,4-digit,745619,₹ lakhs
2008,2011-12,All India,Combined,Gross Value Added,242,Manufacture of Basic Precious and Other Non-ferrous Metals,3-digit,1789207,₹ lakhs
2008,2011-12,All India,Combined,Gross Value Added,243,Casting of Metals,3-digit,1124321,₹ lakhs
2008,2011-12,All India,Combined,Gross Value Added,2733,Manufacture of Wiring Devices,4-digit,225006,₹ lakhs
2008,2011-12,All India,Combined,Gross Value Added,3030,Manufacture of Air and Spacecraft and Related Machinery,4-digit,20386,₹ lakhs
2008,2011-12,All India,Combined,Gross Value Added,25,"Manufacture of Fabricated Metal Products, Except Machinery and Equipment",2-digit,3413445,₹ lakhs
2008,2011-12,All India,Combined,Gross Value Added,30,Manufacture of Other Transport Equipment,2-digit,2283741,₹ lakhs
2008,2011-12,All India,Combined,Gross Value Added,27,Manufacture of Electrical Equipment,2-digit,3854865,₹ lakhs
2008,2011-12,All India,Combined,Gross Value Added,259,Manufacture of Other Fabricated Metal Products; Metalworking Service Activities,3-digit,1445919,₹ lakhs
2008,2011-12,All India,Combined,Gross Value Added,271,"Manufacture of Electric Motors, Generators, Transformers and Electricity Distribution and Control Apparatus",3-digit,1931419,₹ lakhs
2008,2011-12,All India,Combined,Net Value Added,3030,Manufacture of Air and Spacecraft and Related Machinery,4-digit,13679,₹ lakhs
2008,2011-12,All India,Combined,Net Value Added,271,"Manufacture of Electric Motors, Generators, Transformers and Electricity Distribution and Control Apparatus",3-digit,1742547,₹ lakhs
2008,2011-12,All India,Combined,Net Value Added,273,Manufacture of Wiring and Wiring Devices,3-digit,518893,₹ lakhs
2008,2011-12,All India,Combined,Net Value Added,242,Manufacture of Basic Precious and Other Non-ferrous Metals,3-digit,1483044,₹ lakhs
2008,2011-12,All India,Combined,Net Value Added,243,Casting of Metals,3-digit,920280,₹ lakhs
2008,2011-12,All India,Combined,Net Value Added,251,"Manufacture of Structural Metal Products, Tanks, Reservoirs and Steam Generators",3-digit,1797734,₹ lakhs
2008,2011-12,All India,Combined,Net Value Added,259,Manufacture of Other Fabricated Metal Products; Metalworking Service Activities,3-digit,1243376,₹ lakhs
2008,2011-12,All India,Combined,Net Value Added,303,Manufacture of Air and Spacecraft and Related Machinery,3-digit,13679,₹ lakhs
2008,2011-12,All India,Combined,Net Value Added,2420,Manufacture of Basic Precious and Other Non-ferrous Metals,4-digit,1483044,₹ lakhs
2008,2011-12,All India,Combined,Net Value Added,2432,Casting of Non-ferrous Metals,4-digit,89326,₹ lakhs
2008,2011-12,All India,Combined,Net Value Added,2511,Manufacture of Structural Metal Products,4-digit,972115,₹ lakhs
2008,2011-12,All India,Combined,Net Value Added,2599,Manufacture of Other Fabricated Metal Products N.e.c.,4-digit,650036,₹ lakhs
2008,2011-12,All India,Combined,Net Value Added,2710,"Manufacture of Electric Motors, Generators, Transformers and Electricity Distribution and Control Apparatus",4-digit,1742547,₹ lakhs
2008,2011-12,All India,Combined,Net Value Added,2732,Manufacture of Other Electronic and Electric Wires and Cables,4-digit,276280,₹ lakhs
2008,2011-12,All India,Combined,Net Value Added,2733,Manufacture of Wiring Devices,4-digit,205953,₹ lakhs
2008,2011-12,All India,Combined,Net Value Added,24,Manufacture of Basic Metals,2-digit,8657402,₹ lakhs
2008,2011-12,All India,Combined,Net Value Added,25,"Manufacture of Fabricated Metal Products, Except Machinery and Equipment",2-digit,3027893,₹ lakhs
2008,2011-12,All India,Combined,Net Value Added,27,Manufacture of Electrical Equipment,2-digit,3439110,₹ lakhs
2008,2011-12,All India,Combined,Net Value Added,30,Manufacture of Other Transport Equipment,2-digit,2047874,₹ lakhs
2008,2011-12,All India,Combined,Net Income,303,Manufacture of Air and Spacecraft and Related Machinery,3-digit,7907,₹ lakhs
2008,2011-12,All India,Combined,Net Income,2710,"Manufacture of Electric Motors, Generators, Transformers and Electricity Distribution and Control Apparatus",4-digit,1499026,₹ lakhs
2008,2011-12,All India,Combined,Net Income,2599,Manufacture of Other Fabricated Metal Products N.e.c.,4-digit,529365,₹ lakhs
2008,2011-12,All India,Combined,Net Income,2511,Manufacture of Structural Metal Products,4-digit,803977,₹ lakhs
2008,2011-12,All India,Combined,Net Income,30,Manufacture of Other Transport Equipment,2-digit,1826249,₹ lakhs
2008,2011-12,All India,Combined,Net Income,27,Manufacture of Electrical Equipment,2-digit,2680203,₹ lakhs
2008,2011-12,All India,Combined,Net Income,24,Manufacture of Basic Metals,2-digit,6247645,₹ lakhs
2008,2011-12,All India,Combined,Net Income,25,"Manufacture of Fabricated Metal Products, Except Machinery and Equipment",2-digit,2520629,₹ lakhs
2008,2011-12,All India,Combined,Net Income,3030,Manufacture of Air and Spacecraft and Related Machinery,4-digit,7907,₹ lakhs
2008,2011-12,All India,Combined,Net Income,2432,Casting of Non-ferrous Metals,4-digit,66519,₹ lakhs
2008,2011-12,All India,Combined,Net Income,2732,Manufacture of Other Electronic and Electric Wires and Cables,4-digit,180801,₹ lakhs
2008,2011-12,All India,Combined,Net Income,2733,Manufacture of Wiring Devices,4-digit,-2833,₹ lakhs
2008,2011-12,All India,Combined,Net Income,2420,Manufacture of Basic Precious and Other Non-ferrous Metals,4-digit,1102612,₹ lakhs
2008,2011-12,All India,Combined,Net Income,242,Manufacture of Basic Precious and Other Non-ferrous Metals,3-digit,1102612,₹ lakhs
2008,2011-12,All India,Combined,Net Income,243,Casting of Metals,3-digit,705633,₹ lakhs
2008,2011-12,All India,Combined,Net Income,251,"Manufacture of Structural Metal Products, Tanks, Reservoirs and Steam Generators",3-digit,1559127,₹ lakhs
2008,2011-12,All India,Combined,Net Income,259,Manufacture of Other Fabricated Metal Products; Metalworking Service Activities,3-digit,975748,₹ lakhs
2008,2011-12,All India,Combined,Net Income,271,"Manufacture of Electric Motors, Generators, Transformers and Electricity Distribution and Control Apparatus",3-digit,1499026,₹ lakhs
2008,2011-12,All India,Combined,Net Income,273,Manufacture of Wiring and Wiring Devices,3-digit,163913,₹ lakhs
2008,2011-12,All India,Combined,Net Profit,2733,Manufacture of Wiring Devices,4-digit,-60714,₹ lakhs
2008,2011-12,All India,Combined,Net Profit,273,Manufacture of Wiring and Wiring Devices,3-digit,-15956,₹ lakhs
2008,2011-12,All India,Combined,Net Profit,303,Manufacture of Air and Spacecraft and Related Machinery,3-digit,-7177,₹ lakhs
2008,2011-12,All India,Combined,Net Profit,2511,Manufacture of Structural Metal Products,4-digit,518662,₹ lakhs
2008,2011-12,All India,Combined,Net Profit,2432,Casting of Non-ferrous Metals,4-digit,22691,₹ lakhs
2008,2011-12,All India,Combined,Net Profit,2420,Manufacture of Basic Precious and Other Non-ferrous Metals,4-digit,711866,₹ lakhs
2008,2011-12,All India,Combined,Net Profit,259,Manufacture of Other Fabricated Metal Products; Metalworking Service Activities,3-digit,382529,₹ lakhs
2008,2011-12,All India,Combined,Net Profit,251,"Manufacture of Structural Metal Products, Tanks, Reservoirs and Steam Generators",3-digit,935116,₹ lakhs
2008,2011-12,All India,Combined,Net Profit,243,Casting of Metals,3-digit,284372,₹ lakhs
2008,2011-12,All India,Combined,Net Profit,242,Manufacture of Basic Precious and Other Non-ferrous Metals,3-digit,711866,₹ lakhs
2008,2011-12,All India,Combined,Net Profit,27,Manufacture of Electrical Equipment,2-digit,1426970,₹ lakhs
2008,2011-12,All India,Combined,Net Profit,30,Manufacture of Other Transport Equipment,2-digit,1195684,₹ lakhs
2008,2011-12,All India,Combined,Net Profit,25,"Manufacture of Fabricated Metal Products, Except Machinery and Equipment",2-digit,1293895,₹ lakhs
2008,2011-12,All India,Combined,Net Profit,2732,Manufacture of Other Electronic and Electric Wires and Cables,4-digit,98665,₹ lakhs
2008,2011-12,All India,Combined,Net Profit,3030,Manufacture of Air and Spacecraft and Related Machinery,4-digit,-7177,₹ lakhs
2008,2011-12,All India,Combined,Net Profit,24,Manufacture of Basic Metals,2-digit,3521883,₹ lakhs
2008,2011-12,All India,Combined,Net Profit,2710,"Manufacture of Electric Motors, Generators, Transformers and Electricity Distribution and Control Apparatus",4-digit,825535,₹ lakhs
2008,2011-12,All India,Combined,Net Profit,2599,Manufacture of Other Fabricated Metal Products N.e.c.,4-digit,209884,₹ lakhs
2008,2011-12,All India,Combined,Net Profit,271,"Manufacture of Electric Motors, Generators, Transformers and Electricity Distribution and Control Apparatus",3-digit,825535,₹ lakhs
2008,2011-12,All India,Combined,Total Number of Persons Engaged,2511,Manufacture of Structural Metal Products,4-digit,168308,-
2008,2011-12,All India,Combined,Total Number of Persons Engaged,2733,Manufacture of Wiring Devices,4-digit,32861,-
2008,2011-12,All India,Combined,Total Number of Persons Engaged,3030,Manufacture of Air and Spacecraft and Related Machinery,4-digit,6022,-
2008,2011-12,All India,Combined,Total Number of Persons Engaged,2732,Manufacture of Other Electronic and Electric Wires and Cables,4-digit,42629,-
2008,2011-12,All India,Combined,Total Number of Persons Engaged,2710,"Manufacture of Electric Motors, Generators, Transformers and Electricity Distribution and Control Apparatus",4-digit,218563,-
2008,2011-12,All India,Combined,Total Number of Persons Engaged,2599,Manufacture of Other Fabricated Metal Products N.e.c.,4-digit,213703,-
2008,2011-12,All India,Combined,Total Number of Persons Engaged,30,Manufacture of Other Transport Equipment,2-digit,288479,-
2008,2011-12,All India,Combined,Total Number of Persons Engaged,27,Manufacture of Electrical Equipment,2-digit,519054,-
2008,2011-12,All India,Combined,Total Number of Persons Engaged,25,"Manufacture of Fabricated Metal Products, Except Machinery and Equipment",2-digit,668421,-
2008,2011-12,All India,Combined,Total Number of Persons Engaged,24,Manufacture of Basic Metals,2-digit,1090193,-
2008,2011-12,All India,Combined,Total Number of Persons Engaged,2432,Casting of Non-ferrous Metals,4-digit,29192,-
2008,2011-12,All India,Combined,Total Number of Persons Engaged,2420,Manufacture of Basic Precious and Other Non-ferrous Metals,4-digit,122512,-
2008,2011-12,All India,Combined,Total Number of Persons Engaged,303,Manufacture of Air and Spacecraft and Related Machinery,3-digit,6022,-
2008,2011-12,All India,Combined,Total Number of Persons Engaged,273,Manufacture of Wiring and Wiring Devices,3-digit,91928,-
2008,2011-12,All India,Combined,Total Number of Persons Engaged,271,"Manufacture of Electric Motors, Generators, Transformers and Electricity Distribution and Control Apparatus",3-digit,218563,-
2008,2011-12,All India,Combined,Total Number of Persons Engaged,259,Manufacture of Other Fabricated Metal Products; Metalworking Service Activities,3-digit,383352,-
2008,2011-12,All India,Combined,Total Number of Persons Engaged,251,"Manufacture of Structural Metal Products, Tanks, Reservoirs and Steam Generators",3-digit,280739,-
2008,2011-12,All India,Combined,Total Number of Persons Engaged,243,Casting of Metals,3-digit,252847,-
2008,2011-12,All India,Combined,Total Number of Persons Engaged,242,Manufacture of Basic Precious and Other Non-ferrous Metals,3-digit,122512,-
2008,2011-12,All India,Combined,Total Number of Workers,2420,Manufacture of Basic Precious and Other Non-ferrous Metals,4-digit,92527,-
2008,2011-12,All India,Combined,Total Number of Workers,24,Manufacture of Basic Metals,2-digit,822728,-
2008,2011-12,All India,Combined,Total Number of Workers,25,"Manufacture of Fabricated Metal Products, Except Machinery and Equipment",2-digit,522394,-
2008,2011-12,All India,Combined,Total Number of Workers,27,Manufacture of Electrical Equipment,2-digit,372738,-
2008,2011-12,All India,Combined,Total Number of Workers,251,"Manufacture of Structural Metal Products, Tanks, Reservoirs and Steam Generators",3-digit,218215,-
2008,2011-12,All India,Combined,Total Number of Workers,30,Manufacture of Other Transport Equipment,2-digit,231010,-
2008,2011-12,All India,Combined,Total Number of Workers,243,Casting of Metals,3-digit,195196,-
2008,2011-12,All India,Combined,Total Number of Workers,242,Manufacture of Basic Precious and Other Non-ferrous Metals,3-digit,92527,-
2008,2011-12,All India,Combined,Total Number of Workers,273,Manufacture of Wiring and Wiring Devices,3-digit,68383,-
2008,2011-12,All India,Combined,Total Number of Workers,259,Manufacture of Other Fabricated Metal Products; Metalworking Service Activities,3-digit,301499,-
2008,2011-12,All India,Combined,Total Number of Workers,303,Manufacture of Air and Spacecraft and Related Machinery,3-digit,4249,-
2008,2011-12,All India,Combined,Total Number of Workers,271,"Manufacture of Electric Motors, Generators, Transformers and Electricity Distribution and Control Apparatus",3-digit,148653,-
2008,2011-12,All India,Combined,Total Number of Workers,3030,Manufacture of Air and Spacecraft and Related Machinery,4-digit,4249,-
2008,2011-12,All India,Combined,Total Number of Workers,2733,Manufacture of Wiring Devices,4-digit,24835,-
2008,2011-12,All India,Combined,Total Number of Workers,2732,Manufacture of Other Electronic and Electric Wires and Cables,4-digit,31542,-
2008,2011-12,All India,Combined,Total Number of Workers,2710,"Manufacture of Electric Motors, Generators, Transformers and Electricity Distribution and Control Apparatus",4-digit,148653,-
2008,2011-12,All India,Combined,Total Number of Workers,2599,Manufacture of Other Fabricated Metal Products N.e.c.,4-digit,169574,-
2008,2011-12,All India,Combined,Total Number of Workers,2511,Manufacture of Structural Metal Products,4-digit,132699,-
2008,2011-12,All India,Combined,Total Number of Workers,2432,Casting of Non-ferrous Metals,4-digit,22741,-
2008,2011-12,All India,Combined,No. of Directly Employed  Workers,303,Manufacture of Air and Spacecraft and Related Machinery,3-digit,2935,-
2008,2011-12,All India,Combined,No. of Directly Employed  Workers,2420,Manufacture of Basic Precious and Other Non-ferrous Metals,4-digit,55299,-
2008,2011-12,All India,Combined,No. of Directly Employed  Workers,2432,Casting of Non-ferrous Metals,4-digit,12827,-
2008,2011-12,All India,Combined,No. of Directly Employed  Workers,2511,Manufacture of Structural Metal Products,4-digit,62287,-
2008,2011-12,All India,Combined,No. of Directly Employed  Workers,273,Manufacture of Wiring and Wiring Devices,3-digit,40736,-
2008,2011-12,All India,Combined,No. of Directly Employed  Workers,259,Manufacture of Other Fabricated Metal Products; Metalworking Service Activities,3-digit,187748,-
2008,2011-12,All India,Combined,No. of Directly Employed  Workers,251,"Manufacture of Structural Metal Products, Tanks, Reservoirs and Steam Generators",3-digit,100846,-
2008,2011-12,All India,Combined,No. of Directly Employed  Workers,243,Casting of Metals,3-digit,114233,-
2008,2011-12,All India,Combined,No. of Directly Employed  Workers,242,Manufacture of Basic Precious and Other Non-ferrous Metals,3-digit,55299,-
2008,2011-12,All India,Combined,No. of Directly Employed  Workers,271,"Manufacture of Electric Motors, Generators, Transformers and Electricity Distribution and Control Apparatus",3-digit,94217,-
2008,2011-12,All India,Combined,No. of Directly Employed  Workers,30,Manufacture of Other Transport Equipment,2-digit,119831,-
2008,2011-12,All India,Combined,No. of Directly Employed  Workers,27,Manufacture of Electrical Equipment,2-digit,233107,-
2008,2011-12,All India,Combined,No. of Directly Employed  Workers,25,"Manufacture of Fabricated Metal Products, Except Machinery and Equipment",2-digit,290548,-
2008,2011-12,All India,Combined,No. of Directly Employed  Workers,2710,"Manufacture of Electric Motors, Generators, Transformers and Electricity Distribution and Control Apparatus",4-digit,94217,-
2008,2011-12,All India,Combined,No. of Directly Employed  Workers,2732,Manufacture of Other Electronic and Electric Wires and Cables,4-digit,19764,-
2008,2011-12,All India,Combined,No. of Directly Employed  Workers,2733,Manufacture of Wiring Devices,4-digit,15042,-
2008,2011-12,All India,Combined,No. of Directly Employed  Workers,3030,Manufacture of Air and Spacecraft and Related Machinery,4-digit,2935,-
2008,2011-12,All India,Combined,No. of Directly Employed  Workers,24,Manufacture of Basic Metals,2-digit,458852,-
2008,2011-12,All India,Combined,No. of Directly Employed  Workers,2599,Manufacture of Other Fabricated Metal Products N.e.c.,4-digit,95031,-
2008,2011-12,All India,Combined,No. of Workers employed Through Contractors,2420,Manufacture of Basic Precious and Other Non-ferrous Metals,4-digit,37228,-
2008,2011-12,All India,Combined,No. of Workers employed Through Contractors,24,Manufacture of Basic Metals,2-digit,363876,-
2008,2011-12,All India,Combined,No. of Workers employed Through Contractors,273,Manufacture of Wiring and Wiring Devices,3-digit,27648,-
2008,2011-12,All India,Combined,No. of Workers employed Through Contractors,2733,Manufacture of Wiring Devices,4-digit,9794,-
2008,2011-12,All India,Combined,No. of Workers employed Through Contractors,303,Manufacture of Air and Spacecraft and Related Machinery,3-digit,1314,-
2008,2011-12,All India,Combined,No. of Workers employed Through Contractors,25,"Manufacture of Fabricated Metal Products, Except Machinery and Equipment",2-digit,231846,-
2008,2011-12,All India,Combined,No. of Workers employed Through Contractors,271,"Manufacture of Electric Motors, Generators, Transformers and Electricity Distribution and Control Apparatus",3-digit,54436,-
2008,2011-12,All India,Combined,No. of Workers employed Through Contractors,2732,Manufacture of Other Electronic and Electric Wires and Cables,4-digit,11778,-
2008,2011-12,All India,Combined,No. of Workers employed Through Contractors,3030,Manufacture of Air and Spacecraft and Related Machinery,4-digit,1314,-
2008,2011-12,All India,Combined,No. of Workers employed Through Contractors,2710,"Manufacture of Electric Motors, Generators, Transformers and Electricity Distribution and Control Apparatus",4-digit,54436,-
2008,2011-12,All India,Combined,No. of Workers employed Through Contractors,251,"Manufacture of Structural Metal Products, Tanks, Reservoirs and Steam Generators",3-digit,117369,-
2008,2011-12,All India,Combined,No. of Workers employed Through Contractors,243,Casting of Metals,3-digit,80964,-
2008,2011-12,All India,Combined,No. of Workers employed Through Contractors,242,Manufacture of Basic Precious and Other Non-ferrous Metals,3-digit,37228,-
2008,2011-12,All India,Combined,No. of Workers employed Through Contractors,2599,Manufacture of Other Fabricated Metal Products N.e.c.,4-digit,74543,-
2008,2011-12,All India,Combined,No. of Workers employed Through Contractors,2511,Manufacture of Structural Metal Products,4-digit,70411,-
2008,2011-12,All India,Combined,No. of Workers employed Through Contractors,27,Manufacture of Electrical Equipment,2-digit,139631,-
2008,2011-12,All India,Combined,No. of Workers employed Through Contractors,30,Manufacture of Other Transport Equipment,2-digit,111179,-
2008,2011-12,All India,Combined,No. of Workers employed Through Contractors,259,Manufacture of Other Fabricated Metal Products; Metalworking Service Activities,3-digit,113751,-
2008,2011-12,All India,Combined,No. of Workers employed Through Contractors,2432,Casting of Non-ferrous Metals,4-digit,9914,-
2008,2011-12,All India,Combined,No. of Employees Other Than Workers,243,Casting of Metals,3-digit,54520,-
2008,2011-12,All India,Combined,No. of Employees Other Than Workers,259,Manufacture of Other Fabricated Metal Products; Metalworking Service Activities,3-digit,78907,-
2008,2011-12,All India,Combined,No. of Employees Other Than Workers,271,"Manufacture of Electric Motors, Generators, Transformers and Electricity Distribution and Control Apparatus",3-digit,69501,-
2008,2011-12,All India,Combined,No. of Employees Other Than Workers,2732,Manufacture of Other Electronic and Electric Wires and Cables,4-digit,10321,-
2008,2011-12,All India,Combined,No. of Employees Other Than Workers,2733,Manufacture of Wiring Devices,4-digit,7957,-
2008,2011-12,All India,Combined,No. of Employees Other Than Workers,25,"Manufacture of Fabricated Metal Products, Except Machinery and Equipment",2-digit,141734,-
2008,2011-12,All India,Combined,No. of Employees Other Than Workers,30,Manufacture of Other Transport Equipment,2-digit,56681,-
2008,2011-12,All India,Combined,No. of Employees Other Than Workers,2420,Manufacture of Basic Precious and Other Non-ferrous Metals,4-digit,29108,-
2008,2011-12,All India,Combined,No. of Employees Other Than Workers,3030,Manufacture of Air and Spacecraft and Related Machinery,4-digit,1762,-
2008,2011-12,All India,Combined,No. of Employees Other Than Workers,242,Manufacture of Basic Precious and Other Non-ferrous Metals,3-digit,29108,-
2008,2011-12,All India,Combined,No. of Employees Other Than Workers,273,Manufacture of Wiring and Wiring Devices,3-digit,22405,-
2008,2011-12,All India,Combined,No. of Employees Other Than Workers,2432,Casting of Non-ferrous Metals,4-digit,6324,-
2008,2011-12,All India,Combined,No. of Employees Other Than Workers,2511,Manufacture of Structural Metal Products,4-digit,34643,-
2008,2011-12,All India,Combined,No. of Employees Other Than Workers,2599,Manufacture of Other Fabricated Metal Products N.e.c.,4-digit,42211,-
2008,2011-12,All India,Combined,No. of Employees Other Than Workers,2710,"Manufacture of Electric Motors, Generators, Transformers and Electricity Distribution and Control Apparatus",4-digit,69501,-
2008,2011-12,All India,Combined,No. of Employees Other Than Workers,303,Manufacture of Air and Spacecraft and Related Machinery,3-digit,1762,-
2008,2011-12,All India,Combined,No. of Employees Other Than Workers,27,Manufacture of Electrical Equipment,2-digit,143050,-
2008,2011-12,All India,Combined,No. of Employees Other Than Workers,24,Manufacture of Basic Metals,2-digit,261855,-
2008,2011-12,All India,Combined,No. of Employees Other Than Workers,251,"Manufacture of Structural Metal Products, Tanks, Reservoirs and Steam Generators",3-digit,61232,-
2008,2011-12,All India,Combined,No. of Employees Other Than Workers -Supervisory and Managerial,2733,Manufacture of Wiring Devices,4-digit,3563,-
2008,2011-12,All India,Combined,No. of Employees Other Than Workers -Supervisory and Managerial,30,Manufacture of Other Transport Equipment,2-digit,30751,-
2008,2011-12,All India,Combined,No. of Employees Other Than Workers -Supervisory and Managerial,27,Manufacture of Electrical Equipment,2-digit,65297,-
2008,2011-12,All India,Combined,No. of Employees Other Than Workers -Supervisory and Managerial,25,"Manufacture of Fabricated Metal Products, Except Machinery and Equipment",2-digit,68645,-
2008,2011-12,All India,Combined,No. of Employees Other Than Workers -Supervisory and Managerial,24,Manufacture of Basic Metals,2-digit,140255,-
2008,2011-12,All India,Combined,No. of Employees Other Than Workers -Supervisory and Managerial,2420,Manufacture of Basic Precious and Other Non-ferrous Metals,4-digit,14542,-
2008,2011-12,All India,Combined,No. of Employees Other Than Workers -Supervisory and Managerial,2432,Casting of Non-ferrous Metals,4-digit,2805,-
2008,2011-12,All India,Combined,No. of Employees Other Than Workers -Supervisory and Managerial,2511,Manufacture of Structural Metal Products,4-digit,15883,-
2008,2011-12,All India,Combined,No. of Employees Other Than Workers -Supervisory and Managerial,2599,Manufacture of Other Fabricated Metal Products N.e.c.,4-digit,20998,-
2008,2011-12,All India,Combined,No. of Employees Other Than Workers -Supervisory and Managerial,2710,"Manufacture of Electric Motors, Generators, Transformers and Electricity Distribution and Control Apparatus",4-digit,30902,-
2008,2011-12,All India,Combined,No. of Employees Other Than Workers -Supervisory and Managerial,2732,Manufacture of Other Electronic and Electric Wires and Cables,4-digit,4883,-
2008,2011-12,All India,Combined,No. of Employees Other Than Workers -Supervisory and Managerial,3030,Manufacture of Air and Spacecraft and Related Machinery,4-digit,1310,-
2008,2011-12,All India,Combined,No. of Employees Other Than Workers -Supervisory and Managerial,242,Manufacture of Basic Precious and Other Non-ferrous Metals,3-digit,14542,-
2008,2011-12,All India,Combined,No. of Employees Other Than Workers -Supervisory and Managerial,303,Manufacture of Air and Spacecraft and Related Machinery,3-digit,1310,-
2008,2011-12,All India,Combined,No. of Employees Other Than Workers -Supervisory and Managerial,273,Manufacture of Wiring and Wiring Devices,3-digit,10539,-
2008,2011-12,All India,Combined,No. of Employees Other Than Workers -Supervisory and Managerial,271,"Manufacture of Electric Motors, Generators, Transformers and Electricity Distribution and Control Apparatus",3-digit,30902,-
2008,2011-12,All India,Combined,No. of Employees Other Than Workers -Supervisory and Managerial,259,Manufacture of Other Fabricated Metal Products; Metalworking Service Activities,3-digit,38380,-
2008,2011-12,All India,Combined,No. of Employees Other Than Workers -Supervisory and Managerial,251,"Manufacture of Structural Metal Products, Tanks, Reservoirs and Steam Generators",3-digit,29185,-
2008,2011-12,All India,Combined,No. of Employees Other Than Workers -Supervisory and Managerial,243,Casting of Metals,3-digit,28185,-
2008,2011-12,All India,Combined,No. of Employees Other Than Workers -Other Employees,251,"Manufacture of Structural Metal Products, Tanks, Reservoirs and Steam Generators",3-digit,32047,-
2008,2011-12,All India,Combined,No. of Employees Other Than Workers -Other Employees,243,Casting of Metals,3-digit,26335,-
2008,2011-12,All India,Combined,No. of Employees Other Than Workers -Other Employees,242,Manufacture of Basic Precious and Other Non-ferrous Metals,3-digit,14566,-
2008,2011-12,All India,Combined,No. of Employees Other Than Workers -Other Employees,27,Manufacture of Electrical Equipment,2-digit,77753,-
2008,2011-12,All India,Combined,No. of Employees Other Than Workers -Other Employees,30,Manufacture of Other Transport Equipment,2-digit,25930,-
2008,2011-12,All India,Combined,No. of Employees Other Than Workers -Other Employees,2420,Manufacture of Basic Precious and Other Non-ferrous Metals,4-digit,14566,-
2008,2011-12,All India,Combined,No. of Employees Other Than Workers -Other Employees,2432,Casting of Non-ferrous Metals,4-digit,3519,-
2008,2011-12,All India,Combined,No. of Employees Other Than Workers -Other Employees,2511,Manufacture of Structural Metal Products,4-digit,18760,-
2008,2011-12,All India,Combined,No. of Employees Other Than Workers -Other Employees,24,Manufacture of Basic Metals,2-digit,121600,-
2008,2011-12,All India,Combined,No. of Employees Other Than Workers -Other Employees,271,"Manufacture of Electric Motors, Generators, Transformers and Electricity Distribution and Control Apparatus",3-digit,38599,-
2008,2011-12,All India,Combined,No. of Employees Other Than Workers -Other Employees,273,Manufacture of Wiring and Wiring Devices,3-digit,11866,-
2008,2011-12,All India,Combined,No. of Employees Other Than Workers -Other Employees,25,"Manufacture of Fabricated Metal Products, Except Machinery and Equipment",2-digit,73089,-
2008,2011-12,All India,Combined,No. of Employees Other Than Workers -Other Employees,3030,Manufacture of Air and Spacecraft and Related Machinery,4-digit,452,-
2008,2011-12,All India,Combined,No. of Employees Other Than Workers -Other Employees,2733,Manufacture of Wiring Devices,4-digit,4394,-
2008,2011-12,All India,Combined,No. of Employees Other Than Workers -Other Employees,2732,Manufacture of Other Electronic and Electric Wires and Cables,4-digit,5438,-
2008,2011-12,All India,Combined,No. of Employees Other Than Workers -Other Employees,2710,"Manufacture of Electric Motors, Generators, Transformers and Electricity Distribution and Control Apparatus",4-digit,38599,-
2008,2011-12,All India,Combined,No. of Employees Other Than Workers -Other Employees,2599,Manufacture of Other Fabricated Metal Products N.e.c.,4-digit,21213,-
2008,2011-12,All India,Combined,No. of Employees Other Than Workers -Other Employees,303,Manufacture of Air and Spacecraft and Related Machinery,3-digit,452,-
2008,2011-12,All India,Combined,No. of Employees Other Than Workers -Other Employees,259,Manufacture of Other Fabricated Metal Products; Metalworking Service Activities,3-digit,40527,-
2008,2011-12,All India,Combined,Unpaid family members-proprietor etc,2733,Manufacture of Wiring Devices,4-digit,69,-
2008,2011-12,All India,Combined,Unpaid family members-proprietor etc,2710,"Manufacture of Electric Motors, Generators, Transformers and Electricity Distribution and Control Apparatus",4-digit,409,-
2008,2011-12,All India,Combined,Unpaid family members-proprietor etc,2732,Manufacture of Other Electronic and Electric Wires and Cables,4-digit,766,-
2008,2011-12,All India,Combined,Unpaid family members-proprietor etc,27,Manufacture of Electrical Equipment,2-digit,3266,-
2008,2011-12,All India,Combined,Unpaid family members-proprietor etc,30,Manufacture of Other Transport Equipment,2-digit,788,-
2008,2011-12,All India,Combined,Unpaid family members-proprietor etc,25,"Manufacture of Fabricated Metal Products, Except Machinery and Equipment",2-digit,4293,-
2008,2011-12,All India,Combined,Unpaid family members-proprietor etc,3030,Manufacture of Air and Spacecraft and Related Machinery,4-digit,11,-
2008,2011-12,All India,Combined,Unpaid family members-proprietor etc,24,Manufacture of Basic Metals,2-digit,5611,-
2008,2011-12,All India,Combined,Unpaid family members-proprietor etc,2599,Manufacture of Other Fabricated Metal Products N.e.c.,4-digit,1918,-
2008,2011-12,All India,Combined,Unpaid family members-proprietor etc,2511,Manufacture of Structural Metal Products,4-digit,965,-
2008,2011-12,All India,Combined,Unpaid family members-proprietor etc,2432,Casting of Non-ferrous Metals,4-digit,127,-
2008,2011-12,All India,Combined,Unpaid family members-proprietor etc,2420,Manufacture of Basic Precious and Other Non-ferrous Metals,4-digit,876,-
2008,2011-12,All India,Combined,Unpaid family members-proprietor etc,303,Manufacture of Air and Spacecraft and Related Machinery,3-digit,11,-
2008,2011-12,All India,Combined,Unpaid family members-proprietor etc,242,Manufacture of Basic Precious and Other Non-ferrous Metals,3-digit,876,-
2008,2011-12,All India,Combined,Unpaid family members-proprietor etc,243,Casting of Metals,3-digit,3131,-
2008,2011-12,All India,Combined,Unpaid family members-proprietor etc,251,"Manufacture of Structural Metal Products, Tanks, Reservoirs and Steam Generators",3-digit,1292,-
2008,2011-12,All India,Combined,Unpaid family members-proprietor etc,259,Manufacture of Other Fabricated Metal Products; Metalworking Service Activities,3-digit,2946,-
2008,2011-12,All India,Combined,Unpaid family members-proprietor etc,271,"Manufacture of Electric Motors, Generators, Transformers and Electricity Distribution and Control Apparatus",3-digit,409,-
2008,2011-12,All India,Combined,Unpaid family members-proprietor etc,273,Manufacture of Wiring and Wiring Devices,3-digit,1140,-
2008,2011-12,All India,Combined,Wages and Salaries,30,Manufacture of Other Transport Equipment,2-digit,528123,₹ lakhs
2008,2011-12,All India,Combined,Wages and Salaries,2420,Manufacture of Basic Precious and Other Non-ferrous Metals,4-digit,313145,₹ lakhs
2008,2011-12,All India,Combined,Wages and Salaries,2432,Casting of Non-ferrous Metals,4-digit,37690,₹ lakhs
2008,2011-12,All India,Combined,Wages and Salaries,2511,Manufacture of Structural Metal Products,4-digit,250427,₹ lakhs
2008,2011-12,All India,Combined,Wages and Salaries,2599,Manufacture of Other Fabricated Metal Products N.e.c.,4-digit,274130,₹ lakhs
2008,2011-12,All India,Combined,Wages and Salaries,303,Manufacture of Air and Spacecraft and Related Machinery,3-digit,12923,₹ lakhs
2008,2011-12,All India,Combined,Wages and Salaries,273,Manufacture of Wiring and Wiring Devices,3-digit,149709,₹ lakhs
2008,2011-12,All India,Combined,Wages and Salaries,271,"Manufacture of Electric Motors, Generators, Transformers and Electricity Distribution and Control Apparatus",3-digit,540648,₹ lakhs
2008,2011-12,All India,Combined,Wages and Salaries,259,Manufacture of Other Fabricated Metal Products; Metalworking Service Activities,3-digit,502722,₹ lakhs
2008,2011-12,All India,Combined,Wages and Salaries,2733,Manufacture of Wiring Devices,4-digit,47939,₹ lakhs
2008,2011-12,All India,Combined,Wages and Salaries,2710,"Manufacture of Electric Motors, Generators, Transformers and Electricity Distribution and Control Apparatus",4-digit,540648,₹ lakhs
2008,2011-12,All India,Combined,Wages and Salaries,2732,Manufacture of Other Electronic and Electric Wires and Cables,4-digit,68212,₹ lakhs
2008,2011-12,All India,Combined,Wages and Salaries,3030,Manufacture of Air and Spacecraft and Related Machinery,4-digit,12923,₹ lakhs
2008,2011-12,All India,Combined,Wages and Salaries,251,"Manufacture of Structural Metal Products, Tanks, Reservoirs and Steam Generators",3-digit,529284,₹ lakhs
2008,2011-12,All India,Combined,Wages and Salaries,243,Casting of Metals,3-digit,352474,₹ lakhs
2008,2011-12,All India,Combined,Wages and Salaries,242,Manufacture of Basic Precious and Other Non-ferrous Metals,3-digit,313145,₹ lakhs
2008,2011-12,All India,Combined,Wages and Salaries,24,Manufacture of Basic Metals,2-digit,2263142,₹ lakhs
2008,2011-12,All India,Combined,Wages and Salaries,25,"Manufacture of Fabricated Metal Products, Except Machinery and Equipment",2-digit,1040101,₹ lakhs
2008,2011-12,All India,Combined,Wages and Salaries,27,Manufacture of Electrical Equipment,2-digit,1017246,₹ lakhs
